ingredient,allergens
almond,nut allergy
apple,oral allergy syndrome
apricot,stone fruit allergy
artichoke,insulin allergy
asparagus,allium allergy
avocado,oral allergy syndrome
bamboo shoot,histamine allergy
banana,banana allergy
barley,gluten allergy
bean,legume allergy
blackberry,salicylate allergy
black-eyed bean,legume allergy
blueberry,salicylate allergy
bonito,histamine allergy
broad bean,legume allergy
broccoli,broccoli allergy
brussels sprouts,cruciferous allergy
buckwheat,gluten allergy
burdock,ragweed allergy
butter,milk allergy / lactose intolerance
butter bean,legume allergy
buttermilk,milk allergy / lactose intolerance
button mushroom,mushroom allergy
cabbage,cruciferous allergy
cacao bean,uncategorized
canola oil,uncategorized
carrot,hypersensitivity
casein,milk allergy / lactose intolerance
cattle,alpha-gal syndrome
cauliflower,cruciferous allergy
celery,hypersensitivity
cheese,milk allergy / lactose intolerance
cherry,stone fruit allergy
chestnut,nut allergy
chicken,poultry allergy
chicory,insulin allergy
chinese cabbage,cruciferous allergy
coconut oil,uncategorized
coffee bean,ochratoxin allergy
corn,corn allergy
corn oil,uncategorized
cotton seed,seed allergy
cranberry,salicylate allergy
cream,milk allergy / lactose intolerance
crustaceans,shellfish allergy
cucumber,uncategorized
custard,milk allergy / lactose intolerance
date,oral allergy syndrome
deer,alpha-gal syndrome
duck,poultry allergy
eel,fish allergy
egg plant,nightshade allergy
eggs,poultry allergy
endive,insulin allergy
fructose,sugar allergy / intolerance
garlic,allium allergy
ghrkin,uncategorized
ginger,histamine allergy
ginkgo nut,nut allergy
globfish,fish allergy
glucose,sugar allergy / intolerance
goat,alpha-gal syndrome
grape,ltp allergy
grapefruit,citrus allergy
grapeseed oil,uncategorized
green soybean,legume allergy
groundnut oil,uncategorized
guava,oral allergy syndrome
honey,honey allergy
hop,beer allergy
horse,alpha-gal syndrome
horse mackerel,fish allergy
horseradish,cruciferous allergy
huckleberry,salicylate allergy
ice cream,milk allergy / lactose intolerance
japanese pear,oral allergy syndrome
japanese persimmon,uncategorized
japanese plum,stone fruit allergy
kale,cruciferous allergy
kidney bean,legume allergy
kiwi,oral allergy syndrome
konjac,potato allergy
kyona,cruciferous allergy
lactose,lactose intolerance
leek,allium allergy
lemon,citrus allergy
lentil,legume allergy
lettuce,ltp allergy
lima bean,legume allergy
lime,citrus allergy
loquat,oral allergy syndrome
mackerel,fish allergy
makuwauri  melon,uncategorized
mango,oral allergy syndrome
melons,uncategorized
milk,milk allergy / lactose intolerance
mineral water,aquagenic urticaria
mitsuba,hypersensitivity
mume plum,stone fruit allergy
mustard oil,uncategorized
mustard spinach,cruciferous allergy
nectarine,stone fruit allergy
nira,allium allergy
okra,histamine allergy
olive oil,uncategorized
onion,allium allergy
orange,citrus allergy
orange pulp,citrus allergy
papaya,oral allergy syndrome
parsley,hypersensitivity
parsnip,hypersensitivity
passion fruit,oral allergy syndrome
peach,stone fruit allergy
peanut,peanut allergy
pear,oral allergy syndrome
peas,legume allergy
pecan,nut allergy
pegia,legume allergy
peppermint,mint allergy
percifomes,fish allergy
pig,alpha-gal syndrome
pineapple,oral allergy syndrome
popcorn,corn allergy
potato,potato allergy
prune,stone fruit allergy
pumpkin,uncategorized
qing-geng-cai,cruciferous allergy
quince,oral allergy syndrome
radish leaf,uncategorized
radish root,hypersensitivity
rapeseed,seed allergy
raspberry,salicylate allergy
rice,rice allergy
ricebran oil,uncategorized
royal jelly,honey allergy
rye,gluten allergy
safflower seed,seed allergy
salmon,fish allergy
salsify,insulin allergy
sansho,pepper allergy
sea bass,fish allergy
sea bream,fish allergy
sesame seed,seed allergy
shallot,allium allergy
sheep,alpha-gal syndrome
shelled mollusc,fish allergy
shiitake  mushroom,mushroom allergy
shungiku,insulin allergy
sour cream,milk allergy / lactose intolerance
soybean,soy allergy
spearmint,mint allergy
spinach,histamine allergy
squash,uncategorized
strawberry,salicylate allergy
sugar,sugar allergy / intolerance
sugar beet,sugar allergy / intolerance
sugarcane,sugar allergy / intolerance
sultani,legume allergy
sultapya,legume allergy
sunflower oil,uncategorized
sunflower seed,seed allergy
sweet corn,corn allergy
sweet pepper,nightshade allergy
sweet potato,potato allergy
taro,potato allergy
tea,tannin allergy
tetraodontiformes,fish allergy
tomato,nightshade allergy
trout,fish allergy
tuna,fish allergy
turkey,poultry allergy
turnip leaf,uncategorized
turnip root,thyroid
vegetable oil,uncategorized
walnut,nut allergy
water melon,uncategorized
watercress,uncategorized
welsh,allium allergy
wheat,gluten allergy
whey,milk allergy / lactose intolerance
white bean,legume allergy
yam,potato allergy
yogurt,milk allergy / lactose intolerance
almond cookies,"almonds, wheat, dairy"
chicken noodle soup,"chicken, wheat, celery"
cheddar cheese,dairy
ranch dressing,dairy
caramel popcorn,dairy
caesar salad,dairy
caesar wrap,dairy
strawberry smoothie,dairy
cheese pizza,dairy
margherita pizza,dairy
mashed potatoes,dairy
greek yogurt,dairy
caesar salad wrap,dairy
caprese salad,dairy
berry smoothie,dairy
berry parfait,dairy
chicken alfredo,dairy
pesto pizza,dairy
beef stroganoff,dairy
banana smoothie,dairy
watermelon salad,dairy
chicken parmesan,dairy
mango lassi,dairy
greek salad,dairy
butternut squash soup,dairy
margherita pasta,dairy
greek gyro wrap,dairy
spinach and feta stuffed chicken,dairy
chicken fettuccine alfredo,dairy
caprese sandwich,dairy
mushroom risotto,dairy
greek yogurt parfait,dairy
eggplant parmesan,dairy
banana pudding,dairy
chicken caesar wrap,dairy
greek spanakopita,dairy
mushroom soup,dairy
spinach artichoke dip,dairy
chocolate mousse,dairy
stuffed portobello mushrooms,dairy
tandoori chicken,dairy
baked garlic parmesan chicken,dairy
mushroom and goat cheese flatbread,dairy
pumpkin soup,dairy
caprese skewers,dairy
chicken piccata,dairy
stuffed mushrooms,dairy
butter chicken,dairy
palak paneer,dairy
rogan josh,dairy
paneer tikka,dairy
dal makhani,dairy
malai kofta,dairy
chicken tikka masala,dairy
gulab jamun,dairy
chicken korma,dairy
malai chicken tikka,dairy
dahi vada,dairy
chicken malai tikka,dairy
matar paneer,dairy
rasgulla,dairy
rabri,dairy
kheer,dairy
rasmalai,dairy
chicken caesar salad,"dairy, anchovies"
quiche lorraine,"dairy, eggs"
sweet potato casserole,"dairy, nuts"
baked brie,"dairy, nuts"
french onion soup,"dairy, wheat"
greek gyro,"dairy, wheat"
omelette,eggs
egg salad,eggs
quiche,"eggs, dairy"
egg salad sandwich,"eggs, mustard"
egg fried rice,"eggs, soybeans"
fish sticks,fish
baked salmon,fish
teriyaki salmon,fish
lemon dill salmon,fish
malabar fish curry,"fish, coconut"
baked cod,"fish, dairy"
tuna sandwich,"fish, eggs"
tuna salad,"fish, eggs"
sushi,"fish, soybeans"
sushi bowl,"fish, soybeans"
honey soy glazed salmon,"fish, soybeans"
milk chocolate,milk
vanilla ice cream,milk
vanilla yogurt,milk
strawberry yogurt,"milk, strawberries"
oatmeal,"oats, dairy"
chicken satay,peanuts
peanut butter,peanuts
pesto chicken,"pine nuts, dairy"
zucchini noodles with pesto,"pine nuts, dairy"
rice pudding,"rice, dairy"
shrimp scampi,shellfish
shrimp scampi pasta,shellfish
garlic shrimp,shellfish
lemon garlic shrimp,shellfish
prawn biryani,shellfish
lobster bisque,"shellfish, dairy"
caesar shrimp skewers,"shellfish, dairy"
prawn curry,"shellfish, dairy"
lobster roll,"shellfish, eggs"
bacon-wrapped shrimp,"shellfish, pork"
shrimp fried rice,"shellfish, soybeans"
soy milk,soybeans
tofu stir-fry,soybeans
miso soup,soybeans
tofu scramble,soybeans
chicken teriyaki,soybeans
teriyaki beef,soybeans
sushi rolls,"soybeans, fish"
wheat bread,wheat
zucchini bread,wheat
chicken noodle casserole,wheat
onion rings,wheat
chicken pot pie,wheat
grilled portobello mushroom burger,wheat
aloo paratha,wheat
oatmeal raisin cookies,"wheat, dairy"
pancakes,"wheat, dairy"
carrot cake,"wheat, dairy"
blueberry muffins,"wheat, dairy"
chocolate chip cookies,"wheat, dairy"
cinnamon rolls,"wheat, dairy"
pineapple upside-down cake,"wheat, dairy"
apple pie,"wheat, dairy"
banana bread,"wheat, dairy"
vanilla cupcakes,"wheat, dairy"
apple crisp,"wheat, dairy"
pasta carbonara,"wheat, dairy"
blueberry pancakes,"wheat, dairy"
lemon bars,"wheat, dairy"
pumpkin pie,"wheat, dairy"
mixed berry pie,"wheat, dairy"
garlic bread,"wheat, dairy"
berry cobbler,"wheat, dairy"
baked ziti,"wheat, dairy"
key lime pie,"wheat, dairy"
lemon poppy seed muffins,"wheat, dairy"
chicken quesadilla,"wheat, dairy"
pancake stack,"wheat, dairy"
strawberry shortcake,"wheat, dairy"
berry crumble,"wheat, dairy"
raspberry cheesecake,"wheat, dairy"
chicken enchiladas,"wheat, dairy"
s'mores,"wheat, dairy"
tiramisu,"wheat, dairy"
vegetable lasagna,"wheat, dairy"
chicken alfredo pizza,"wheat, dairy"
caesar pasta salad,"wheat, dairy"
baked apple,"wheat, dairy"
sausage and pepper pizza,"wheat, dairy"
beef wellington,"wheat, dairy"
jalebi,"wheat, dairy"
butter naan,"wheat, dairy"
chocolate cake,"wheat, dairy, cocoa"
chocolate chip pancakes,"wheat, dairy, cocoa"
pecan pie,"wheat, dairy, nuts"
hawaiian pizza,"wheat, pork, dairy"
pepperoni: pork,none
"cooked chicken meat (chicken meat, water, potato starch, sea salt)",none
xanthan gum and spices,none
almonds natural,tree nuts
"cheddar club cheese (cheddar cheese [pasteurized milk, cheese culture, salt, enzymes], water, salt, annatto color)",dairy
coconut carnauba plant wax (used for non-sticking),none
"(sugar ,glycerin ,,citric acid ,sunflower oil ,)cinnamon",none
"imported pecorino romano cheese (pasteurzied sheep's milk, salt, cheese culture, enzymes)",dairy
contains less than 2% natural vanilla flavor,none
mono & diglycerides salt,none
potassium bitartrate,none
contains less than 2%: corn syrup solids,none
"vegetable shortening (monounsaturated canola oil, palm oil, palm kernel oil)",none
cooked italian sausage [pork,none
"vegetable broth (water, carrots, onions, celery, salt, carrot juice concentrate, sugar, yeast extract, natural flavoring, potato flour, dehydrated carrots)",celery
stevia leaf (reb mand d),none
cookie dough extract,none
redskin potatoes,none
"filling ingredients: pre-cooked scrambled eggs (eggs, skim milk, soybean oil, corn starch, salt, xanthan gum, citric acid preservative, pasteurized process cheddar cheese blend with bacon (bacon [cured with: water, salt, sodium erythorbate, sodium nitrite. may contain: sugar, smoke flavoring, sodium phosphate], cheddar cheese [milk, cheese culture, salt, enzymes], water, sodium phosphate, food starch-modified, milkfat, sodium alginate, salt, lactic acid, sorbic acid preservative, artificial color)","eggs, dairy, soybeans"
"natural caramel flavor base (sugar, corn syrup, high fructose corn syrup, buttermilk, skim milk, butter, mono and diglycerides)",dairy
"romano cheese (pasteurized milk, culture, enzymes, salt)",dairy
"chocolate swirl(sugar, water, cocoa, corn starch, carrageenan, vanilla, natural flavor)",none
dextrise,none
"raw kombucha (carbonated water, sugar+, black tea leaves, green tea leaves, kombucha culture (yeast, bacteria cultures))",none
enzyme and trace of lime,none
"pepper & margarine(oil, water, mono & diglycerides, sodium benzoate added as preservative, lactic acid, artificial butter flavor, colored and beta carotene, vitamin a palmitate added.) wrap dough: wheat flour enriched (niacin, reduced iron, thiamin, mononitrate, riboflavin & folic acid)","wheat, soybeans"
"cooked long grain white rice (water, rice)",none
"seasoning salt (salt, sugar, cornstarch, paprika, turmeric, onion, spice, calcium)",none
precooked quinoa [water,none
wild ginger 1,none
less than 2% of: bacon fat,none
live active cultures live active cultures: l,none
seasoning [starch (corn),none
organic raw almond butter,tree nuts
"dehydrated vegetables (broccoli, spinach, garlic, onion)",none
"bagel (enriched flour [wheat flour, niacin, reduced iron, thiamine mononitrate {vitamin b1}, riboflavin {vitamin b2}, folic acid], water, whole wheat flour, contains less than 2% of the following: sugar, wheat gluten, yeast, salt, soybean oil, modified wheat starch, soy protein isolate, vinegar [preservative])","wheat, soybeans, **gluten"
"vega protein blend (pea protein, saviseed [sacha inchi] protein, hemp seed protein, sprouted whole grain brown rice protein)",none
serrano ham,none
soya lecithin (emulsiifier),soybeans
"roasted garlic sauce (water, coconut milk [coconut cream, water], roasted garlic, chicken stock [chicken stock, salt], chicken fat, tapioca starch, chablis wine, yeast extract, butter ghee [milk], coconut sugar, lemon juice concentrate, roasted dehydrated garlic, sea salt, black pepper, granulated onion, xanthan gum)",dairy
pinto bean flour,none
"olives (ripe olives, water, sea salt, ferrous gluconate [an iron derivative])",none
garlic flavor,none
"fruit juice concentrates (apple, lemon, peach, strawberry)",none
contains 2% or less of: sodium acid pyrophosphate,none
sugar (r) and/or glucose fructose syrup (s),none
"cereal milk swirl (rice syrup, water, sugar, corn starch, natural flavor, titanium dioxide, cultured dextrose [maltodextrin], salt)",none
"seasoning (maltodextrin, salt, sugar, monosodium glutamate, roast flavor [maltodextrin, natural flavor, autolyzed yeast extract, modified food starch, corn syrup solids, tricalcium phosphate, salt], paprika, onion powder, autolyzed yeast extract, garlic powder)",none
"caramel filling (water, cane sugar, condensed skim milk, butter [cream, salt], cream, natural flavor, pectin, gluconic acid, xanthan gum, corn starch, sea salt, color [caramel color and annatto extract], gum arabic, sunflower lecithin, disodium phosphate, potassium sorbate added to preserve freshness)",dairy
red jalapeo,none
expeller - pressed oleic safflower oil,none
oil of onion,none
freshly ground whole white peppercorn,none
"fried bringel paste (bringel, olive oil)",none
"color (turmeric, paprika, and annatto)",none
cottonseed,none
contains less than 2% caramel color,none
"cooked italian style pizza topping (sausage [pork, mechanically separated chicken, spices, salt, water, sugar, paprika, flavorings, sodium phosphates], water, textured vegetable protein (soy flour, soy protein concentrate, caramel color]). crust: flour (wheat, malted barley), water, contains 2% or less of: soybean oil, sugar, yeast, salt, cultured wheat starch, citric acid, l-cysteine, soy lecithin (processing aid)","soybeans, wheat"
filling: filtered water,none
"pasteurized process cheddar cheese (cheddar cheese (pasteurized milk, cheese cultures, salt, enzymes), water, cream, sodium phosphate, salt, sorbic acid, annatto coloring)",dairy
walnut oil (walnut),tree nuts
spices (including black and red pepper),none
linaza y cola de caballo,none
"white chocolate marshmallow bits (white chocolate [sugar, cocoa butter, milk, soy lecithin, natural flavor], dehydrated marshmallows [sugar, corn syrup, modified cornstarch, gelatin, sodium hexametaphosphate, artificial flavor, natural flavor, artificial color {blue 1}], gum acacia, sugar, confectioner's glaze)","dairy, soybeans"
"sundried tomatoes (sundried tomatoes, salt)",none
organic sugar-beet syrup,none
"spices (pepper, paprika, parsley, onion, basil, oregano, lovage, dill)",none
benzoate of soda and sodium metabisulfite added as preservative,none
whole rolled rye,none
product contains: corn syrup,none
"cheddar cheese (cultured pasteurized milk, salt, enzymes, calcium chloride)",dairy
"less than 2% of: white chocolate drizzle (sugar, cocoa butter, whole milk powder, soy lecithin added as an emulsifier and natural vanilla flavor))","dairy, soybeans"
"and asiago cheese (pasteurized part skim milk, cheese culture, salt, enzymes)",dairy
organic oleic sunflower oil and salt,none
peppermint bark ingredients: sugar,none
orange concentrate,none
"garlic parmesan butter (unsalted butter [pasteurized cream, lactic acid], parmesan cheese [pasteurized cow's milk, cheese culture, salt, enzymes, powdered cellulose {anticaking agent}], roasted garlic, garlic puree [garlic, citric acid], parsley, onion salt, oregano, basil, chives, cultured skim milk, garlic salt, black pepper)",dairy
tumeric [color],none
ingredients of seasoning packet: salt,none
"fruit disk & peppermint starlight mix (sugar, corn syrup, citric acid, salt, apple puree, natural & artificial flavors, titanium dioxide [for color], artificial colors [red 40, yellow 5, yellow 6, red 40 lake, blue 1, red 3])",none
durum (wheat) semolina,"wheat, gluten"
tragacanth gum,none
"parmesan cheese (pasteurized part-skim milk, cheese cultures, salt, enzymes and powdered cellulose [anti-caking agent])",dairy
white corn,none
fermented soybeans,soybeans
leavening salt,none
"semi-sweet chocolate drops (sugar, chocolate liquor, dextrose cocoa butter, soy lecithin [emulsifier])",soybeans
organic tahini (sesame seeds),sesame
garlic (contains high fructose corn syrup),none
"cultured celery juice powder (cultured celery juice powder, sea salt, organic canola oil)",celery
"romano cheese (sheep's and/or cow's milk, cheese culture, salt, enzymes) and/or parmesan cheese (cow's milk, cheese culture, salt, enzymes)",dairy
"lime juice (water, lime juice concentrate, lime oil)",none
star anise,none
"glucose-fructose syrup (glucose syrup, high fructose corn syrup)",none
"red raspberry juice from concentrate (water, red raspberry juice concentrate)",none
organic white vinegar,none
sodium metabisulfite (as a preservative),"sulphur dioxide, sulphites"
"protein blend (whey protein isolate, dried egg whites)","eggs, dairy"
contains 2% or less of: white vinegar,none
"toasted corn (corn, high oleic oil [contains one or more of the following: canola and/or safflower oil], sea salt)",none
green leaf lettuce,none
green coffee caffeine,none
soybean and palm oil,soybeans
sunflower oil (30%),none
kasmati rice,none
milk minerals,dairy
split peas,none
air popped popcorn,none
"topping (imitation mozzarella blend (water, palm oil, modified potato starch, rennet casein, modified corn starch, sodium citrate, salt, sodium phosphate, natural flavor, carrageenan, lactic acid, artificial color), mozzarella (pasteurized cultured reduced fat milk, salt, enzymes), diced pepperoni made with pork-chicken added-smoke flavor added (pork, mechanically separated chicken, salt, spices, water, dextrose, seasonings (natural spice extractives, extractives of paprika, natural smoke flavor, bha, bht, citric acid), lactic acid starter culture, sodium nitrite))","dairy, wheat"
with 2% or less of the following: salt,none
"artificial colors (yellow 5 lake, blue 1, yellow 5)",none
10 apple - filtered water,none
set in vegetable oil,none
aniseeds,none
"vegetable oil (partially hydrogenated palm kernel oil, soybean and palm oil with tbhq for freshness)",soybeans
organic psyllium,none
"natural flavor (natural flavor, salt, beef fat)",none
heavy cream cream,dairy
"bistro bun (enriched wheat flour [wheat flour, malted barley flour, niacin, reduced iron, thiamine mononitrate, riboflavin, folic acid], water, potato flour, sugar, canola oil, contains less than 2% of: yeast, sea salt, wheat gluten, mold inhibitors [cultured wheat starch, cultured sugar, vinegar], sodium bicarbonate, calcium sulfate, sodium acid pyrophosphate, monoglycerides, propionic acid [preservative], phosphoric acid, ascorbic acid, enzymes)","wheat, gluten"
"milk cream cane sugar chocolate chips (unsweetened chocolate, cane sugar, palm kernel oil, cocoa butter, soy lecithin, vanilla extract)","dairy, soybeans"
lemon pepper: spices (contain pepper and lemon peel),none
"contains 2% or less of each of the following: breader (enriched wheat flour [enriched with niacin, ferrous sulfate, thiamine mononitrate, riboflavin, folic acid], salt, soybean oil)","wheat, soybeans"
alaskan snow crab legs surimi (fish protein) (contains one or more of the following: pollock and/or pacific whiting),fish
"balsamic vinegar (wine vinegar, grape must, caramel [color], contains sulfites)",sulphites
skim milk and pectin,dairy
"flagship sauce (milk, flagship cheese [pasteurized milk, salt, culture, enzymes], just jack cheese [pasteurized milk, salt, culture, enzymes], butter [cream, salt], water, wheat flour, rice starch, chipotle puree [chipotle peppers, water, tomato paste, onion, sugar, may contain 2% or less of salt, vinegar, sunflower seed oil, paprika, garlic, corn starch, spices {oregano, bay leaves, thyme, cumin, celery seed}], salt, dehydrated garlic)","dairy, wheat"
vt maple sugar,none
"imitation monterey jack cheese (water, food starch, palm oil, whey, salt, caseinate, sodium phosphate, sorbic acid [as a preservative], carrageenan, natural flavor, artificial color, lactic acid)",dairy
"sundried tomato flavor (corn oil, virgin olive oil, dehydrated tomato, tomato powder, natural flavor, sundried tomato)",none
duroc fresh pork tenderloins,none
organic cultured wheat,gluten
"potato shell (potato, canola oil)",none
"microbial enzymes (non-animal, rennetless)",none
organic pinto beans,none
pectin contains less than 0,none
organic barley grass juice,none
"everything bagel (unbleached enriched flour [wheat flour, malted barley flour, nacin, reduced iron, thiamine mononitrate, riboflavin, folic acid], water, bagel blend [sugar, sea salt, malted barley flour, yeast, molasses, wheat gluten, soybean oil, honey, cultured wheat starch {for added freshness}, ascorbic acid, enzymes], contains 24 or less of the following: topping mix [sesame seeds, poppy seeds, dried garlic, dried onions], sugar, wheat flour, enzymes, ascorbic acid, soybean oil, vegetable monoglycerides, guar gum, corn syrup solids, yeast, wheat gluten, distilled vinegar)","wheat, gluten, sesame"
whole buckwheat flour,none
ingredients: rice,none
monosodium glutamate autolyzed yeast extract,none
sweetened dried cranberrries (cane sugar),none
"gluten free flour (potato starch, rice flour)",none
"brown rice pasta (whole grain brown rice, rice bran, water)",none
organic grade a milk and cream,dairy
"orange juice powder (corn syrup solids, natural flavors (orange juice solids, orange oil))",none
concentrate,none
chocolate cookies (artificially flavored): ingredients: wheat flour,wheat
silicon dioxide (added as a flow agent),none
cultured pasteurized goat's milk,dairy
"yogurt powder (cultured whey protein concentrate, cultured skim milk)",dairy
rice flour (white & sweet rice),none
corn and/or canola oil,none
ingredients: egg,eggs
"textured vegetable protein (non-gmo isolated soy protein, non-gmo defatted soy flour, corn starch, wheat protein)","soybeans, wheat"
"black olives (olives, water, salt, ferrous gluconate)",none
"battered eggplant: (eggplant, wheat flour, soybean oil, salt, garlic powder, onion powder, oregano, parsley and pepper powder)","eggs, wheat, soybeans"
"bleached enriched flour (wheat flour, niacin, iron, thiamine mononitrate, riboflavin, folic acid)","wheat, gluten"
"lemon juice (lemon juice natural strength, 1/10 of 1% sodium benzoate)",none
barley amylase,none
5% or less of each of the following: potassium sorbate (preservative),none
smoked salt,none
"dough conditioner (fumaric acid, xanthan gum, mono- and diglycerides, sodium metabisulphite)","sulphur dioxide, sulphites"
"bittersweet chocolate drop (chocolate liquor, sugar, cocoa butter, butterfat [milk], soy lecithin, vanilla extract)","dairy, soybeans"
sodium bicarbonate (legvening),none
"strawberry puree (strawberries, water, sugar, guar gum, natural flavors, citric acid, carrageenan)",none
coconut ice cream: skim milk,dairy
fairtrade molasses,none
natural flavors including smoke (contains maltodextrin),none
shell eggs,eggs
organic pea shoots,none
arbol pepper,none
"cooked turkey (turkey breast, water, seasoning [autolyzed yeast extract, maltodextrin, salt, turkey flavor, turkey stock, flavor, gum arabic], modified food starch, salt, canola oil, carrageenan, sodium phosphate, natural flavoring, paprika)",none
d-calcium pantothenate (pantothenic acid),none
organic lemon essential oil,none
sodium propionate and potassium sorbate (to retard spoilage),none
"dijon mustard (water, mustard seed, vinegar, salt, white wine, citric acid, turmeric, tartaric acid, spices)",mustard
soybean and/or canola and/or olive oil,soybeans
humectant (glycerol),none
cream cheese (cultured milk and cream),dairy
"skim milk cheese (pasteurized cultured skim milk, salt, enzymes)",dairy
"fruit juice from concentrate (apple, cherry, lemon, orange, strawberry)",none
salt),none
"heirloom tomatoes (italian whole peeled tomatoes [tomatoes, tomato juice])",none
meat,none
contains 1% or less of the following: natural flavors,none
modified food starch (corn and/or potato),none
whole wheat flour,"wheat, gluten"
"feta cheese (pasteurized milk, salt, cheese cultures, enzymes)",dairy
spirulina extract for color,none
stone ground yellow corn,none
"bleached enriched wheat flour (flour, niacin, ferrous sulfate or reduced iron, thiamin mononitrate, riboflavin, folic acid, high fructose corn syrup, corn syrup, shortening (tallow, hydrogenated tallow, cottonseed oil, mono and diglycerides, polysorbate 60, soy lecithin), soybean oil, palm oil, cocoa processed with alkali, shortening (tallow, hydrogenated tallow), contains 2% or less: glycerin, cornstarch, whey, modified cornstarch, baking soda, salt, inulin, calcium carbonate, sorbic acid and potassium sorbate (to retain freshness), egg, calcium sulfate, mono and diglycerides, egg whites, polysorbate 60, sodium stearoyl lactylate, dextrose, natural and artificial flavor, sodium polyphosphate, agar, titanium dioxide (color), xanthan gum, hydrogenated soybean oil, defatted soy flour, enzymes, cellulose gum, red 40 lake, locust bean gum, soy lecithin, monocalcium phosphate, sodium phosphate","wheat, gluten, eggs, soybeans"
"topping (oats, cane syrup, cane sugar, soy protein crisps [soy protein isolate, tapioca starch, salt], sunflower oil, protein powder [soy protein isolate, tapioca starch, salt], almonds, honey, salt, natural flavors)","soybeans, tree nuts"
"white miso paste1 (water, rice1, soybeans1, salt, aspergillus oryzae)",soybeans
reduced fat asadero cheese [pasteurized reduced fat milk,dairy
caprylic/ capric triglycerides,none
sliced tomatoes,none
"monterey jack cheese (cultured milk, salt, enzymes)",dairy
"cranberry crumbles (cranberries, sugar, sunflower oil)",none
"bacon (cured with water, salt, sugar, smoke flavor, sodium phosphates, sodium erythorbate, sodium nitrite)",none
edam cheese,dairy
dehydrated banana,none
"strawberry ice cream (skim milk, butter, sugar, strawberry paste, corn syrup, betanin [color], mono and diglycerides, guar gum, carrageenan, sodium alginate, polyoxyethylene sorbitan monooleate [emulsifier], locust bean gum, sodium phosphate, artificial flavor, carotene [color])","dairy, eggs"
mono- and diglycerides (prevents foaming),none
"diced tomatoes (calcium chloride, citric acid)",none
potato starch and powdered cellulose,none
"mustard (mustard seed, organic vinegar, salt, turmeric, spices)",mustard
ergocalciferol (vit. d2),none
pumpkin spice,none
calcium propionate and potassium sorbate (as preservatives),none
less than 1% of: spices,none
isolated soy product,soybeans
contains milk and eggs,"dairy, eggs"
cacao butter+,none
contains less than 2% of the following: coconut oil,none
"organic cultured dextrose (organic cultured dextrose, organic maltodextrin)",none
"(maltodextrin, modified corn starch, vinegar)",none
black carrot juice and annatto extract (for color),none
banana puree concentrate,none
"mayonnaise (soybean oil, water, corn syrup, egg yolk, distilled vinegar, spice, salt, calcium disodium edta added to protect flavor)","soybeans, eggs"
"cheese (semisoft and cheddar [pasteurized milk, cheese culture, salt, enzymes])",dairy
"chocolate sauce (corn syrup, high fructose corn syrup, water, cocoa processed with alkali, modified corn starch, sugar)",none
pollock fillets sauce water,fish
"margarine (liquid and hydrogenated soybean oil, water, salt, vegetable mono and diglycerides, soy lecithin, natural and artificial flavor, bha & bht added to protect flavor, vitamin a palmitate and vitamin d3 added)",soybeans
calcium chloride citric acid,none
organic ground yellow mustard seed,mustard
"pecorino romano cheese (ewe's milk, salt, rennet)",dairy
"mustard (distilled vinegar, water, mustard seed)",mustard
honey roasted sesame chips,sesame
contains 2% or less of the following: soy protein concentrate,soybeans
contains less than 2 % of each of the following: corn starch,none
salt honey,none
"vermicelli (semolina, ferrous sulfate, nicotinic acid, thiamine mononitrate, riboflavin)",none
"black beans (prepared black beans, water, sugar, salt, calcium chloride, ferrous gluconate)",none
hydrolyzed gelatin,none
made from okra,none
corn starch and cellulose added to prevent caking,none
vitamin b6 (pyridoxine hydrochloride),none
"white natural cheddar cheese curds (pasteurized milk, cheese cultures, salt, enzymes)",dairy
"marshmallows (corn syrup, sugar, corn starch - modified, gelatin)",none
toasted dehydrated onion,none
partially hydrogenated soybean/cottonseed oil,soybeans
"soy sauce (water, soybeans, salt, sugar)",soybeans
"gluten free pizza crust (water, rice flour, tapioca flour, soybean oil, sugar, potato flour, yeast, baking powder, salt, psyllium fiber, oregano, thyme, sage, marjoram, basil, rosemary)",none
egg albumen,eggs
royal icing: powdered sugar,none
"artificial coloring (includes red 40 lake, yellow 6 lake, yellow 6, yellow 5 lake, blue 2 lake, blue 1 lake)",none
spices (includes parsley),none
"aged cayenne pepper hot sauce (aged cayenne peppers, vinegar, water, salt, spice, garlic powder, xanthan gum)",none
purple sweet potato color,none
glyceryl triacetate,none
malt syrup (from corn and barley),none
"semi-sweet chocolate chips (cane sugar, chocolate liquor, cocoa butter)",none
"mustard (vinegar, mustard seed, salt, turmeric, spices)",mustard
"breadcrumb(wheat flour, brewer's yeast, salt)","wheat, gluten"
"margarine (palm oil, water, soybean oil, salt, mono- & diglycerides, annatto [color], calcium disodium edta [preservative], artificial flavor, vitamin a palmitate)",soybeans
textured vegetable protein {soy flour,soybeans
"seasoning (maltodextrin, salt, garlic powder, onion powder, cane sugar, tomato powder, organic cultured buttermilk powder [organic skim milk, lactic acid, cultures], organic cultured cream, organic whole milk solids, yeast extract, citric acid, organic nonfat dry milk, dehydrated parsley, natural flavors, chili pepper)",dairy
potassium sorbate (<30 ppm)],none
inactive baker's yeast,none
"vegetable oil (soybean, canola, and/or rice bran)",soybeans
organic cornstarch organic malt extract,none
"chicken broth powder (chicken broth, salt, natural flavoring)",none
psyllium seed husk,none
apple paste,none
carnauba wax (glazing agent),none
"pasteurized process cheddar cheese (cheddar cheese [cultured milk, salt, enzymes], milkfat, water, sodium phosphate, salt, potassium sorbate [preservative], annatto [color])",dairy
freeze-dried banana,none
"chicken stock (water, chicken base [chicken meat, natural chicken juices, salt, sugar, autolyzed yeast extract, maltodextrin, natural flavor, onion powder, spice extract, turmeric {color}])",none
preservative (tbhq),none
"beauty blend (organic mct oil from coconut, vitamin e, biotin)",none
"diced jalapenos (jalapeno peppers, water, vinegar, salt, sodium benzoate, calcium chloride)",none
"tomatoes (tomatoes, tomato puree, salt)",none
"ingredients enriched wheat flour (enriched with niacin, reduced iron, thiamin mononitrate, riboflavin, folic acid, water scrambled eggs (pasteurized whole eggs, nonfatmilk, soybean oil, modified food starch, salt, xanthan gum, citric acid, butter flavor (maltodextrin, natural butterflavor, annatto and turmeric [added for colori), spice and/or liquid pepper extract), potatues (with sea salt, canola oil), cheese sauce (water, cheddar cheese (pasteurized milk, cheese culture, salt, enzymes), modified corn starch, soybean and/or canola oil, whey, xanthan gum, nonfat dry milk, salt, sodium phosphate, butter oil, sugar, yeast extract, paprika and annatto [color], natural flavors), vegetable oil (soybean, canola and/or corn oil), pork sausage (pork, water, salt, spices, corn syrup solids, sugar, autolyzed yeast extract, spice extractive), tomatoes (with juice, citric acid, calcium chloride), green chilies (with salt, citric acid, calcium chloride), onion contains 2% or less modified corn starch, salt, cheddar flavor (corn syrup solids, cheddar cheese (milk, cheese culture, salt, enzymes) salt, yeast extract, disodium phosphate, natural flavors, annatto[color]), spices, dough conditioners (wheat gluten, sugar, yeast, guargum, modified food starch)","eggs, dairy, wheat, gluten"
"non pareils (sugar, cornstarch, carnauba wax)",none
red bell pepper powder,none
"organic white cheddar cheese (pasteurized organic milk, cheese cultures, sea salt, vegetable enzymes)",dairy
"low-moisture part-skim mozzarella cheese (pasteurized part-skim milk, cheese culture, salt, enzymes)",dairy
"mustard (vinegar, mustard seed, salt, spices, tumeric)",mustard
"tomato puree (tomatoes, salt, citric acid)",none
malt vinegar (barley gluten),gluten
"organic coconutmilk (filtered water, organic coconut cream)",none
"white chocolate (sugar, cocoa butter, whole milk powder, soy lecithin (an emulsifier), vanilla (natural flavor))","dairy, soybeans"
vanilla flavoring,none
"organic low-moisture mozzarella cheese (pasteurized organic milk, cheese cultures, sea salt, vegetable enzymes)",dairy
mono & digylcerides,none
citric acid (antioxidant),none
"pure vanilla extract (water, alcohol, vanilla bean extractives)",none
butter oil,dairy
"salted chili (chili, water, salt) & spices",none
fudge marble,none
whey (from milk),dairy
"spices and herbs (including oregano, basil, paprika)",none
ascorbic acid and vitamin e blend (to preserve freshness)+,none
grade a cultured milk and cream,dairy
"sausage: (pork, salt, spices, flavorings)",none
organic deyhydrated garlic,none
yacon syrup,none
"yogurt cultures (l. bulgaricus, s. thermophilus)",dairy
sesame seed butter,sesame
"milk chocolate (sugar, cocoa butter, cocoa mass, skim milk powder, butteroil, lecithin as emulsifier (soy), vanillin: an artificial flavor)","dairy, soybeans"
skinless chicken breast fillets containing up to 32% of a solution of: teriyaki sauce [water,none
citric acid (preservative)],none
cocoa clusters & chocolate topping: soy protein isolate,soybeans
"polysorbate 60), invert sugar, margarine (soybean oil",soybeans
natural flavor ++vitamins and minerals: potassium citrate,none
active kefir cultures,none
"pickled ginger (ginger, water, salt, sugar, vinegar)",none
"seasoning (salt, maltodextrin, sugar, hydrolyzed corn protein, spices, dehydrated red bell pepper and green onion, brown sugar, natural flavors [maltodextrin, citric acid], citric acid, garlic powder, malic acid, sesame oil)",sesame
"noodled sweet potato (sweet potato, reduced sodium sea salt, black pepper)",none
"wheat flour (malted barley flour, niacin, iron, thiamin mononitrate, riboflavin, folic acid) soybean oil","wheat, gluten, soybeans"
"seasoning blend (salt, celery seed, spices, paprika)",celery
"diced tomatoes (tomatoes, tomato juice, salt, citric acid, calcium chloride [firming agent])",none
"chicken breast with rib meat (chicken breast meat with rib meat, water, sodium lactate, seasoning [salt, sugar, artificial chicken flavor {with hydrolyzed corn protein, autolyzed yeast extract, thiamine hydrochloride, disodium inosinate, disodium guanylate}, dextrose, natural flavoring], modified potato starch, dextrose, potassium lactate, sodium phosphates, sodium diacetate)",**dairy
chopped green chili peppers,none
acacia and xanthan gums,none
red & green bell pepper,none
adzuki sprouts,none
monk fruit[caret]1,none
whole cow milk,dairy
"grain and seed blend (sunflower seeds, barley flakes, coarse corn meal, millet seed, quick oat flakes, medium rye meal, triticale flakes, wheat bran, wheat flakes, whole wheat flour, buckwheat flour, flax seed, brown rice flour)",**gluten
ground cloves,none
potassium sorbate (maintains freshness)],none
"milk chocolate (organic chocolate liquor, organic nonfat milk, organic whole milk powder, sugar, cocoa butter, organic blue agave inulin, sunflower lecithin, vanilla)",dairy
manufactured on shared equipment that also processes products containing tree nuts and peanuts,"peanuts, tree nuts"
"semi-sweet chocolate chips (sugar, chocolate liquor, dextrose, cocoa butter, soy lecithin [emulsifier], vanilla extract)",soybeans
confectioner's glaze (lac resin),none
"reduced fat sweetened condensed milk (milk, skim milk, sugar, vitamin a palmitate)",dairy
"real mayonnaise (soybean oil, corn syrup, water, egg yolks, distilled and cider vinegar, salt, spices, calcium disodium edta added to protect flavor)","soybeans, eggs"
"proto whey protein blend (micro peptides from high-dh hydrolyzed whey protein [40% di and tripeptides], whey protein isolate, milk protein isolate)",dairy
100% non-gmo ingredients: organic oats,none
contains 2% or less of blueberry puree concentrate,none
ripe olives,none
"natural flavor (yeast extract, dextrose, natural flavoring, tapioca maltodextrin, sunflower oil)",none
"smoked ham water added (cured with water, sugar, contains 2% or less of: salt, sodium lactate, sodium phosphates, flavoring, sodium diacetate, sodium erythorbate, sodium nitrite)",none
non-hydrogenated coconut oil and/or palm kernel oil,none
"cooked chicken breast strips with rib meat (chicken breast meat with rib meat, chicken broth, contains 2% or less of salt, isolated soy protein, modified food starch, sodium phosphates, dried garlic, dried onion, carrageenan, natural flavor)",soybeans
paprika spices,none
pecorino romano,dairy
"salad: sprouted whole grain red rice (filtered water, red rice, lime juice, himalayan pink salt, cumin powder)",none
calcium stearoyl lactylate,none
red bell pepper salt,none
"organic vegetables (organic carrots, organic cabbage, organic potatoes, organic green beans, organic peas)",none
less than 2% of: high oleic canola oil,none
"sauce (water, butter, sunflower oil, hard grating cheese [milk, salt, enzymes, egg white lysozyme {to preserve freshness}], corn starch, less than 2% of: sage, vegetable fiber blend [pea, potato, psyllium extract, seaweed], salt, lactic acid, natural flavor)",dairy
"fruit from concentrate (white grape, blueberry)",none
"seasoning (cane sugar, sea salt, tomato powder, brown sugar, onion powder, vinegar powder [maltodextrin, white distilled vinegar], paprika, molasses powder [molasses, silicon dioxide], applewood smoke flavor, garlic powder, yeast extract, paprika extract, spice, citric acid, canola oil)",none
natural flavoring (celery powder++),celery
carboxy methyl cellulose,none
organic ginger juice,none
organic free range eggs,eggs
vegetable blend: carrot,none
powdered cellulose (to prevent coating),none
"enzymes), monterey jack cheese (pasteurized milk",dairy
dehydrated vegetables (garlic and onion),none
"pineapple (pineapple, cane sugar)",none
"ginger puree (ginger, citric acid)",none
"dried nonfat yogurt (whey protein concentrate, skim milk, yogurt cultures (heat treated after culturing]), 2% or less of olive oil, chicken broth, modified cornstarch, lemon juice concentrate, salt, garlic, spices",dairy
organic annatto extract (color),none
cooked,none
almonds (45%),tree nuts
"chocolate popcorn (semi-sweet chocolate [sugar, chocolate liquor {processed with alkali}, cocoa butter, soy lecithin, vanilla], kettle corn [sugar, tapioca syrup, popcorn, sunflower oil, salt, sunflower lecithin, baking soda], confectioner's glaze, gum arabic, sugar)","soybeans, dairy"
rosehip powder & black pepper,none
"flavor (hydrolyzed soy protein, corn protein, and wheat gluten, medium chain triglycerides, sesame oil, yeast extract)","soybeans, wheat, sesame"
powdered whole egg,eggs
ghee (conventional clarified butter ghee),dairy
wild blueberriesa,none
"tomato puree (tomatoes, sea salt, citric acid)",none
vitamin d vitamin b12,none
pretzel m salt,none
dehydrate granulated garlic,none
tomato puree1,none
flow agent (less than 2% microcellulose crystalline)],none
contains 2% or less of the following: semi sweet chocolate,none
"margarine (palm oil, canola oil, water, salt, whey [milk], soybean lecithin, monoglycerides, natural flavor, vitamin a palmitate, citric acid, vitamin d3)","dairy, soybeans"
"cultivated blueberries (sugar, sunflower oil)",none
sauce packets: sugar,none
sunflower nuts,none
"cheddar cheese blend (pasteurized milk, cheese cultures, sea salt, enzymes, whey buttermilk, annatto, lactic acid, citric acid, spices)",dairy
"fudge swirl (sugar, peanut oil, cocoa processed with alkali, whey powder, salt, soy lecithin)","peanuts, dairy, soybeans"
"citric acid), egg yolks",eggs
"seasoned chicken (chicken breast meat with rib meat, water, salt)",none
"grated cheese (parmigiano, pecorino, hard cheese)",dairy
"dark chocolate (sugar, chocolate liquor, cocoa butter, chocolate liquor processed with alkali, soy lecithin [emulsifier], salt, vanilla)",soybeans
"margarine (palm oil, water, salt, mono and diglycerides, soy lecithin, artificial flavor, beta carotene [color], vitamin a palmitate)",soybeans
contains 2% or less of: baking soda,none
"enzyme modified egg yolk (egg yolk, salt, enzyme)",eggs
"cultured organic pear juice (filtered water, organic pear juice concentrate, calcium citrate, lactobacillus plantarum 299v)",none
"lemon hummus (cooked chickpeas [water, chickpeas], tahini [ground sesame], soybean oil, water, garlic, salt, citric acid, potassium sorbate to maintain freshness, natural flavor, malic acid, lemon oil, lemon juice)",sesame
"seasonings (paprika, spices, salt, garlic powder, onion powder, modified corn starch, sugar, sodium diacetate, spice extracts, paprika extract, citric acid)",none
malt extract (barley),gluten
black pepper and sea salt,none
"organic dried sweetened cranberries (organic cranberries, organic cane sugar, organic sunflower oil)",none
"vegetable oil (interesterified sunflower oil, palm oil, lecithin, tocopherols, citric acid)",none
"yellow #6 ), sodium bicarbonate, artificial flavors and soy lecithin (an emulsifier)",soybeans
vegetable fat,none
"roasted vegetables (onions, red peppers, green peppers, canola oil, salt, spice)",none
sweet potato juice,none
"chocolate (contains: sugar, chocolate liquor (processed with alkali), cocoa butter, soy lecithin (an emulsifier), vanilla)","soybeans, dairy"
white bone candy: dextrose,none
2% or less of: buttermilk,dairy
extractives of turmeric and annatto (color),none
organic compatible alcohol,none
cider vinegar,none
"egg salad (eggs, mayonnaise [soybean oil, water, whole eggs and egg yolks, vinegar, salt, sugar, lemon juice {from concentrate}, oleoresin paprika, natural flavors, calcium disodium edta {used to protect quality}], vinegar, potassium sorbate [preservative], salt, sodium benzoate [preservative], spice, nisin preparation, natural flavor)","eggs, soybeans"
non-hydrogenated vegetable oil (palmolein),none
"color(caramel, yellow 5, yellow 6)",none
folic acida,none
"vegetable shortening (palm oil, hydrogenated palm oil, mono- and diglycerides, polysorbate 60)",none
"organic soy enzymes), organic maltodextrin, organic soy bean oil, wax, amorphous silica and sunflower lecithin",soybeans
rice syrup solids,none
cholecalciferol (vitamin d3),none
natural fontina cheese: pasteurized part skim milk,dairy
organic dry roasted hulled sesame seeds,sesame
organic cashew butter,tree nuts
almonds (nuts),tree nuts
sorbitan monostearate (emulsifier),none
"passion fruit juice from concentrate (filtered water, passion fruit juice concentrate)",none
cheese sauce mix: whey,dairy
"blue cheese (cultured pasteurized milk, salt, enzymes)",dairy
acid whey,none
water pecans modified corn starch,tree nuts
"enriched wheat flour (unbleached wheat flour, malted barley flour, niacin, iron (reduced iron), thiamine mononitrate, riboflavin, folic acid)","wheat, gluten"
"swiss cheese (pasteurized cow's milk, cheese culture, salt, enzymes)",dairy
"vanilla yogurt coating (sugar, fractionated palm kernel oil, nonfat dry milk, nonfat yogurt powder [cultured nonfat milk], soy lecithin, vanilla)","dairy, soybeans"
"enriched flour (bleached wheat flour, malted barley flour, niacin, iron, thiamine mononitrate, riboflavin, folic acid)","wheat, gluten"
"vegetable seasoning (salt, sugar, dehydrated vegetables (to include parsley, celery, garlic, and onion), spices, and herbs)",celery
sugar; all purpose flour; hershey's special dark chips (sugar; chocolate; cocoa butter; cocoa processed with alkali; milk fat; contains 2% or less of: lecithin (soy); natural flavor; milk); palm oil; hershey dutch cocoa; egg whites; nonfat dry milk; soy flour; sugar cane fiber; salt; sodium bicarbonate; natural and artificial flavor; rice starch; cellulose; sodium acid pyrophosphate; calcium carbonate; sodium aluminum phosphate; silica; mono and diglycerides,"eggs, dairy, soybeans, wheat, gluten"
"vegetable oil (corn oil, sunflower oil, canola oil and/or palm oil)",none
"cookie pieces (dates, organic chocolate (organic unsweetened chocolate, organic coconut sugar, organic cocoa butter), cashews)",tree nuts
"spring mix (baby lettuces [lollo rossa, tango, red and green oak, red leaf, green leaf], baby greens [tatsoi, mizuna, red and green chard, red and green mustard, frisee, arugula], baby spinach, radicchio, kale, ingredients may vary by season)",none
cooked cracked wheat,none
bleached enriched flour,"wheat, gluten"
vegetable broth (peas & carrot),none
"organic chocolate cookie bits (organic wheat flour, organic cane sugar, organic expeller-pressed sunflower oil, organic malted black barley flour, organic cocoa, baking soda)","wheat, gluten"
colours added: red 40 (e129),none
milk ingredients,dairy
high frutose corn syrup,none
"organic sour cream (cultured pasteurized non fat milk, pasteurized cream, acidophilus & bifidus cultures, microbial enzymes)",dairy
blackstrap molasses,none
"seasoning (salt, spices, dextrose)",none
habanero chilli,none
vermouth,none
less than 1% sodium benzoate (as preservative),none
porchetta [pork,none
roasted pecans: pecans,tree nuts
whole milk,dairy
"salt), pineapple (pineapple",none
mandarin oranges segments,none
titanium dioxide for color,none
lipolyzed cream,dairy
less than 1% of: gum acacia,none
organic shells (organic durum wheat semolina),"wheat, gluten"
"romano cheese from cow's milk (pasteurized milk, cultures, salt, enzymes)",dairy
sauce: organic tomato pulp,none
calcium lactate (milk),"dairy, lactose"
"dehydrated soy sauce (soy sauce [wheat, soybeans, salt], maltodextrin, salt) hydrolyzed soy protein (contains salt, caramel color) garlic powder","soybeans, wheat"
organic alkalized cocoa,none
"filling (sauteed eggplant [eggplant, tomato pulp, olive oil, sunflower oil, garlic, salt, citric acid], breadcrumbs [wheat flour, salt, natural yeast], mozzarella cheese [milk, salt, rennet], tomato [tomato, salt], provolone cheese [milk, salt, rennet], sunflower oil, lactose, basil [basil, sunflower oil, salt, baking soda {acidity regulator}], salt, garlic)","eggs, wheat, dairy, lactose"
"diced tomatoes (diced tomatoes, tomato juice)",none
"crackers (enriched flour [wheat flour, niacin, reduced iron, vitamin b1 (thiamin mononitrate), vitamin b2 (riboflavin), folic acid], canola oil [with tbhq for freshness], modified corn starch, sugar, salt, leavening [sodium acid pyrophosphate, baking soda, monocalcium phosphate], dextrose, soy lecithin)","wheat, soybeans"
"pepperoni (pork, beef, salt, spices, dextrose, lactic acid starter culture, oleoresin of paprika, flavorings, sodium ascorbate, natural smoke flavor, sodium nitrite, bha, bht, citric acid)",none
"maraschino cherries (cherries, corn syrup, high fructose corn syrup, sugar, natural flavor, carrageenan, sodium benzoate and potassium sorbate [preservatives], citric acid, red 40, sulfur dioxide)","sulphur dioxide, sulphites"
calcium propionate preservative,none
100% natural rolled oats,none
ingredients: precooked long grain white rice [enriched with niacin,none
"spices (garlic, parsley, onion, cayenne, ginger, mace, marjoram, cardamom, nutmeg, tarragon, dill, bay leaf, clove, coriander, saffron)",none
"tomato sauce (salt, calcium chloride, citric acid)",none
sulfur dioxide (sulfites) (preservative),"sulphur dioxide, sulphites"
"emulsifiers (monoglycerides, sodium stearoyl-2-lactylate, propylene glycol mono fatty acid esters, datem, methylcellulose, xanthan gum, carob bean gum, polysorbate 60)",none
5% or less of each of the following: malic acid,none
and not more than 2 % silicon dioxide added as an anticaking agent,none
"dough conditioners (contains one or more of the following: sodium stearoyl lactylate, calcium stearoyl lactylate, monoglycerides, mono- and diglycerides, distilled monoglycerides, calcium peroxide, calcium iodate, datem, etholyxated mono- and diglycerides, enzymes, ascorbic acid)",none
corn starch modified,none
"oat base (water, oats)",none
"chicken and pork stock soup base (pork stock, gelatin, chicken meat, pork fat, salt, yeast extract, sugar, tocopherol)",none
"tomato puree (tomato paste,water)",none
"pasta (durum wheat flour, eggs, water, dried tomato)","eggs, wheat, gluten"
orange coating [sugar,none
"pepitas (pepitas, vegetable oil (may contain one or more of the following: peanut, canola, sunflower, soybean)","peanuts, soybeans"
less than 2% of bell peppers,none
"vegetable shortening (palm and soybean oils, mono- and diglycerides, polysorbate 60)",soybeans
yeast caramel color and sodium sulfite,none
"oven roasted turkey breast (turkey breast, salt)",none
"orange base (orange, lemon, and grapefruit juices)",none
"contains 2% or less of: leavening (sodium acid pyrophosphate, sodium bicarbonate)",none
sorbic acid and potassium sorbate,none
vegetable glycerine,none
"ghirardelli chocolate chips (60% cocoa, semi-sweet) dried cherries",**dairy
"preservative blend (calcium propionate, sodium propinate, potassium sorbate and citric acid)",none
"salt), salted almonds (almonds",tree nuts
sugar ++vitamins and minerals: potassium citrate,none
"antioxidant (soy lecithin, ascorbyl palmitate, lessathen -tocopherol)",soybeans
fd&c red 40,none
"filling mixture: ricotta cheese (pasteurized whey, cream, vinegar, salt)",dairy
organic orange peel,none
distilled white vinegar and filtered water,none
pepper sauce,none
beef livers,none
"sour cream solids (cultured cream, nonfat milk)",dairy
"tomato soup (water, tomato paste, modified cornstarch, distilled white vinegar, salt, rice flour, sodium benzoate added as a preservative, citric acid, onion powder)",none
organic liquid cane syrup,none
almondsa,tree nuts
"enriched durum wheat semolina (semolina, niacin, ferrous sulfate, thiamine mononitrate, riboflavin, folic acid)]","wheat, gluten"
concentrated pear juice,none
spice extract,none
"chili powder (chili pepper, salt, spices, garlic, ethoxyquin [to retain color])",none
organic tortilla: organic whole wheat flour,"wheat, gluten"
rubbed sage,none
fd&c yellow n5 (artificial color),none
"white cheese [american cheese (cultured milk, salt, enzymes)",dairy
"honey roasted pecans (pecans, honey coating [ sucrose, wheat starch, honey, maltodextrin, xanthan gum] canola, sunflower, peanut and/or soybean oil, sugar, salt)","peanuts, wheat, soybeans"
"mustard [(vinegar, water, mustard, salt, turmeric)",mustard
contains 2% or less of: toasted sesame oil,sesame
dried parsley spices,none
"butter blend (palm oil, water, butter [cream, salt], contains less than 2% of salt, non-fat dry milk solids, sodium benzoate [a preservative], soy lecithin, artificial flavor, vitamin a [palmitate added], beta carotene [color])","dairy, soybeans"
"chili peanuts (dry roasted peanuts, non-gmo canola oil, sea salt, chili powder, citric acid, paprika)",peanuts
dried shiitake mushrooms,none
"cheddar and blue cheese (pasteurized milk, cheese cultures, salt, enzymes)",dairy
lactic cultures and natamycin,none
organic concentrated carrot juice,none
dehydrated green onions,none
"white chocolate chips (sugar, cocoa butter, whole milk, soy lecithin [an emulsifier], vanilla)","dairy, soybeans"
"veggie straws (potato flour, potato starch, corn starch, tomato paste, spinach powder, salt, sugar, beetroot powder [color], turmeric)",none
natural flavors and spice,none
"syrup (white grape juice, brown rice syrup)",none
"spinach wrap enriched unbleached flour (wheat flour, niacin, reduced iron, thiamine mononitrate, riboflavin, folic acid)","wheat, gluten"
pasteurized organic whole milk,dairy
organic black beans,none
"spicy cheese crackers: enriched flour (wheat flour, niacin, reduced iron, vitamin b1 [thiamin mononitrate], vitamin b2 [riboflavin], folic acid)","wheat, gluten"
rennet],none
contains 2% or less of: corn meal,none
pasteurized grade a reduced fat milk,dairy
garlic (0.2%),none
medium chain triglyceride,none
pretzel wheels,none
contains less than 2% of organic maltodextrin,none
"fat free yogurt (cultured pasteurized grade a nonfat milk, kosher gelatin, lactic acid esters of mono and diglycerides, citric acid, natural flavor, malic acid, yogurt cultures [l. bulgaricus, s. thermophilus], acesulfame potassium, sucralose)",dairy
organic cooked brown rice,none
"spices (basil, spice)",none
"artificial flavors and colors (yellow #5, yellow #6, red #40.) guava filling: guava pulp",none
"sweet earth curry seitan (water, vital wheat gluten, natural soy sauce, ginger, garlic, kombu)","soybeans, wheat, gluten"
"organic spices (organic coriander, organic white pepper, organic nutmeg, organic mace, organic ginger, organic paprika)",none
"organic filling (organic ricotta cheese (organic milk, organic vinegar, salt), organic low-moisture mozzarella cheese (pasteurized organic milk, cheese cultures, sea salt, vegetable enzymes), organic parmesan cheese (pasteurized organic milk, cheese cultures, salt, enzymes), organic unsalted butter (organic sweet cream), organic bread crumbs (organic wheat flour, sea salt, organic cane sugar, yeast), organic sweet whey, organic non-fat dry milk, natural flavors, 2% or less of organic potato starch, salt)","dairy, wheat, gluten"
green and black olives,none
organic expeller-pressed vegetable oil (organic sunflower oil and/or organic canola oil),none
soft red winter wheat flour,"wheat, gluten"
beet extract for color,none
and malic acid,none
koji spores (aspergillus oryzae)] white miso [rice,none
cocoa (dutch process),none
cyanocobalamin (b12),none
yeast extract powder,none
"cream cheese (pasteurized milk & cream, cheese culture)",dairy
"leavening (sodium acid, pyrophosphate, sodium bicarbonate)",none
"spices (including black pepper, rosemary, garlic, lemon peel, onion, xanthan gum (thickener), natural flavor, citric acid, sodium benzoate (a preservative), potassium sorbate (a preservative), calcium disodium edta to protect flavor, beta carotene (for color)",none
salt enzymes],none
"crab meat (pasteurized crabmeat, sodium acid pyrophosphate to retain color)",fish
"chicken flavor (chicken fat, chicken broth, natural flavor [rosemary extractive])",none
"dried red pepper sauce (aged red peppers vinegar, salt, garlic)",none
dehydrated potatoes,none
"color added (paprika, turmeric oleoresin, annatto extract)",none
"turkey stock (water, cooked turkey meat including natural turkey juices, salt, maltodextrin, onion powder, nonfat dry milk, sugar, autolyzed yeast extract, turkey fat, yeast extract, spices, lactic acid, citric acid, disodium inosinate and disodium guanylate, extract of paprika [color], caramel color, natural flavor)",dairy
calcium chloride and spices,none
"jalapeno (jalapeno peppers vinegar, water)",none
"confectioner's coating (sugar, palm kernel oil, nonfat milk powder, anhydrous milkfat, natural flavor, soy lecithin (an emulsifier))","dairy, soybeans"
roasted poblano peppers,none
less than 2% of: scallions,none
"tortilla chips (stone-ground corn, sunflower oil, salt)",none
"alaskan pollock fillets breadcrumb coating enriched bleached wheat flour (flour, niacin, iron, thiamin mononitrate, riboflavin, folic acid)","wheat, gluten"
lactobacillus plantarum heal 19,none
"coating (coconut oil, sugar, cocoa, cocoa processed with alkali, soy lecithin, salt, artificial flavor)",soybeans
"artificial colors (red 40, blue1)",none
"hot sauce seasoning (salt, modified starch, maltodextrin, dextrose, paprika, citric acid, monosodium glutamate, red 40 lake, sucrose, natural flavors, vinegar, caramel [for color], onion powder, garlic powder)",none
basted nte 16% added solution of water,none
"icing sugar (sugar, maltodextrin)",none
"cooked lentil zucchini orzo pasta (lentil flour, water, zucchini puree)",none
sesame oil salted chili pepper,sesame
and green bell pepper,none
unrefined cane sugar,none
prepared garbanzo beans,none
sodium lactate disodium citrate,none
chicken broth powder,none
"almonds (almonds, peanut and/or canola oil, butter, natural flavor, salt)","tree nuts, peanuts"
rendered turkey fat,none
"vegetable oil (soybean, palm and palm kernel oil with tbhq for freshness)",soybeans
fd & c yellow #5,none
erythorbic acid (to promote color retention),none
garbanzo beanz,none
whey+,dairy
"enriched bleached wheat flour (flour, niacin, iron, thiamine, riboflavin, folic acid)","wheat, gluten"
"freeze dried orange peel (orange peel, invert sugar, citric acid)",none
gluten free oat fiber,none
"roasted red pepper (fire roasted red peppers, water, salt, citric acid)",none
contains less than 2% of the following: cornstarch,none
crust: whole grain oats,none
organic wonton strips: organic wheat flour,"wheat, gluten"
"unbleached enriched flour (wheat flour, niacin, reduced iron, thiamine mononitrate [vitamin b1], riboflavin [vitamin b2], folic acid)","wheat, gluten"
"organic soy milk (filtered water, whole organic soybeans, carrageenan, sea salt, natural flavor)",soybeans
natural flavors (yeast extracts),none
oxidants (ascorbic acid)],none
non-dairy lactic acid,**dairy
"baking powder (baking soda, sodium acid pyrophosphate, monocalcium phosphate)",none
"baking powder (sodium acid pyrophosphate, baking soda)",none
biodynamic organic vanilla bean,none
"cilantro lime sauce (water, sunflower oil, roasted poblano chilies, cilantro, parsley, dehydrated garlic, roasted garlic, lime juice concentrate, jalapeno, sea salt, lemon peel, lemon juice concentrate, tapioca starch, spices, sunflower lecithin, xanthan gum, citric acid, monkfruit extract)",none
"pomegranate juice (filtered water, pomegranate juice concentrate)",none
100% whole grain,none
"artificial colors (yellow 5, yellow 6, blue 1, red 40)",none
potato starch [to prevent caking]),none
natamycin ( a natural mold inhibitor),none
lingonberry juice from concentrate,none
organic peeled chestnuts,tree nuts
lemon and salt,none
"artificial colors (including fd&c blue 1, fd&c red 40)",none
bees wax/ carnauba wax,none
celery],celery
"organic coconut aminos (coconut sap, sea salt)",none
blue agave nectar,none
"unbleached enriched flour (wheat flour, niacin, reduced iron, thiamine mononitrate {vitamin b1}, riboflavin {vitamin b2}, folic acid)","wheat, gluten"
cultured skim milk and milk,dairy
filtered wood smoke (to promote color retention) sauce ingredients: water,none
"seasoning (whey, salt, natural flavors (with pasteurized milk, cultures, enzymes), sugar, cheddar cheese (milk, salt, cheese cultures, enzymes), yeast extract, cream, garlic powder, nonfat milk)",dairy
"sorbitan tristearate), dark chocolate (sugar",none
"fudge ribbon (powdered sugar [sugar, corn starch], peanut oil, cocoa, chocolate liquor, salt, soy lecithin)","peanuts, soybeans"
"garam masala (coriander, red chili, cumin, clove, anister, fennel seeds, black pepper, bay leaves, cinnamon, dry mango, salt, curry leaves)",none
sweetcream buttermilk whey,dairy
pork raised without antibiotics,none
contains 1% or less of coconut oil,none
"romano cheese (pasteurized sheep's milk, cheese cultures, salt, enzymes egg yolks, dehydrated garlic, worcestershire sauce (distilled white vinegar, molasses, water, sugar, onions, anchovies, salt, garlic, cloves, tamarind extract, natural flavorings, chili pepper extract), salt, lemon juice concentrate, black pepper, xanthan gum, anchovy powder","dairy, eggs, fish"
black carrot extract (for color) pectin,none
"parmesan cheese (cultured pasteurized part skim milk, salt, enzymes)",dairy
organic dehydrated cane syrup,none
toasted coconut [coconut,tree nuts
"dried mango (mango, sugar, citric acid, sulfur dioxide [to preserve color], yellow 5, yellow 6)",sulphur dioxide
vanilla flavored coconut milk yogurt alternative,**dairy
pre-cooked,none
niacinamide,none
organic pepitas seeds,none
topping ingredients: sugar,none
ingredient: chicken 1st and 2nd wing portions,none
onion powder,none
stabilizers (carob bean and/or xanthan and/or carrageenan gums),none
(that we are proud of!) water,none
"tomatoes (whole peeled tomatoes, tomato juice, basil, salt, citric acid) tomato puree",none
tbhq and/or ascorbic acid to preserve freshness,none
"parmesan cheese (pasteurized part-skimmed cow's milk, salt, cheese culture, enzymes)",dairy
"poke sauce (soy sauce (water, wheat, soybeans, salt), sugar, sriracha hot chili sauce (chili pepper, vinegar, garlic, sugar, salt, water, natural flavors, xanthan gum), sesame oil, water, vinegar, xanthan gum)","soybeans, wheat, gluten, sesame"
ketchup seasoning {sugar,none
"emulsifier (propylene glycol mono-and diesters of fats and fatty acids, mono-and diglycerides, soybean lecithin, citric acid [preservative])",soybeans
"salt), clam broth concentrate (clam broth",none
whey solids (milk),dairy
tamarind,none
psyllium husk (a natural fiber),none
"rice cereal (rice, sugar, salt, malt flavor, niacinamide, iron, vitamin b2 [riboflavin], folic acid)",none
natural honey flavor],none
ginger root powder (3%),none
sauce ingredients: high fructose corn syrup,none
salt and yeast,none
monoglycerol esters of fatty acids,none
contains less than 2% of organic carrot puree,none
vegetable shortening (palm oil with monoglycerides),none
"romano cheese (pasteurized part-skim cow's milk, cheese culture, salt, enzymes)",dairy
"multigrain bread (water, white whole wheat flour [wheat, malted barley] wheat gluten, sunflower seeds, brown sugar, flaxseed, wheat bran, crecked wheat, oatmeal, rye meal, honey, barley flakes, millet, buckwheat flour, yeast, molasses, palm oil, cultured wheat flour, contains less than 2% of each of the following: wheat germ, salt, enzymes, monoglycerides, vinegar, sea salt, maltodextrin, yeast extract, flavor and rice flour concentrate, ascorbic acid, preservatives [propionic acid, phosphoric acid] topping: rolled oats)","wheat, gluten"
"enriched flour (flour, niacin, reduced iron, thiamine mononitrate, riboflavin, folic acid)","wheat, gluten"
"milk chocolate (sugar, cocoa butter, chocolate liquor, nonfat dry milk, milkfat, lactose, soy lecithin [an emulsifier], vanillin [artificial flavor], salt)","dairy, soybeans, lactose"
apple cider vinegar (diluted to 5% acidity with water),none
prebrowned in vegetable oil,none
black pepper oil,none
"enriched flour (unbleached wheat flour, niacin, reduced iron, thiamine mononitrate, riboflavin, folic acid, corn syrup, water, modified corn starch, glycerine, eggs, salt, baking soda, natural and artificial flavor mono and diglycerides, fd&c yellow #5, icing: fondo icing sugar, kosher fish gelatin, natural and artificial flavor fd& c yellow #5","eggs, fish"
"dark chocolate chunks (sugar, chocolate liquor, cocoa butter, soy lecithin, salt and vanilla)",soybeans
"artificial sweeteners (aspartame 0,7 g/100 g] and acesulfame k [0,2 g/100g]) and artificial colors (yellow 5, red 40 and blue 1)",none
contains 2% or less of: rye,none
calcium silicate (an anticaking agent),none
salt and calcium disodium edta added to promote color retention,none
"dates (dates, dextrose and/or oat flour)",none
"vegetable oil (canola, soybean, palm and palm kernel, corn starch, dried cranberries, natural flavor, soy lecithin, salt, citric acid, baking soda",soybeans
colouring agent: ammonia sulphite caramel,none
calcium (calcium carbonate),none
"yogurt (cultured grade a low fat milk, nonfat dry milk, modified food starch, agar, pectin, and carrageenan)",dairy
organic pomegranate juice concentrate,none
organic fennel seeds,none
"pretzels (enriched wheat flour [wheat flour, niacin, reduced iron, thiamin mononitrate, riboflavin, folic acid], canola oil and/or soybean oil, salt, corn syrup, barley malt extract, leavening [contains one or more of: yeast, sodium bicarbonate, ammonium bicarbonate])","wheat, gluten"
"cheeses (parmesan, romano, ricotta, asiago)",dairy
"spices (including basil, oregano)",none
vanilla light ice cream: skim milk,dairy
invert syrup,none
2% non gmo tapioca derived from organically grown yucca root,none
"garam masala(cinnamon, coriander, cumin, clove, black pepper, black cardamom, green cardamom, fennel, rose petal, bay leaf, mace, long pepper and nutmeg)",none
flour [wheat flour,"wheat, gluten"
"white cheddar cheese (pastuerized milk, cheese cultures, salt, enzymes)",dairy
dry roasted pumpkin seeds,none
red bell pepper ingredients: red bell pepper,none
calcium disodium edta (maintain freshness),none
alic acid,none
"2% or less of natural chicken seasoning (maltodextrin, salt, chicken broth, natural flavors torula yeast, caramelized sugar (sugar, water))",none
coated with: dextrose,none
"maple cured turkey breast (turkey breast, turkey broth, honey, contains less than 2% of: salt, maple syrup, sugar, sodium phosphate, sodium erythorbate, sodium nitrite. coated with: caramel color, sugar, gelatin, brown sugar, natural flavor)",none
"snowflake pretzels (enriched wheat flour [wheat flour, niacin, reduced iron, thiamin mononitrate, riboflavin, folic acid], corn syrup, salt, vegetable oil [may contain one or more of the following: canola oil, corn oil, soybean oil], vital wheat gluten, sodium bicarbonate, yeast)","wheat, gluten"
"vermont cheddar cheese (pasteurized milk, cheese cultures, salt, enzymes, annatto [vegetable color])",dairy
"vegetable and noodle mix: cooked pasta (water, semolina wheat flour, wheat gluten)","wheat, gluten"
non pareil capers,none
green aniseed,none
basil (8.8%),none
strawberry pureea1,none
carob pods,none
expeller-pressed canola oil,none
"dark chocolate (sugar, chocolate liquor [processed with alkali], cocoa butter, butter oil [milk], soy lecithin [emulsifier], vanilla flavor)","dairy, soybeans"
"chocolate coating (chocolate, erythritol, inulin, cocoa butter, milk, soy lecithin vanilla, salt, stevia leaf extract)","dairy, soybeans"
"vegetable oil (contains one or more of the following: canola oil, soybean oil, corn oil)",soybeans
organic inulin (prebiotic fiber),none
"and anti-caking agent {potato starch}), anchovy fillets (anchovies",fish
"bbq sauce (water, brown sugar, soy sauce (water, wheat, soybeans, salt), sugar, apple cider vinegar, onions, corn starch, chili pepper, gochujang paste [red miso paste (water, soybeans, rice, sea salt, microbial starter), brown sugar, malt syrup, red chili puree (red chili peppers, salt, citric acid), malt vinegar, soybean oil, flavor, soy sauce (water, soybeans, salt), ancho chili powder, cayenne pepper, salt, citric acid, yeast extract, extractives of paprika, sesame oil, xanthan gum], distilled vinegar, sesame oil, garlic, salt, natural flavors, xanthan gum, torula yeast extract, spices)","soybeans, wheat, sesame"
organic dried pineapple pieces,none
"ricotta (pasteurized whole milk, vinegar, salt)",dairy
soy},soybeans
"dark chocolate pieces (sugar, chocolate liquor, cocoa butter, soy lecithin, natural flavor, salt)",soybeans
cooked organic white jasmine rice,none
"sour dough (organic unbleached flour [wheat flour, ascorbic acid (natural dough conditioner), niacin [vitamin b-3], iron [ferrous sulfite], thiamin mononitrate [vitamin b-1], riboflavin [viatmin b-2], folic acid], filtered water, organic evaporated cane sugar, yeast, sea salt, sunflower oil)","wheat, gluten"
"drizzle (sugar, palm oil, palm kernel oil, maltodextrin, nonfat dry milk, color [yellow 6 lake, yellow 5 lake, blue 2 lake], soy lecithin, soybean oil, natural and artificial flavor)","dairy, soybeans"
orange puree,none
"tomato puree (tomato concentrate, salt)",none
probiotics (bacillus coagulans),none
roasted peanuts [peanuts,peanuts
yogurt: cultured pasteurized nonfat milk,dairy
silicon dioxide (added to prevent caking),none
"artificial colors (yellow 6, red 40, yellow 5, blue 1, blue 2 lake, yellow 6 lake, red 3, blue 1 lake, yellow 5 lake)",none
dates and dextrose,none
whole grain white whole wheat flour,gluten
"wheat free tamari (water, whole soybeans, salt, vinegar)",soybeans
reconstituted organic raspberry juice,none
dried bell pepper,none
chocolate cake pieces [unbleached unenriched wheat flour,gluten
"flour (bleached wheat flour, malted barley flour, niacin, iron, thiamin mononitrate, riboflavin, folic acid)","wheat, gluten"
dried sardine extract,fish
chicken breast [chicken breast,none
"tomato puree (water, tomato paste, onions, celery, spinach, salt, soybean oil, romano cheese (made from pasteurized cows milk, cheese culture, salt and enzymes, corn starch, and cellulose), olive oil, natural flavor","dairy, soybeans, celery"
tomato extract (for color),none
crumble topping: brown sugar,none
onion and tricalcium phosphate (to make free flowing),none
"romano cheese (pasteurized cow's milk, cheese cultures, salt, enzymes)",dairy
"ruby red grapefruit juice (water, ruby red grapefruit juice concentrate)",none
"2 % or less of butter (pasteurized cream, salt)",dairy
apocarotenal color,none
salt contains less than 2%: corn syrup solids,none
rice (150g): water,none
"cheddar cheese (pasteurized milk, cheese culture, salt, enzymes, annatto [vegetable color], potato starch and powdered cellulose added to prevent caking)","dairy, gluten"
cottonseed oil and salt,none
"mozzarella cheese blend: low moisture part-skim mozzarella cheese (pasteurized milk, cultures, salt, enzymes)",dairy
"less than 2% of: cooked vegetables (carrot, onion, celery)",celery
"sour cream powder (sour cream [cream cultures, lactic acid], cultured nonfat milk solids, citric acid)",dairy
bean meal,none
caramel coloring,none
"candied orange (orange peel, glucose syrup, sugar)",none
turmeric and paprika,none
french fried potatoes [potatoes,none
contains 2% orless of the following: vanilla flavor,none
lemon peels,none
natural orange flavor,none
spices (including cumin),none
contains two percent or less of: cornstarch,none
nisin (vegan),none
mechanically separated turkey,none
"contains 2% or less of each of the following: enriched wheat flour (wheat flour [enriched with niacin, ferrous sulfate, thiamine mononitrate, riboflavin, folic acid], salt, soybean oil)","wheat, soybeans"
"cottage cheese (grade a skim milk, cream, contains less than 2% of the following: salt, guar gum, calcium sulfate, locust bean gum, carrageenan, mono and diglycerides, sodium and monopotassium phosphate, dextrose, water, citric acid, lactic acid, phosphoric acid, natural flavoring, calcium chloride, cultures, enzymes)",dairy
modified tapioca and corn starches,none
non-hydrogenated canola oil,none
"semisweet chocolate chips (sugar, chocolate liquor, cocoa butter, dextrose, soy lecithin, natural flavor)",soybeans
potassium sorbate (added to protect flavor),none
curry leaves powder,none
"lemon cream cheese (52%): mascarpone (cream (milk), water, milk proteins, cornflour, sea salt, lactic starter culture)",dairy
"seasoning (salt, dehydrated onion, dextrose, sour cream (cream, nonfat milk, cultures), cultured nonfat milk, evaporated cane sugar, yeast extract, lactic acid, dehydrated garlic, natural flavors, spices, citric acid)",dairy
pasteurized whey,dairy
crab seasoning powder,none
tricalcium phosphate,none
calcium olives,none
orange colored frosting swirls [corn syrup,none
"cookie: enriched flour (wheat flour, niacin, reduced iron, thiamine mononitrate, riboflavin, folic acid, vegetable oil (palm), sodium bicarbonate, natural and artificial flavor, salt, soy lecithin. caramel: sugar, corn syrup, butter (pasteurized cream, salt), canola oil, invert sugar, evaporated milk (milk solids - nonfat, milk fat and whey solids), dairy whey, salt, soy lecithin (an emulsifier), vanilla","wheat, dairy, soybeans"
"preservatives (sodium propionate, citric acid, potassium sorbate, sodium benzoate)",none
sugar and sodium bicarbonate,none
"jalapeno peppers in brine (jalapeno peppers, salt)",none
"enriched pasta: [durum flour (niacin, ferrous sulfate, thiamine mononitrate, riboflavin, folic acid)]; sauce: whey","wheat, dairy"
"flavor base {sweetened condensed whole milk (whole milk, sugar)",dairy
"texturized vegetable protein (textured soy flour, soybean oil, salt, autolyzed yeast extract, hydrolyzed corn protein, natural smoke flavoring, thiamine hydrochloride, dextrose, disodium inosinate and disodium guanylate)",soybeans
"artificial colors (yellow 5, blue 1, yellow 6, red 3, red 40)",none
"vegetable oil (contains one or more of the following: cottonseed, corn sunflower, soybean)",soybeans
organic expeller pressed soy lecithin,soybeans
roasted tomatoes,none
chia seed protein,none
organic orzo (organic semolina flour),none
spices and chipotle chile powder,none
"organic beef flavor (organic beef flavor, sea salt)",none
"cake crunch (bleached wheat flour, sugar, palm oil, caramel color, cocoa, sodium bicarbonate, salt, artificial flavor, soy lecithin)","wheat, soybeans"
"banana base {banana puree (bananas, citric acid, ascorbic acid)",none
baby lima beans,none
white hominy corn grits,none
"caramelized onions (onion, natural onion flavoring)",none
"cream cheese (pasteurized milk and cream, cheese culture, salt, stabilizer blend [carob bean, xanthan, guar gums])",dairy
"white chocolate (sugar, cocoa butter, milk, skim milk, soy lecithin, natural flavor)","dairy, soybeans"
"beef and modified food starch product (beef, water, less than 2% modified food starch, salt, sodium phosphate, onion powder, garlic powder)",none
organic assam tgfop,none
fresh whitefish,**fish
"seasoning (salt, buttermilk, natural flavors, coconut oil, maltodextrin, garlic powder, yeast extract, sour cream [cream, nonfat milk, cultures], dextrose, onion powder, tomato powder, cream, citric acid, cultured nonfat milk, spices [including celery seed], paprika, sugar, lactic acid, malic acid, vinegar, nonfat milk, sodium caseinate)","dairy, **gluten"
"vegetable colors (annatto, turmeric extracts)",none
"natural color (may contain: red cabbage extract, turmeric, annatto, beet juice, caramel color, purple carrot juice, glycerin, citric acid, water)",none
blueberry balsamic swirl: sugar,none
"bread crumbs (whole wheat flour, yeast, sugar, salt)","wheat, gluten"
and calcium sulfate (added to prevent caking),none
flax seed powder,none
"dehydrated garlic parmesan cheese (pasteurized milk, salt, powdered cellulose (as an anticaking agent), lipase, microbial enzyme, bacterial culture, natamycin)",dairy
organic matcha powder (organic green tea),none
organic sugar organic vanilla extract,none
"honey turkey breast (turkey breast meat turkey broth, honey, sugar, salt, sodium phosphate sodium erythorbate, sodium nitrite)",none
protex (hydrolised protein),none
no additional ingredients,none
contains 2% or less of the following: butter (cream),dairy
"artificial colors (blue 1, yellow 5, red 40)",none
natural flavors (including smoke flavor),none
"enriched macaroni product [(wheat flour, niacin, iron [ferrous sulfate], thiamine mononitrate, riboflavin, folic acid)","wheat, gluten"
corn syrup contains 2% or less: modified cornstarch,none
"doughnut (enriched wheat flour (wheat flour, niacin, reduced iron, thiamine mononitrate, riboflavin, folic acid), water, palm oil, soybean oil, sugar. contains 2% or less of each of the following: yeast, soy lecithin, hydrogenated soybean oil, mono and diglycerides, salt, wheat gluten, monocalcium phosphate monohydrate, dried milk powder, egg yolks, bht, cellulose gum, calcium propionate (to maintain freshness), lecithin, oat fiber, ascorbic acid, sorbitan monostearate, tocopherols); filling (water, corn syrup, high fructose corn syrup, modified food starch, high oleic canola & fully hydrogenated cottonseed oils, salt, natural and artificial flavor, artificial color, sodium benzoate (to maintain freshness), phosphoric acid, polysorbate 60, potassium sorbate (to maintain freshness), yellow 5, yellow 6); icing (sugar, water, corn starch, cocoa powder (processed with alkali), corn syrup solids, soybean oil and/or palm oil, chocolate liquor, enzyme modified soy protein, polysorbate 60, salt, sodium caseinate (milk), sodium hexametaphosphate, mono and diglycerides, soy lecithin)","wheat, gluten, dairy, eggs, soybeans"
l-cysteine],none
"leavening(sodium aluminum phosphate, and sodium bicarbonate)",none
organic dark brown sugar,none
sodium ascorbate (source of vitamin c),none
sodium benzoate as a,none
"roasted garlic base (roasted garlic, salt, corn maltodextrin, natural flavorings, cornstarch, canola oil, sesame oil)",sesame
natural antioxidant (rosemary oil),none
"turkey flavor (contains turkey fat, lactose [milk])",dairy
"artichokes (artichoke hearts, water, salt, citric acid)",none
"margarine (palm oil, soybean oil, water, salt, contains less than 2% of each of mono & diglycerides, soy lecithin, citric acid, natural flavor, vitamin a palmitate, vitamin d3)",soybeans
"spice blend (oregano, basil)",none
fancy grade cashews,tree nuts
beta carotene and vegetable juice (color),none
"turkey (breast, broth, honey, 2% or less sugar, sodium phosphate, sodium diacetate, sodium erythrobate, sodium nitrite, nat smk flvr)",none
contains less than 2% of: chili peppers,none
cabernet wine (contains sulfites),sulphites
unsweetened chocolate (cocoa mass) and vanilla (natural flavor),none
contains 1% or less of the following: natural and artificial flavors,none
cheeses [low moisture part skim mozzarella,dairy
"sea salted roasted cashews (cashews, peanut and/or cottonseed oil, sea salt)","peanuts, tree nuts"
"milk chocolate (sugar, cocoa butter, dry whole milk, chocolate liquor, nonfat dry milk, soy lecithin, natural vanilla flavor)","dairy, soybeans"
rose hip puree,none
spices},none
calcium beta-hydroxy-beta-methylbutyrate,none
"vegetable oil (soybean oil, cottonseed oil and/or canola oil)",soybeans
duck liver,none
"dough conditioners (calcium acid pyrophosphate, mono- and diglycerides, fumaric acid, bromelain)",none
coconut grated,none
"ricotta cheese (whey. milk, culture, salt, citric acid)",dairy
"pretzel dough: enriched bleached wheat flour (wheat flour, malted barley flour, niacin, reduced iron, thiamine mononitrate, riboflavin, folic acid)","wheat, gluten"
spices extractives,none
"enriched pasta (wheat flour, niacin, ferrous sulfate, thiamine mononitrate, riboflavin and folic acid)","wheat, gluten"
organic lemon extract,none
"guacamole (hass avocado, tomatillo, dehydrated onion, sea salt, jalapeno pepper, dehydrated garlic, garlic, dehydrated cilantro, dehydrated jalapeno, cilantro essential oil)",none
"organic white rice flour organic millet flour organic sorghum flour arrowroot sourdough starter (organic sorghum flour, water) organic sunflower seeds organic poppy seeds xanthan gum kosher salt",none
bacterial culture,none
"romano cheese (made from 100% pasteurized sheep's milk, bacterial culture, salt, rennet)",dairy
tetrasodium edta (for freshness),none
"gravy (water, modified corn starch, wheat flour, salt, maltodextrin, monosodium glutamate, beef fat, chicken fat, corn syrup solids, sugar, caramel color, pork stock, onion powder, natural flavors [including extractives of celery seed], spices, rice bran oil, not more than 2% silicon dioxide added to prevent caking)","wheat, gluten, celery"
"cookie mix: enriched wheat flour (wheat flour, malted barley flour, niacin, reduced iron, thiamine mononitrate, riboflavin, folic acid)","wheat, gluten"
"salt leavening (baking soda, monocalcium phosphate, sodium acid pyrophosphate)",none
dried rosemary,none
brown sugar,none
"louis style spareribs (pork st. louis style spareribs, water, salt, sodium phosphate, soybean oil, bha, bht, propyl gallate.)",soybeans
"seasoning (maltodextrin, dried whey, sugar, onion powder, sour cream powder [sour cream solids (cream, nonfat milk, bacterial cultures), cultured nonfat milk, citric acid], spice, citric acid, canola oil, salt, monosodium glutamate, flavor, silicon dioxide)","dairy, wheat, soybeans"
standardized with sugar,none
salt and barley malt whey whole rolled oats,dairy
organic pumpkin powder,none
"seasoning (turbinado sugar, soy sauce powder (wheat, soybeans, salt), onion garlic, flavoring, spice)","wheat, soybeans"
"flavoring (dextrose, natural and artificial flavors, polysorbate 80)",none
"cream of mushroom soup seasoning (spray dried shortening [coconut oil, corn syrup solids, sodium caseinate, mono & diglycerides and sodium silicoaluminate], modified food starch, wheat flour, maltodextrin, salt, dehydrated mushroom, sugar, natural butter flavor [milk], onion powder, mushroom flavor, xanthan gum spice)","dairy, wheat, gluten"
calcium sulfate locust bean gum,none
"poultry ingredients (turkey, mechanically separated turkey)",none
"cooking wine(rice, sugar, lactic acid caramel, succini acid, contained under 14% ethyl alcohol)",none
"seasoning (salt, maltodextrin, evaporated cane sugar, natural lime flavor with other natural flavors, citric acid, vinegar, orange peel)",none
"wafers (wheat flour, sugar, soybean and palm oil, cocoa processed with alkali, contains 2% or less of dextrose, corn syrup, caramel color, high fructose corn syrup, food starch-modified, salt, corn flour, artificial flavor, baking soda, soy lecithin, annatto extract for color, turmeric extract for color)","wheat, soybeans"
xanthan gum (stabilizer),none
"enriched four (unbleached, wheat flour, niacin, reduced iron, thiamine mononitrate [vitamin b1], riboflavin [vitamin b2], folic acid)","wheat, gluten"
lemon),none
"non fat buttermilk (water, skim milk powder, corn starch, agar, pectin, culture)",dairy
"batter mix (modified potato starch, wheat flour, tapioca dextrin, modified corn starch, salt, spice, garlic powder, onion powder, hot sauce [aged cayenne peppers, vinegar, salt, garlic powder], tomato powder, maltodextrin, extractives of paprika, leavening [sodium acid pyrophosphate, sodium bicarbonate], sorbitol, xanthan gum)","wheat, gluten"
imported italian extra virgin olive oil,none
salt and cream of tartar,none
"topping (imitation mozzarella blend (water, palm oil, modified potato starch, rennet casein, modified corn starch, sodium citrate, salt, sodium phosphate, natural flavor, carrageenan, lactic acid, artificial color), mozzarella (pasteurized cultured reduced fat milk, salt, enzymes), cooked sausage made with pork- chicken added (pork, mechanically separated chicken, water, seasonings (spices, salt, dextrose, paprika, bht, tbhq, citric acid))",dairy
watermelon flesh,none
"seasoning (salt, corn syrup solids, spices, hydrolyzed soy protein, lemon juice solids, natural flavor)",soybeans
organic toasted coconut,none
organic reconstituted pink grapefruit juice,none
"emulsifiers (sorbitan monostearate, polysorbate 60, mono and diglycerides, sodium propionate and phosphoric acid [preservatives])",none
vegetable oil (coconut and canola oil),none
organic lemon flavors,none
cream cheese frosting: powdered sugar,dairy
roasted red pepper marinara ingredients: water,none
salt,none
"apple dessert (water, sugar, rehydrated apples, modified food starch, dehydrated apple flakes [calcium stearate], natural and artificial flavor [natural and artificial flavor, caramel color, vanilla extractives], spices, citric acid, salt, dried egg yolks)",eggs
yuca,none
"ingredients: crust (enriched flour (wheat flour, malted barley flour, niacin, ferrous sulfate, thiamine mononitrate, riboflavin, folic acid], water, modified food starch, yeast, sugar, contains 2% or less of each of the following: palm oil, natural butter flavor, soy lecithin, salt, sodium bicarbonate, cellulose gum, guar gum, xanthan gum, wheat flour, ascorbic acid, enzymes, may contain: silicon dioxide, wheat starch, vital wheat gluten, soybean oil, monocalcium phosphate monohydrate), cheeses (whole milk mozzarella cheese [pasteurized milk, cheese culture, salt, enzymes], parmesan cheese [pasteurized milk, cheese cultures, salt, rennet], romano cheese [pasteurized milk, cheese cultures, salt, rennet], asiago cheese [pasteurized milk, cheese cultures, salt, rennet]), sauce (water, tomatoes, seasoning [sugar, salt, modified corn starch, xanthan gum, spices], garlic), pepperoni (pork, beef, salt, contains 2% or less of spices, dextrose, lactic acid starter culture, oleoresin of paprika, sodium nitrite, bha, bht, citric acid, may also contain dehydrated garlic, flavoring, sodium ascorbate), genoa salami (pork, beef, salt, dextrose, lactic acid starter culture, spices, sodium ascorbate, sodium nitrite, garlic powder, bha, bht, citric acid), ham with natural juices (cured with water, salt, sodium lactate, dextrose, sodium phosphate, sodium ascorbate, sodium nitrite), vegetable oils (coconut oil, canola oil, high oleic soybean oil and/or high oleic canola oil), mineral oil, soy lecithin, oat fiber, oregano, dehydrated garlic, dehydrated basil","wheat, dairy, soybeans, gluten"
"organic dark chocolate (organic chocolate liquor, organic dried cane syrup, organic cocoa butter, organic soy lecithin (emulsifier), organic vanilla extract)","soybeans, dairy"
"dried sweetened cranberries (cranberries, sugar, sunflower oil)",none
"reconstituted juice blend (white grape juice, pear juice, blackberry juice)",none
sodium citrate and carrageenan,none
bourbon vanilla beans],none
"hazelnut flour (hazelnuts, safflower oil, tbhq to maintain freshness)",tree nuts
"whites syrup (glucose, sugar, water, molasses, salt)",none
and apocarotenal,none
"bulletproof xct oil powder (caprylic and capric triglycerides, tapioca dextrin)",none
organic millet (pearl & sprout),none
organic roasted peanuts,peanuts
cooked shredded beef steak,none
and annatto (for color),none
"natural flavors), lemon juice concentrate, olives (olives",none
"caesar dressing (soybean oil, water, parmesan cheese [pasteurized milk, cheese cultures, salt, enzymes], egg yolks, red wine vinegar, contains less than 2% of worcestershire sauce [distilled vinegar, molasses, sugar, water, salt, onion, anchovy, garlic, spice, tamarind extract, natural flavors, chili pepper extract], salt, lemon juice concentrate, garlic, spice, mustard seed, anchovy extract, xanthan gum, dehydrated onion, dehydrated garlic)","soybeans, dairy, eggs, mustard"
and a trace of of lime,none
organic roasted pumpkin seeds,tree nuts
blackcurrant (product of poland),none
mickey candies: dextrose,none
"chicken flavor (salt, chicken broth, natural flavors)",none
vitamins & minerals: calcium carbonate,none
"dark chocolate (chocolate liquor, sugar, cocoa butter, soy lecithin, natural vanilla flavor)","soybeans, dairy"
soy ginger sauce: water,soybeans
benzoate of soda (as a preservative) and sodium bisulfate (to preserve color),none
light red kidney beans,none
"vegetable oil (soybean, canola, palm and/or corn oil)",soybeans
"beef base (roasted beef and concentrated beef stock, salt, hydrolyzed soy, corn and wheat protein, corn ol, sugar, autolyzed yeast extract, alavorings [contains oleoresin of celery seed], maltodextrin, whey, dextrose, caramel color)","wheat, dairy, soybeans"
spicy pepper flakes,none
red habanero peppers,none
"peanut butter flavored candies (peanut coating [maltitol, palm and palm kernel oil, peanut flour, nonfat milk, whey, peanuts, salt, soy lecithin, milk fat], maltitol, water, gum acacia, titanium dioxide color, confectioner's glaze, natural flavor, yellow 5 lake, yellow 6 lake, carnauba wax, yellow 6, blue 2 lake, red 40 lake)","peanuts, dairy, soybeans"
"creole seasoning (salt, spices, paprika, granulated garlic, granulated onion, and less than 2% tri-calcium phosphate to prevent caking)",none
"milk chocolate (sugar, chocolate milk powder, soy lecithin and vanilla)","dairy, soybeans"
disodium inosinate and guanylate (flavor enhancers) & caramel color,none
oregon cherries,none
"italian cheese blend (mozzarella cheese [pasteurized part-skim milk, cheese cultures, salt, enzymes, potato starch, corn starch, cellulose (anti-caking agent)], parmesan cheese (parmesan cheese (pasteurized milk, cheese cultures, salt, enzymes), powdered cellulose (to prevent caking)]), pizza sauce (vine-ripened fresh tomatoes, blend of extra virgin olive oil and sunflower oil, salt, oregano, granulated garlic, black pepper and naturally derived citric acid), crimini mushrooms","dairy, wheat"
disodium inosinate and disodium guanylate},none
"milk chocolate flavored candy pieces (sugar, partially hydrogenated palm kernel oils, cocoa, whey, nonfat milk powder, soy lecithin, vanilla, corn syrup, gum arabic, artificial coloring [includes yellow 5 lake, red 40 lake, blue 1 lake, blue 2 lake, yellow 6 lake, titanium dioxide], confectioner's glaze [carnauba wax, beeswax, shellac])","dairy, soybeans"
mono and diesters of fats and fatty acids,none
organic forest honey,none
puffed amaranthao,none
"italian seasoning (oregano, marjoram, thyme, basil, rosemary, sage)",none
"oil blend (canola oil, olive oil)",none
"maraschino cherries (cherries, corn syrup, high fructose corn syrup, sugar, citric acid, natural flavor, sodium benzoate and potassium sorbate (preservatives), carrageenan, red 3, sulfur dioxide)",sulphur dioxide
sodium benzoate as preservatives,none
less than 2% of spices,none
organic wheat grass powder,"gluten, wheat"
"honey mustard dressing (mustard [distilled vinegar, water, mustard seed, salt, spices], water, soybean oil, cane sugar, white wine vinegar, honey, salt, mustard flour, dried onion, dried garlic, xanthan gum, agave syrup, natural flavor)","soybeans, mustard"
aloe pulp (>15%),none
raw organic goji berry powder,none
lactic acid (for acidity),none
sea clams and sea clam juice,"**fish, **shellfish"
contains less than 2% of: burgundy wine,none
all natural ingredients: water,none
cooked sausage patty: pork water,none
elderflower flavor,none
butter cream,dairy
alpha-tocopherol acetate,none
contains 1% or less of: spice,none
"colors (red 40, blue 1, yellow 5)",none
"french bread (enriched unbleached wheat flour (flour, malted barley flour, niacin, reduced iron, thiamine mononitrate (b1), riboflavin (b2), folic acid), water, powdered cellulose, soybean oil, palm oil, contains 2% or less of sugar, salt substitute (sodium gluconate, potassium chloride, sodium, chloride), yeast, dough conditioners (sweet whey, ammonium sulfate, l-cysteine, hydrated monoglycerides, enzyme) soy lecithin)","wheat, soybeans, dairy"
graziers certified pasteurized cream,dairy
pepperoni ingredients: pork,none
"gluten-free reduced sodium tamari (water, soybeans, salt)","soybeans, gluten"
100% whole grain oat flour,none
"marsala type flavor (maltodextrin, natural flavor, triacetin)",none
+ cellulose gel,none
chili seeds,none
oleoresin of turmeric,none
organic macadamia nuts,tree nuts
lactic ferments,none
"fruit and vegetable mix (strawberry, cranberry, banana, mango, orange, beetroot, kale, carrot)",none
"margarine (soy, palm, modified palm, canola, palm kernel and/or modified palm kernel oil, water, sugar, salt, whey, mono- and diglycerides, soy lecithin, preservatives [sodium benzoate, potassium sorbate], citric acid, natural flavor, beta-carotene [color], vitamin a palmitate, vitamin d3)","soybeans, dairy"
dried red peppers,none
"medium chain triglycerides), dried onions, seasoning (maltodextrin",none
dried balsamic vinegar (contains maltodextrin),none
contains two percent or less of soy lecithin,soybeans
"carrot and tomato; pasta (wheat, egg); tuna (18%)","wheat, eggs, **fish"
"roasted peanuts (peanuts, vegetable oil [peanut oil, cottonseed oil, soybean oil and/or sunflower oil], sea salt)",peanuts
"white meat chicken (chicken, salt, sodium phosphate, natural flavors)",none
"neufchatel cheese (pasteurized milk and cream, cheese culture, salt, stabilizers, {carob bean, xanthan and guar gums}., water, onions, white vinegar, garlic (garlic, water, phosphoric acid, sodium benzoate), modified corn starch, green onion, lemon pepper seasoning (monosodium glutamate, black pepper, salt, malic acid, dehydrated onion and garlic, sugar, lemon flavoring), salt, preservative (sodium acetate, salt, sodium diacetate), cayenne pepper, citric acid, potassium sorbate as a preservative, sodium benzoate as a preservative","dairy, eggs"
"stabilizer blend (xanthan gum, carrageenan, corn starch)",none
poblano pepper strips,none
"seasoning (whey, salt, sugar, onion powder, garlic powder, torula yeast, spices, dried parsley, maltodextrin, canola oil, olive oil, soybean oil, rosemary extract, natural flavors)",dairy
vegetable shortening (palm oil),none
spices (including chive),none
crushed red pepper flakes,none
high oleic sunflower oil (tocopherols and rosemary extract [to preserve freshness]),none
"dehydrated vegetables (garlic, onion)",none
tree nuts,tree nuts
"leavening (ammonium bicarbonate, sodium acid pyrophosphate, sodium bicarbonate)",none
organic brazil nuts,tree nuts
expeller pressed high oleic safflower and/or sunflower oil,none
chickpeas (water & chickpeas),none
"cooked penne pasta (water, enriched semolina flour [durum wheat flour, niacin, reduced iron, thiamine mononitrate, riboflavin, folic acid], canola oil, wheat gluten, egg whites, agar, carrageenan, locust bean gum, xantham gum)","wheat, eggs"
peach ingredients: cultured non fat milk,dairy
roasted tomato,none
"havarti cheese (pasteurized milk, cheese cultures, salt, enzymes)",dairy
strawberry puree water,none
folic acid and vitamin d,none
sodium metabisulfite added as a color stabilizer,"sulphur dioxide, sulphites"
"sea salt toffee (sugar, butter, sea salt, soy lecithin, citric acid)","soybeans, dairy"
organic chopped onions,none
"flavoring (hydrolized corn protein, maltrdextrin, salt, corn flour, onion powder, natural flavoring, garlic powder)",none
baby kale,none
caffeine,none
organic chicken flavora,none
contains less than 2% of the following: canola oil,none
"semisweet chocolate chips (sugar, chocolate liquor, cocoa butter, dextrose, soy lecithin [emulsifier], vanillin [artificial flavor])","soybeans, tree nuts"
paprika & paprika extract (color),none
"seasoning (maltodextrin, slat, sugar, onion powder, spices garlic powder, torula yeast, citric acid, vinegar, dill weed, natural flavors, salad mustard solids [distilled vinegar, mustard seed, salt, turmeric], with not more than 2% of sunflower oil and silicon dioxide [processing aid])",mustard
"baby lettuce blend (green romaine lettuce, red romaine lettuce, green oak lettuce, red oak lettuce, green tango lettuce, red tango lettuce, green leaf lettuce, red leaf lettuce, lolla rossa)",none
2% or less of maltodextrin,none
"cream cheese blend (pasteurized cultured milk, cream, skim milk and whey, palm oil [fruit of palm], salt, stabilizers [xanthan, carob bean, guar])",dairy
organic soy sauce [water,soybeans
organic flame raisins,none
"cooked pasta (water, durum wheat semolina)","wheat, gluten"
made with calcium alginate casing,none
natural almond extract,tree nuts
bran,none
cinnamon and other spices,none
black pepper,none
"artificial color (water, high fructose corn syrup, glycerine, yellow 5, sugar, modified food starch, blue 1, citric acid, sodium benzoate and potassium sorbate (preservatives), carrageenan gum, xanthan gum)",none
frosting mix: dextrose,none
rubbed with: salt,none
baby red chard,none
organic whole grain corn masa flour,none
contains 2% or less of chicken fat,none
flame roasted red peppers,none
refined coconut oil,tree nuts
"chicken seasoning (sea salt, maltodextrin, chicken broth, yeast extract, sugar, rice starch, onion and garlic powders, turmeric [color], chicken fat, chicken meat, natural flavors, oleoresin turmeric [color], spice)",none
purple hull peas,none
color (beta-carotene),none
"white chocolate (sugar, hydrogenated palm kernel oil, nonfat milk powder, soy lecithin (an emulsifier), salt and natural flavor)","dairy, soybeans"
"shrimp paste (shrimp, salt)",fish
soya lecthin (an emulsifier) and vanilla,soybeans
"strawberry filling (cane sugar, strawberries, water, modified corn starch, strawberry flavor with other natural flavors, citric acid and fruit and vegetable juice concentrate for color)",none
"greek seasoning (spices, garlic, corn syrup solids, lemon juice solids, natural flavor, modified food starch, olive oil powder, maltodextrin)",none
jalapeno peppers and citric acid,none
"reduced fat cheddar cheese (pasteurized low fat milk, cheese cultures, salt, enzymes, annatto [color], vitamin a palmitate)",dairy
"cheese mix: part skim milk mozzarella cheese (pasteurized milk, cheese cultures, salt, enzymes)",dairy
whole grain wehani rice,none
licorice extract,none
turkey breast meat,none
contains less than 1% of: lactase enzyme,lactose
"toasted coconut (dried coconut flakes, sugar, dextrose, salt)",tree nuts
spices (includes mustard),mustard
"cultured cream (cream, cultures, non-fat dry milk)",dairy
"grated cheese (pasteurized milk, salt, microbial rennet)",dairy
"organic worcestershire sauce (water, organic vinegar, organic gluten free tamari [water, organic soybeans salt], organic sugar, salt, organic garlic powder, organic onion powder, organic spices)","soybeans, **gluten"
sandwich cookies also contain: oats,none
teriyaki sauce ingredients: water,none
"vanillin (an artificial flavor)), corn syrup, sugar, coconut with sodium metabisulfite (to promote color retention), brown sugar, dairy crew, condensed milk, partially hydrogenated palm kernel oil, butter, nuts (almonds","dairy, tree nuts"
"cheddar cheese (pasteurized milk, cheese culture, salt, enzymes, annatto vegetable color], anti-caking blend [potato starch, powder cellulose])",dairy
beets,none
contains 2% or less of each of the following: dehydrated onion,none
mono calcium phosphate,none
safflower oil or organic sunflower oil,none
100% lemon juice,none
vegetable oil (palm oil and soybean oil),soybeans
organic strawberry juice concentrate,none
"korean seasoning (tamari powder [soy sauce {fermented soybeans and salt}, maltodextrin, salt], encapsulated salt [sodium chloride, hydrogenated oil {contains one or more of fully hydrogenated soybean, cottonseed or palm oil}], sugar, spices, tomato powder, toasted sesame oil, garlic powder, yeast extract, ascorbic acid, natural flavors, citric acid)","soybeans, sesame"
ab vitamin (folic acid),none
"seasoning (whey powder, salt, garlic powder, dextrose, natural flavor, maltodextrin [corn], onion powder, buttermilk powder, yeast extract, spice and coloring [paprika], corn starch-modified, spice, maltodextrin [potato], butter [cream, annatto], non-fat dry milk, cheddar cheese powder [cultured milk, salt, enzymes], sugar)",dairy
blue sugar: sugar,none
topping: powdered sugar,none
oregano leaves,none
orange juice from concentrate,none
ketogenic creamer blend [coconut oil,none
soluble tapioca fiber (from cassava),none
leaveing,none
milk calcium complex,dairy
"shredded cheddar-jack cheese (cheddar cheese [pasteurized milk, cheese cultures, salt, enzymes, and annatto vegetable color], monterey jack cheese [pasteurized milk, cheese cultures, salt, enzymes], corn starch [anti-caking agent])",dairy
"cake batter pudding (whole milk, cream, sugar, whole eggs, modified corn starch, natural flavor, salt, annatto [color])","dairy, eggs"
date sugar,none
teff,none
waffle coating: wheat flour,"gluten, wheat"
"contains 2% or less of the following: butter (cream, salt)",dairy
hydrogenated glucose syrup,none
alaskan pollock fillets,fish
milk powder (cow's milk),dairy
"minced pimiento (pimiento, sodium alginate and guar gum, calcium chloride)",none
"margerine (palm oil, soybean oil, soybean lecithin, mono- and diglycerides, potassium sorbate, artificial butter flavor, beta carotene, vitamin a palmitate)",soybeans
navy beans (cooked),none
"blueberries (blueberries, high fructose corn syrup, glycerol, citric acid, calcium lactate, potassium sorbate [preservative], natural flavor, pectin methyl esterase, sodium benzoate [preservative])",none
soybean & coconut oils,soybeans
reconstituted black carrot juice,none
ingredients: american basmati white rice,none
"heavy cream (cream, carrageenan)",dairy
and spelt,none
milk solids minimum 18%,dairy
"parmesan cheese (pasteurized cow's milk, cheese culture, salt, enzymes)",dairy
organic flavor,none
porcini powder,none
annatto extract and turmeric extract for color,none
contains 2% or less of the following: whole wheat flour,"gluten, wheat"
"chocolate coated candy (dark chocolate [sugar, chocolate liquor, cocoa butter, milk fat, soy lecithin, vanillin], sugar, gum arabic, corn syrup, yellow 5 lake, red 40 lake, yellow 6 lake, blue 2 lake, blue 1 lake, yellow 6, blue 1, yellow 5, modified coconut oil, confectioner's glaze [carnauba wax, beeswax, shellac])","dairy, soybeans, shellfish"
"cheddar cheese sauce cheddar cheese (milk, cheese culture, salt, enzymes)",dairy
"lemon zest (lemon peel, sugar, lemon oil)",none
"fish broth (water, cooked fish, salt, whey, sugar, natural flavoring, yeast extract, onion powder)","fish, dairy"
whole grain sorghum,none
contains less than 2% of caraway seeds,none
"garlic), basil, oregano, dehydrated garlic, vegetable oils (coconut oil",none
jerusalem artichoke inulin,none
"parmesan and romano cheese (part skim milk, cheese cultures, salt, enzymes)",dairy
contains less than 2% of the following ingredients: modified food starch,none
"corn tortillas (corn flour [corn, calcium sulfate, sorbic acid, benzoic acid, fumaric acid, guar and/or cmc gum, enzymes, sucrose with a trace of lime)",none
"romano cheese (pasteurized sheep skim milk, cheese cultures, salt, enzymes)",dairy
"enzyme modified egg yolk (egg yolks, salt, enzyme)",eggs
"nonpareils (sugar, corn starch, confectioner's glaze, yellow 5, red 3, carnauba wax, blue 1, red 40, yellow 6, blue 2)",none
tapioca syrup,none
"whole grain mix (bulgur wheat, wheat, rye, oats, barley, triticale, corn, millet)","gluten, wheat"
turmeric potato filling: potato,none
dandelion greens juice,none
and 100% pure love!!!,none
contains less than 2% of pea fiber,none
a b vitamin (calcium pantothenate),none
monopotassium phosphate,none
"peanut butter chips (partially defatted peanuts, sugar, partially hydrogenated vegetable oil [palm kernel and soybean oil], corn syrup solids, dextrose, reduced minerals whey [milk], salt, vanillin, artificial flavor, soy lecithin)","peanuts, dairy, soybeans"
"mayonnaise (soybean oil, water, egg yolks, distilled vinegar, contains 2% or less of: corn syrup, salt, spice, lemon juice concentrate, calcium disodium edta [protects flavor])","soybeans, eggs"
sorbitol from fruit and vegetables (coconut),none
"canola oil blend (canola oil, virgin olive oil)",none
"sour cream (cultured pasteurized light cream, nonfat milk, enzymes)",dairy
mixed tocopherols preservative,none
"coconut flakes (coconut, sugar, dextrose, salt)",none
lemon pulp,none
degerminated milled corn,none
corn gluten,none
"vanilla icing (powdered sugar [sugar, corn starch], sugar, water, corn syrup, vegetable shortening [liquid canola oil, palm oil, palm kernel oil], salt, polysorbate 60, xanthan gum, locust bean gum, guar gum, titanium dioxide [color], natural flavor, sorbic acid [preservative])",none
+cocoa butter cane sugar,none
"pepitas (pepitas, sunflower oil, salt)",none
"contains 2% or less of the following: baking powder (sodium bicarbonate, sodium aluminum sulfate, corn starch, calcium sulfate, monocalcium phosphate)",none
calcium propionate(to retard spoilage),none
ground chicken,none
"beef flavor concentrate (beef broth [beef stock, water], yeast extract, beef flavor, caramel color, potato flour, onion powder, garlic powder, flavor, beef fat)",none
yellow corn flour (with traces of lime),none
organic american cheese [organic milk,dairy
"seasoned chicken raised without antibiotics (chicken [boneless skinless chicken breast with rib meat, water, potato starch, vinegar, salt], soybean oil, spices, dehydrated garlic, dehydrated onion, sea salt)","soybeans, eggs"
"organic shirokoshi (water, organic soybeans, organic rice, salt, yeast, koji culture)",soybeans
"color (carrot, apple, black currant)",none
flavor (includes enzyme modified butter fat),**dairy
dried turmeric (color),none
"extra virgin olive oil infused with tabascoa brand crushed red pepper (red pepper, distilled vinegar, salt)",none
"organic cheddar cheese (pasteurized organic milk, cheese culture, salt, enzymes)",dairy
"filling: chicken chorizo (chicken, spices, water, sea salt, garlic powder, paprika extract, paprika, rosemary extract)",none
"leavening (baking soda, sodium bicarbonate, sodium aluminum phosphate)",none
beef pork,none
"crushed capers (capers, water, vinegar, salt)",none
organic toasted sesame oil,sesame
beet root juice,none
"organic chocolate(chocolate liquor, sugar, cocoa butter, soy lecithin, vanilla)",soybeans
organic expeller pressed sesame seed oil xanthan gum,sesame
yellow 6 and red 40,none
chicken broth dry,none
pucker up candy: dextrose,none
yolks,eggs
bicarbonate,none
organic yellow bell pepper,none
grains: corn,none
white truffle juice [water,none
"cranberries (cranberries, cane sugar, vegetable glycerine, citric acid, sunflower oil)",none
hydrogenated vegetable oil (palm kernel and/or palm),soybeans
5% or less of sodium phosphate,none
dehydrated spices,none
"vegetable shortening ([contains one or more of the following: palm and/or soybean oil], with emulsifier [propylene glycol mono- and diesters, mono- and diglycerides, soy lecithin] with preservative [bht, citric acid])",soybeans
grill flavor modified corn starch,none
sodium metabisulfite (e 223) (retain color),"sulphur dioxide, sulphites"
and palm kernel oils,none
"vitamins and minerals (vitamin a palmitate, calcium carbonate, niacinamide, reduced iron, zinc oxide, pyridoxine hydrochloride, riboflavin, thiamin hydrochloride, folic acid)",none
"chicken and beef (pork, mechanically separated chicken, beef, salt, contains 2% or less of: spices, dextrose, lactic acid starter culture, oleoresin of paprika, sodium ascorbate, natural smoke flavor, flavoring, sodium nitrite, bha, bht, citric acid)",**dairy
"lemon puree (lemon juice, sugar, lemon pulp, lemon juice concentrate, ground lemon peel, lemon oil)",none
"brewed tea (filtered water, black tea leaves)",none
french vanilla flavor,none
organic sprouted khorasan wheat,"gluten, wheat"
ingredients not present in regular mayonnaise,none
"whole grain flour blend (quinoa, amaranth, millet, sorghum, teff)",none
spices (including chile pepper and red pepper),none
"contains 2% or less of garlic (garlic, water)",none
peanut butter (dry roasted blanched peanuts),peanuts
"shrimp (with salt, sodium tripolyphosphate)",shellfish
"artificial flavor), nonfat dry milk, cocoa (processed with alkali), candy cane pieces (sugar","**dairy, soybeans"
artificial color (lemonade only),none
made from fancy durum flour and pasteurized eggs,"**dairy, eggs, gluten, wheat"
jalapeno peppers (includes dehydrated),none
potato flour],none
unsweetened chocolate (processed with alkali),none
heavy cream 40%,**dairy
organic spelt,none
"imitation vanilla (water, vanillin, ethyl vanillin and other aldehydes, propylene glycol)",none
"crust: enriched wheat flour (flour, niacin, reduced iron, thiamine mononitrate, riboflavin, folic acid, enzyme)","gluten, wheat"
"algae oil (algae oil, mixed tocopherols)",none
coconut and/or palm kernel oil,none
fish stock,fish
and beet powder (for color),none
"chicken enchilada (yellow corn tortilla [water, yellow corn flour with a trace of lime, guar gum, xanthan gum], cooked seasoned chicken [chicken dark meat, water, potato starch, salt, natural flavors, spice, lime oil], organic tomatillos, sour cream [cultured milk, cream], corn starch, sea salt)","**dairy, gluten, wheat"
"yogurt powder (nonfat dry milk, citric acid, lactic acid, natural flavors, cultures)",**dairy
"salt free bread crumbs [enriched bleached soft wheat flour (enriched with niacin, reduced iron, thiamin mononitrate, riboflavin, folio acid)","gluten, wheat"
"silicon dioxide (used at less than 1% as an anticaking, free flow agent)",none
"raspberry vinaigrette (water, sugar, red wine vinegar, red raspberry puree, apple juice concentrate, contains less than 2% of: raspberry juice concentrate, salt, xanthan gum, natural flavor)",none
organic dried onions,none
"tuna (light tuna, water, salt)",none
"orange drink concentrate (sugar, water, natural and artificial flavors, citric acid, apple concentrate, orange concentrate, lime concentrate, tangeine concentrate, grapefruit concentrate, modified food starch, ascorbic acid, natural gum, potassium sorbate, sodium benzoate, fd&c yellow 5, fd&c yellow 6, thiamine mononitrate)",none
vegetable fiber (chicory),none
"sprinkles: icing sugar (sugar, cornstarch)",none
lemon puree,none
seasoning blend [cane sugar,none
"cinnamon sugar churro (sugar, unenriched wheat flour, butter (cream, salt), soybean oil, pasteurized eggs, cinnamon, salt)","wheat, gluten, dairy, eggs"
swiss cheese flavor [enzyme modified swiss cheese {milk,dairy
"pickle brine (water, vinegar, salt, natural flavors)",none
contains live and active cultures l casei,none
organic tomato,none
vapor distilled water,none
& flavorings,none
almond butter (dry roasted almonds),tree nuts
potassium sorbate and sorbic acid (preservatives),none
cultured milk and reduced fat milk,dairy
silicon dioxide (to make free flowing) natural flavor,none
natural smoked flavor,none
"2% or less of chili garlic sauce (salted chili peppers [chili peppers, salt], sugar, water, rice vinegar, dried garlic, salt, corn starch)",none
cognac,none
"dark chocolate (cocoa mass, sugar, cocoa butter, lactose, skimmed milk powder, milk fat, sunflower lecithin, natural vanilla flavor)","dairy, lactose"
black pepper],none
lactis c,none
degermed yellow cornmeal,none
less than 2% of dehydrated onion,none
"enriched wheat flour (flour, malted barley flour, reduced iron, niacin, thiamin mononitrate (vitamin b1), riboflavin (vitamin b2), folic acid)","wheat, gluten"
chaga mushroom powder,none
reduced fat milk,dairy
pasilla negra chile,none
"mushroom base (mushrooms, salt, maltodextrin [from corn], yeast extract, sugar, soy flour, onion and garlic powder, corn oil, natural flavors)",soybeans
"bread crumbs (bleached wheat flour, dextrose, salt, yeast, partially hydrogenated soybean oil, calcium propionate)","wheat, gluten, soybeans"
potassium sorbate and tbhq (preservatives),none
shrimp (penaeus vannamei),shellfish
organic sesame paste,sesame
"cheddar cheese with chipotle peppers (pasteurized milk, chipotle peppers, cheese culture, salt, enzymes)",dairy
citrci acid,none
baking soda],none
partially hydrogenated vegetable oil (palm kernel and/or soybean and/or cottonseed oil),soybeans
glycerine gelatin,none
and 2% or less of salt,none
organic minced garlic,none
"pure vanilla extract (water, alcohol {35%}, sugar, vanilla bean extractives)",none
"cooked natural chorizo sausage (pork, spices, water, paprika, salt, natural flavorings, dried vinegar)",none
garlic and onion oil,none
freshness preserved by calcium propionate,none
"vanilla extract), cocoa, locust bean gum",dairy
"green bell pepper and beer (malted barley, corn syrup, hops, yeast)",gluten
filling: coconut fat,tree nuts
dark brown sugar,none
brown flax,none
"coloring (includes yellow 5, blue 1, yellow 6, red 40, yellow 5 lake, blue 1 lake, yellow 6 lake, red 40 lake, blue 2 lake, blue 2)",none
contains egg,eggs
"confectioners glaze), pineapple (cane sugar",none
"cake mix (sugar, enriched bleached wheat flour (wheat flour, niacin, reduced iron, thiamine mononitrate, riboflavin, folic acid), vegetable oil shortening (palm oil), wheat starch, leavening (baking soda, monocalcium phosphate, sodium aluminum phosphate), artificial strawberry bits (sugar, yellow corn flour, dextrose, modified food starch, canola oil, corn starch, maltodextrin, citric acid, natural and artificial flavor, red 40 and blue 2), emulsifier (propylene esters, mono and diglycerides, sodium stearoyl lactylate), salt, xanthan gum, cellulose gum, natural and artificial flavor, citric acid, colored with (red 40 lake))","wheat, gluten"
calcium fd&c reds 40 and 3,none
grade a grassfed reduced fat organic milk,dairy
"color added (titanium dioxide, beta carotene)",none
"dark chocolate chips (cocoa, sugar, cocoa butter, butter, soy lecithin, vanilla natural flavor)","dairy, soybeans"
"jalapeno mash (jalapeno peppers, vinegar, salt)",none
cane caramel,none
less than 2% of caramelized onion,none
prepared light red kidney beans,none
less than 2% of: calcium carbonate,none
"enriched wheat flour (wheat flour (wheat flour, niacinamide, reduced iron, thiamin mononitrate, riboflavin, folic acid), degermed yellow corn meal, whole wheat, vegetable oil (contains one or more of the following oils: canola, sunflower, soybean), sugar, whey, contains 2% or less of: buttermilk, salt, corn syrup solids, enzyme modified skim milk cheese (pasteurized skim milk, whey protein, cheese cultures, salt, enzymes), yeast, sour cream powder (cream, nonfat dry milk, cultures), maltodextrin, sodium bicarbonate, molasses, onion powder, malt syrup, calcium carbonate, paprika, natural flavor, color (yellow lakes 5 & 6 and other color added), trisodium phosphate, sodium ascorbate, bht (a preservative), reduced iron, vitamin a palmitate, zinc oxide, niacinamide, vitamin d, folic acid, pyridoxine hydrochloride, riboflavin, thiamin mononitrate, enzymes, vitamin b12","wheat, gluten, dairy"
"honey powder (refinery syrup, honey) salt",none
ground tofurky gluten-free sausage: water,gluten
"vegetable oil (cottonseed, peanut, soybean and/or sunflower)]","peanuts, soybeans"
"jalapeno peppers (jalapeno pepper, vinegar, salt, citric acid)",none
contains less than 2% of: sea salt,none
flavor (with safflower oil),none
cultured corn sugar,none
"sun dried tomatoes (sun dried tomato, so2, citric acid, glucose)","sulphur dioxide, sulphites"
"roasted garlic (sunflower oil, natural flavor)",none
prepared horseradish,none
whey protein concentrate natural flavor,dairy
cabernet wine (contains salt),none
potassium sorbate (as a preservative),none
contains 1% or less of soybean oil,soybeans
cashewnuts,tree nuts
"worcestershire sauce (water, vinegar, salt, sugar, malic acid, molasses, citric acid, dehydrated onion and garlic, food gums (arabic, xanthan, guar, cellulose), spices, dextrose, natural flavors, smoke flavor)",none
blood orange juice,none
"milk chocolate (sugar, cocoa butter, chocolate liquor, milk, sunflower lecithin, vanilla extract)",dairy
organic expeller pressed palm fruit oil,none
fudge syrup [corn syrup water,none
"roasted salted pecans (pecans, canola oil, salt)",tree nuts
starter distillate,none
potassium sorbate and calcium disodium edta used to protect quality,none
pasteurized part-skim cow's milk,dairy
organic whole milk powder (rbst free),dairy
soybean oil,soybeans
lactobacillus acidophilus,none
"spices (including turmeric, celery seed, red pepper, paprika)",celery
"cacciatore sauce (crushed tomato (tomatoes, salt, citric acid), chopped tomato (vine-ripened tomatoes, tomato puree, salt, citric acid), suntan pepper, mushroom, onion, canola oil, olive oil, soy lecithin, xanthan gum, garlic, basil, sea salt, black pepper, nisin)",soybeans
"contains one or more of the following non-hydrogenated oils: (corn oil, palm oil, canola oil, soybean oil, cottonseed oil, and/or sunflower oil)",soybeans
"and artificial flavors), white drizzle (sugar",none
flour and salt,gluten
canola oil and spices,none
"blueberry nuggets (dextrose, sugar, wheat flour, modified corn starch, soybean oil, natural and artificial flavor, blueberries, cellulose gum, citric acid, corn maltodextrin, blue 2 lake, red 40 lake)","wheat, soybeans"
no nitrates or nitrites added,none
"paprika oleoresin [for color]), modified cornstarch, annatto extract, spice",none
"pure dark and milk chocolate and white cocoa butter (sugar, chocolate liquor processed with alkali, cocoa butter, butter oil, milk, soy lecithin (an emulsifier), vanilla)","dairy, soybeans"
"enriched egg noodles (durum wheat flour, egg, niacin, iron, [ferrous sulfate], thiamine mononitrate, riboflavin, folic acid)","eggs, wheat"
"vegan margarine (vegetable oil blend, palm fruit, canola and olive oils, water, salt)",none
"sprinkles (icing sugar [sugar, corn starch], palm kernel oil, modified corn starch, corn starch, shellac, sunflower lecithin, fd&c yellow #5, fd&c blue #1, mica-based pearlescent pigment, polysorbate 60)",none
kombu,none
"vegetable oil (sunflower, safflower, canola, corn, cottonseed and/or rice)",none
"organic fudge sauce (organic cane sugar, water, organic cocoa [processed with alkali], organic tapioca starch, organic chocolate liquor)",none
"organic grain and seed blend (organic cracked wheat, organic sunflower seeds, organic pumpkin seeds, organic brown flax seeds, organic sesame seeds, organic black sesame seeds, organic rolled oats, organic steel cut oats, organic millet, organic brown rice, organic golden flax, organic spelt flakes, organic tri-colored quinoa, organic sorghum, organic buckwheat groats, organic kamut khorasan wheat flakes, organic chia seeds, organic poppy seeds, organic barley flakes, organic triticale flakes, organic soft white wheat flakes, organic rye flakes, organic amaranth, organic corn meal, organic red wheat bran)","sesame, wheat"
expeller-pressed non-gmo canola oil,none
10% quinoa,none
active yogurt cultures l,dairy
dried golden california figs,none
organic chile pepper powder,none
"oatmilk (water, oats)",none
"seasoning (maltodextrin sugar, salt, spices, tomato powder, brown sugar, onion powder, torula yeast, vinegar, molasses, natural flavors, extractives of paprika, citric acid, with not more than 2% of sunflower oil and silicon dioxide [processing aid])",none
fairtrade dried coconut,tree nuts
xanthan gum (natural food fiber),none
"cinnamon swirl french toast (bread [enriched flour {wheat flour, malted barley flour, niacin. reduced iron. thiamine mononitrate, riboflavin, folic acid}, water, sugar, wheat flour, soybean oil with citric acid preservative, eggs, contains 2% or less of: cinnamon, salt, yeast, sorbitan monosterate, corn starch, calcium sulfate, enzymes, ascorbic acid {dough conditioner}], egg mix [whole eggs, whey, sugar, nonfat milk. contains 2% or less of: soybean oil, natural vanilla flavor, salt, xanthan gum, natural butter flavor, citric acid])","eggs, dairy, soybeans, wheat"
(contains organic cane sugar),none
paprika},none
cultured pasteurized grade a skim milk,dairy
"organic filling: organic yellow cheddar cheese {(pasteurized organic milk, cheese cultures, sea salt, vegetable enzymes, organic annatto (color)}, organic pepper jack cheese (pasteurized organic milk, cheese cultures, salt, organic jalapeno peppers, vegetable enzymes), organic mozzarella cheese (pasteurized organic milk, cheese cultures, sea salt, vegetable enzymes), water, organic white cheddar cheese (pasteurized organic milk, cheese cultures, sea salt, vegetable enzymes), contains 2% or less of organic corn starch, organic garlic powder, organic green chile peppers, organic onion powder, organic spice, sea salt",dairy
"leavening (sodium anid pyrophoshate, sodium bicarbonate monocalcium phosphate, calcium sulfate) with starch",none
"frozen egg yolk mix (egg yolk, sugar)",eggs
pistachios (sea salt),tree nuts
organic cracked rye,none
bicarbonate of soda and salt,none
onion extract,none
contains 2% or less of each of: guar gum,none
"red chili pepper""""",none
hydrolyzed corn and soy proteins,soybeans
"spice mix (onions, pepper, garlic, tamarind, chili, cinnamon, star anise, clove, cardamom, nutmeg)",none
"raspberry ripple (high fructose corn syrup, water, raspberries, apples, modified cornstarch, strawberries, citric acid, locust bean gum, natural and artificial flavors, salt, potassium sorbate, cellulose gel gum, red 40, caramel [color], blue 1)",none
"dried blueberries (blueberries, sugar)",none
unbleached unenriched wheat flour,"gluten, wheat"
wheat gluten and yeast,"gluten, wheat"
organic parboiled rice,none
"part-skim mozzarella cheese (pasteurized part-skim milk, cheese culture, salt, enzymes)",dairy
olive oil (20%),none
"leavening (sodium aluminum phosphate, sodium bicarbinate, monocalcium phosphate)",none
"toasted bread crumbs [enriched flour (wheat flour, malted barley, niacin, ferrous sulfate, thiamin mononitrate (vitamin b1), riboflavin (vitamin b2), folic acid)","gluten, wheat"
"vegetable oil (contains one or more of the following: canola oil, soybean, cottonseed, sunflower, corn)",soybeans
"bread (enriched wheat flour [wheat flour, niacin, reduced iron, thiamin mononitrate, riboflavin, folic acid], water, contains 2% or less of each: soybean oil, salt, yeast, sugar, wheat gluten, malted barley flour, dextrose, enzymes, ascorbic acid, vegetable protein, guar gum, corn meal)","gluten, wheat, soybeans"
monocalcium potassium sorbate (preservative),none
"banana chips (banana, coconut oil, sugar, natural banana flavoring)",tree nuts
"bean blend (garbanzo bean flour, navy bean flour, red lentil flour)",none
"milk chocolate (sugar, cocoa butter, milk, chocolate liquor, nonfat milk, soy lecithin, vanilla powder)","dairy, soybeans"
ammonium bicarbonate (raising agent),none
"organic white cheddar seasoning (organic cheddar cheese [organic cultured pasteurized milk, salt, enzymes], organic nonfat milk, organic buttermilk, organic whey, salt, disodium phosphate)",dairy
"egg nog base (cane sugar, organic egg yolks, filtered water, spices [cinnamon, nutmeg, ginger, cloves], natural flavor, annatto extractive [color], turmeric extractive [color])",eggs
"crackers [enriched wheat flour (wheat flour, niacin, reduced iron, thiamine mononitrate, riboflavin, folic acid)","wheat, gluten"
"cayenne pepper sauce (aged cayenne red peppers, distilled vinegar, water, salt, garlic powder)",none
"enriched bleached wheat flour (niacin, iron [reduced], thiamine mononitrate, riboflavin, folic acid, malted barley flour)","wheat, gluten"
"salt), lime juice concentrate, modified cornstarch, basil, spearmint, natural flavor",none
roasted dehydrated garlic,none
"cheddar cheese seasoning: [cheddar cheese {(pasteurized milk, cheese cultures, salt, enzymes)",dairy
"crisp rice (rice, sugar, salt, malt, brown sugar)",none
"crust: vegetable blend (cauliflower, water, broccoli, carrots, cabbage, kale)",none
palm and sunflower in variable proportion,none
carrageenan modified corn starch,none
thai red rice,none
emulsifier product [propylene glycol monostearate,none
"caramel sauce (organic tapioca syrup, water, molasses, pea protein, natural flavor, organic cocoa butter, sodium citrate, salt, pectin)",none
"hot sauce (cayenne red peppers, vinegar, salt, garlic)",none
butterfat,dairy
high oleic expeller pressed safflower oil,none
"caramel apple chips (apples, safflower, sunflower and/or canola oil, corn syrup, sugar, maltodextrin, modified corn starch, citric acid, ascorbic acid [vitamin c], natural flavoring, carmel coloring)",none
"leavening (sodium bicarbonate, sodium aluminium phosphate)",none
plums,none
"margarine (soybean oil, palm oil, water, salt, mono- and diglycerides, skim milk, soy lecithin, preservative [sodium benzoate], artificial flavor, vitamin a palmitate, beta-carotene color)","soybeans, dairy"
contains 2% or less of the following: slat,none
vegetable oil (soy / palm oil),soybeans
"organic coconutmilk (filtered water, organic coconut)",none
organic arrowroot,none
poblano peppers,none
organic coconut,tree nuts
"cooked organic black lentils (water, organic black lentils)",none
sesame seed and celery protein,"sesame, celery"
"mangoes (mangoes, sugar, water, corn starch, natural flavor, lemon juice concentrate, annatto extract (for color))",none
"organic spice extractives (organic cinnamon, organic clove, organic capsicum)",none
"baker's cheese (nonfat milk, lactic acid, cultures)",dairy
paprika extractives (for color),none
stevia extract (sweetener) and pumpkin,none
soy lecithin],soybeans
"salt (salt, tricalcium phosphate [anti-caking agent])",none
"low moisture mozzarella cheese (pasteurized milk, cheese culture, salt, enzymes)","dairy, wheat, gluten"
"margarine butter blend (palm oil, butter [cream, salt], water, salt, mono-and diglycerides, sodium benzoate preservative, citric acid preservative, natural flavor, vitamin a palmitate, beta-carotene color)","dairy, soybeans"
cream (adds a trivial amount of fat),dairy
cotton candy extract [sucrose,none
pure oats,none
"enriched vermicelli (wheat flour, niacin, ferrous sulfate [iron], thiamin mononitrate, riboflavin, folic acid)","wheat, gluten"
"marshmallow (corn syrup, water, sugar, modified corn starch, titanium dioxide, artificial flavor, potassium sorbate as preservative, citric acid)",none
"seasoning (salt, modified food starch, sodium phosphates, chicken broth, and natural flavors)",none
"cranberry juice (water, cranberry juice concentrate)",none
sunflower oil or non-organic corn oil,none
"organic feta cheese (pasteurized organic milk, cheese culture, salt, microbial enzymes, organic potato starch [to prevent caking])",dairy
ground red pepper and cumin,none
cellulose powder added to prevent caking,none
organic sprouted whole grain spelt berries,none
organic nutmeg,none
silicon dioxide (added to help prevent caking),none
"arborio rice (water, rice)",none
"non-dairy creamer (partially hydrogenated soybean oil, corn syrup solids, sodium caseinate [milk protein], mono-and diglycerides, dipotassium phosphate, and lecithin)","soybeans, dairy"
roasted garlic alfredo sauce: water,none
vanilla extract and baking soda],none
"seasoning (extra virgin olive oil, garlic, parsley, sea salt, roasted granulated garlic)",none
contains 1% or less of: sea salt,none
freeze dried raspberries,none
purple carrot extract,none
cochneal,none
may contain: peanut,peanuts
less than 2%: eggs,eggs
ferric orthophosphate (a source of iron),none
"extract blend (onion, black pepper, celery, garlic)",celery
sodium and potassium lactate,none
"spices (including chili pepper, cumin, ginger)",none
"leavening (sodium aluminum phosphate, baking soda)",none
"unbleached high gluten flour (enriched whet flour, niacin, reduced iron, thiamine mononitrate, riboflavin, folic acid, potassium bromate)","gluten, wheat"
elderberry extract,none
"margarine (liquid and hydrogenated soybean oil, water, salt, less than 2% of vegetable mono and diglycerides, soy lecithin, natural and artificial flavor, bha & bht added to protect flavor, vitamin a palmitate and vitamin d3 added)",soybeans
ingredients: organic pinto beans,none
"organic bread crumbs (organic wheat flour, water, yeast, sea salt)","gluten, wheat"
criminl mushrooms,none
riboflavin [b2],none
"taco sauce: tomato puree (water, tomato paste)",none
"nut blend (roasted cashews, roasted almonds, sunflower oil, palm oil)",tree nuts
"provolone cheese with smoke flavor (pasteurized milk, cheese culture, salt, enzymes, natural smoke flavor)",dairy
"color (paprika, turmeric extract)",none
gellan gum and stevia extract,none
"enrichment blend (calcium sulfate, ferrous sulfate, niacin, thiamin mononitrate, riboflavin, folic acid, tricalcium phosphate)",none
"cooked salmon (salmon, salt)",fish
organic mint extract,none
artificial strawberry flavor and red # 40 food color,none
"cream (78%) (sugar, cocoa, corn starch, vegetable oil, natural identical chocolate flavor)",dairy
"dehydrated cheddar cheese (cultured pasteurized milk, salt, enzymes)",dairy
"seasoned cream cheese (cream cheese [pasteurized milk and cream, cheese culture, salt, stabilizers {guar gum, carob bean gum, xanthan gum}], unsalted butter [pasteurized cream, natural flavorings], shaved parmesan cheese [pasteurized part - skimmed cow's milk, cheese cultures, salt, enzymes and cellulose {to prevent caking}], granulated garlic, salt, chives, parsley, black pepper, basil, dill, thyme)","dairy, eggs"
"artificial colors (fd&c red 40, titanium dioxide)",none
soup base ingredients: salt,none
"mixed fruit concentrate (pineapple, pear, peach)",none
sodium benzoate added as a preservative,none
processing emmental cheese [emmental,dairy
yellow chiles,none
"cinnamon streusel (sugar, wheat flour [wheat flour, malted barley flour], palm oil, cinnamon, natural flavor)","gluten, wheat"
green chilies (green chilies and citric acid),none
peach powder,none
"liquid whole eggs (pasteurized whole eggs, citric acid)",eggs
"organic dark chocolate (unsweetened chocolate, sugar, cocoa butter )",dairy
pectin and live active cultures: s,none
"soy flou cream cheese (pasteurized milk and cream cheese culture, salt, carob bean gum)","dairy, soybeans"
spice oils (turmeric & annatto),none
and biotin,none
folic acid,none
"enriched long grain rice (iron, niacin, thiamine mononitrate, folic acid)",none
"baking powder (sodium diphosphate, sodium hydrogen carbonate)",none
"tomato to puree (water, tomato paste)",none
"flavor (yeast extract, natural flavor)",none
borlotti beans,none
"organic seasoning (organic spices, organic celery)",celery
pork brains,none
annatto (color)},none
"vanilla chips (cane sugar, palm kernel oil, sunflower lecithin, vanilla extract)",soybeans
and sodium benzoate (added as a preservative),none
honey (9. 5%),none
"flavors (artificial lime, orange, raspberry & banana)",none
green jalapeno peppers,none
"steak sauce seasoning (sugar, salt, romano cheese (cow's milk, rennet, enzymes, salt), dehydrated onions, spices, spice extractives, garlic powder)",dairy
cocoa powder [processed with alkali],none
bacon cured with: water,none
potassium phosphate and calcium lactate and magnesium lactate (electrolyte sources),none
garlic salt and lime,none
contains 2% or less of each of the following: hydrolyzed soy protein,soybeans
stearic acid,none
"food starch prepared (water, modified food starch, methylcellulose)",none
unsweetened chocolate processed with alkali,none
"organic dark chocolate (chocolate liquor, sugar, cocoa butter, soy lecithin [emulsifier], vanilla extract)",soybeans
"sauce (tomato puree, tomato paste, water, cane sugar, red wine vinegar, salt, canola oil, ground oregano, black pepper)",none
"enriched bleached flour (wheat flour, niacin, iron, thiamine mononitrate, riboflavin, folic acid)","wheat, gluten"
calcium acid pyrophosphate,none
european cultures,none
and clove,none
"baking powder (organic potato starch, cream of tartar, sodium bicarbonate)",none
"chipotle hot sauce (white distilled vinegar, red fresno peppers, apple cider vinegar, salt, cane sugar, onion, garlic)",none
"avocados (avocado, salt, ascorbic acid [to maintain natural color], citric acid)",none
brandy vinegar,none
"cooked shrimp (shrimp,salt)",shellfish
"salad dressing (soybean oil, water, sugar, egg yolks [egg yolks, salt], white distilled vinegar, sea salt, modified potato starch, lemon juice, fruit and vegetable juice [for color], xanthan gum)","soybeans, eggs"
blue 1],none
enriched long grain rice [niacin,none
whole grain teff seeds,none
natural madagascar vanilla flavor,none
"mozzarella cheese (low moisture part skim mozzarella cheese [pasteurized part skim milk, cultures, salt, enzymes], powdered cellulose to prevent caking)",dairy
"starch (corn, potato)",none
"heavy cream sauce (shortening powder [soybean oil, corn syrup solids, sodium caseinate, mono & diglycerides], corn maltodextrin, sweet cream solids, salt, sugar, garlic powder, lemon juice powder [corn syrup solids, lemon juice, lemon oil], natural butter flavor)","soybeans, dairy"
natural flavor (fermented wheat flour),"wheat, gluten"
"unsalted butter (sweet cream, natural flavoring)",dairy
dehydrated red and green peppers,none
"dark chocolate (+cacao beans, evaporated cane sugar, +cocoa butter, sunflower lecithin)","soybeans, dairy"
organic heirloom cacao,none
margarine vegetable oil blend [palm fruit,none
"anti-caking blend (potato starch, corn starch and powdered cellulose, natamycin [a natural mold inhibitor])",none
a b vitamin (niacin),none
contains two percent or less of wheat starch,"wheat, gluten"
shallots,none
"mixed milk cheese (pasteurized sheep and cow's milk, cheese cultures, salt, enzymes)",dairy
"sauce: (tomato puree, tomatoes, com oil, salt, olive oil, pepper, spices and garlic)",none
cultured nonfat dry milk,dairy
gluten free whole grain oats,none
"hershey's special dark syrup (high fructose corn syrup, corn syrup, water, cocoa processed with alkali, sugar, salt, mono- and diglycerides, xanthan gum, polysorbate 60, artificial flavor)",none
spice oils (turmeric and annatto),none
dried figs with potassium sorbate added as a preservative,none
dried onions1,none
"ketchup (red ripe tomatoes, distilled vinegar, high fructose corn syrup, salt, onion, spices, natural flavor)",none
soluble corni fiber,none
"udon noodles (water, wheat flour, salt)","wheat, gluten"
mono- and di-glycerides of fatty acids (emulsifier),none
"artificial colors (incl. fd&c red 3, red 40, yellow 5, blue 1, titanium dioxide)",none
"preservatives (sodium benzoate, sodium propionate, potassium sorbate, sorbic acid)",none
colored with paprika and turmeric extracts,none
dry coconut,tree nuts
breadcrumb coating: bleached wheat flour,"wheat, gluten"
"hoisin sauce (soybeans, wheat, sugar, water, tomato paste, salt, lemon, caramel color, garlic, vinegar, chili)","soybeans, wheat, gluten"
gummy trees: sugar,none
"contains 2 % or less of: asiago and romano cheeses (cultured pasteurized cow's milk, salt, enzymes)",dairy
"roux flavor (flavor, toasted wheat flour, butter, gum arabic)","dairy, wheat, gluten"
soybean or cotton oil,soybeans
and onion powder,none
"organic enzymes (organic cornstarch, organic soybean lecithin, enzymes [plant based], tri-calcium phosphate)",soybeans
"certified colors (fd&c blue #1, blue #2, red #40, yellow #6 and yellow #5 lakes and red #3)",none
"celery powder and sea salt (pork, water, sea salt, may contain: sugar, brown sugar, vinegar, flavorings, evaporated cane syrup, sodium lactate, celery juice and/or celery powder, lactic acid starter culture [not from milk])",celery
wild oregano,none
"organic yogurt (organic whole milk, organic skim milk powder, non gmo yogurt cultures)",dairy
non-gmo expeller pressed sesame oil,sesame
"brownies (margarine (palm oil, saybean oil, salt, mono & diglycerides, artificial flavor, annatto (color), vitamin a palmitate), sugar, enriched wheat flour wheat flour, thiamine mononitrate, niacin, riboflavin (vitamin b2), reduced iron, folic acid)","dairy, wheat, gluten"
fermented lactics,none
water - guava pulp apple,none
"pasteurized process american cheese (cultured pasteurized milk and skim milk, buttermilk, milk fat, salt, sodium phosphate, milk protein concentrate, acetic acid, lactic acid, enzymes)",dairy
mango juice concentrate,none
dehydrated red and green bell peppers,none
steviol glycoside,none
"strained yogurt (grade a pasteurized skimmed milk and cream, cultures)",dairy
"dehydrated organic herbs (parsley, oregano)",none
"peanuts (peanuts, canola oil and/or peanut oil and/or sunflower oil, salt)",peanuts
corn syrup; less than 2% of: citric acid,none
organic ground paprika,none
colored butterbean,none
"vegetable marinara sauce (tomato puree [water, tomato paste], diced tomatoes [tomatoes, citric acid], zucchini, carrots, red and yellow bell peppers, eggplant, onions, onion puree, olive oil, sunflower oil, sugar, natural flavors, tapioca starch, salt, garlic, garlic puree, thyme, marjoram, ground black pepper)",none
contains 2% or less of: cocoa processed with alkali,none
"leavening (sodium aluminum phosphate, sodium bicarbonate, and monocalcium phosphate)",none
"feta cheese (pasteurized milk, salt, cheese culture, enzymes, potato starch [to prevent caking])",dairy
vegetable and fruit juice color,none
"sour cream (cultured cream, nonfat milk)",dairy
"seasoning blend (tarragon, salt, spices, dehydrated garlic, dehydrated onions, xanthan gum)",none
"mozzarella cheese: low moisture part skim mozzarella cheese (pasteurized part skim-milk, cheese cultures, salt, enzymes, powdered cellulose added to prevent caking)",dairy
"worcestershire sauce (distilled vinegar, molasses, corn syrup, water, salt, caramel color, garlic powder, sugar, spices, tamarind, natural flavor, sulfiting agent [ammonium bisulfite, sulfur dioxide])","sulphur dioxide, sulphites"
oat fiber],none
"dried mango (mango, cane sugar, citric acid)",none
raising agent: sodium bicarbonate,none
"salt 2% fish sauce (anchovy fish, salt sugar) 1",fish
"and/or high oleic canola oil), mineral oil, soy lecithin",soybeans
"banana chips (banana, coconut oil, sugar and banana flavor)",tree nuts
organic stone-ground wheat crackers: organic unbleached wheat flour,"wheat, gluten"
"cheeses (low moisture part skim mozzarella and parmesan cheeses [cultured pasteurized part skim milk, salt, enzymes], white cheddar and provolone cheeses [cultured pasteurized milk, salt, enzymes])",dairy
tomatoes tomatoes,none
carmine and fd&c red no,none
"cream cheese (pasteurized milk and cream, cheese culture, salt, guar gum, carob bean gum, xanthan gum)",dairy
salt powder soup : salt beef monosodium glutamate,none
breader [bleached wheat flour,"wheat, gluten"
organic shredded coconut,none
"fiber blend (lemon fiber, pea fiber, potato fiber, psyllium fiber, sea weed fiber)",none
artificial cherry flavor,none
"chocolate chips (sugar, unsweetened chocolate, coconut oil, soy lecithin, vanilla, salt)",soybeans
"hard grated cheese (cultured milk whey, salt, enzymes)",dairy
yellow 5 aluminum lake,none
"lime juice powder (corn syrup, lime juice, lime oil)",none
crushed flax seeds,none
ascorbic acid as an antioxidant,none
tannic acid,none
filling: [beef,none
ester gum,none
parmesan cheese: pasteurized part-skim milk,dairy
vitamin blend [tripotassium citrate,none
soup mix potato starch,none
"anchovy paste (anchovy, salt, olive oil, acetic acid)",fish
filling ingredients: organic tomato,none
pinto beans,none
"mushroom seasoning (baked mushrooms including juices, salt, potato flour, dried whey, butter [cream, flavorings], sugar, autolyzed yeast extract, flavorings, potassium sorbate, disodium inosinate, disodium guanylate)",dairy
powdered sugar,none
caramel color (contains sulfites),sulphites
and beta carotene,none
uncured turkey breast,none
"spices and herbs (including black pepper, oregano, marjoram, and thyme)",none
"organic chocolate chips (organic sugar, organic chocolate liquor, organic cocoa butter organic soy lecithin [emulsifier])",soybeans
dairy product solids (milk),dairy
"enriched wheat flour (wheat flour, niacin, reduced iron, thiamine mononitrate, riboflavin, enzyme, folic acid)","wheat, gluten"
select farmland black angus or higher certified angus beef,none
"vegetable oil shortening (soybean oil or canola oil, modified palm oil, soy lecithin, and/or partially hydrogenated soybean oil)",soybeans
selected mustard seed,mustard
"shrimp base (shrimp, salt, maltodextrin, hydrolyzed soy protein, soy flour, sugar, dried whey and cultured whey, dried onion and garlic, corn oil, autolyzed yeast extract, natural flavors, xanthan gum, and oleoresin paprika)","shellfish, dairy, soybeans"
organic raw coconut nectar,none
"dough conditioner (mono- and di-glycerides, ethoxylated mono- and di-glycerides, sodium stearoyl lactylate, ascorbic acid)",none
seasoning [sea salt,none
"guajillo pepper puree (guajillo chile peppers, citric acid)",none
cottonseed oil and/or soybean oil,soybeans
and lime oil,none
"chipotle paste (chipotle peppers, water, salt and acetic acid)",none
organic butter (cream),dairy
"peanut butter filling: organic peanut butter (organic dry roasted peanuts, organic expeller pressed palm oil, salt)",peanuts
red radish color,none
may contain 2% or less of paprika,none
"vegetable oil (sunflower, safflower, canola, palm and/or corn oil)",none
natural white truffle flavor with other natural flavors,none
lemon slices,none
celery stock,celery
ingredients: grade a fat free milk,dairy
"chocolate cookies (sugar, wheat flour, coconut and palm oils, cocoa, cocoa processed with alkali, caramel color, corn syrup, salt, sodium bicarbonate, soy lecithin)","wheat, soybeans, dairy"
kernels peanuts oil and/or cottonseed oil and/or soybean or and/or canola oil and/or sunflower oil,"peanuts, soybeans"
bht,none
and potassium sorbate (a preservative),none
"icing: (icing sugar [sugar, corn starch], vegetable oil shortening [canola oil, palm oil, palm kernel oil, monoglycerides, polysorbate 60], invert sugar, margarine [soybean oil, palm oil, water, salt, whey, monoglycerides, soy lecithin, natural flavor, annatto extract {color}, turmeric extract {color}, vitamin a palmitate, vitamin d3], corn syrup, water, modified corn starch, nonfat dry milk, mono- and diglycerides, artificial flavor, salt, red 40 lake, red 3, beet powder {color})","dairy, soybeans"
tangerines,none
organic vanilla flavor powder,none
ginseng extract (panax),none
"fruit purees (strawberry, raspberry, orange, and grape)",none
fully cooked in vegetable oil,none
"parmesan cheese (part skim pasteurized cow's milk, cheese cultures, salt, enzymes)",dairy
"hydrogenated vegetable oil (coconut oil, palm kernel oil)",none
"including (red # 40, red #3)",none
"garlic flavored butter sauce (sunflower oil, butter, palm oil, dehydrated onion, powdered cream, white wine [contains sulfites], dried red pepper, natural garlic flavor, dried parsley, mixed tocopherols [antioxidant])","dairy, **sulphites"
"peanut butter cups (sugar, coconut oil, cocoa processed with alkali, nonfat milk, milk, soy lecithin, natural flavors, peanut butter [peanuts, salt])","peanuts, dairy"
"vegetable oil (consisting of corn, cottonseed, canola, sunflower or soybean oil)",soybeans
fermented and pasteurized whole halkidikis olives,none
dry roasted unblanched almonds,tree nuts
fd&c yellow #5 & #6,none
"anchovy paste (anchovy, olive oil, acetic acid)",fish
partially hydrogenated soybean,soybeans
made of: invert sugar,none
"roasted almonds (almonds, canola and/or cottonseed oil, salt, butter)","tree nuts, dairy"
under 2% taurine,none
"smoked provolone cheese (cultured pasteurized milk, salt, enzymes, natural smoke flavor)",dairy
"tamari soy sauce (water, soybeans, salt, sugar)","soybeans, wheat"
kashmiri chili,none
four cheese flavor [cheese blend {cheddar cheese,dairy
"organic vegetable blend (organic escarole, organic endive, organic radicchio, organic carrots)",none
mini peppers,none
"cookie pieces (enriched wheat flour [wheat flour, niacin, reduced iron, thiamin mononitrate, riboflavin, folic acid], sugar, vegetable oil [soybean, palm, palm kernel], dextrose, yellow corn flour, cocoa processed with alkali, invert sugar, chocolate, leavening [baking soda, monocalcium phosphate], salt, cornstarch, natural flavor, soy lecithin, whey)","wheat, soybeans, dairy"
"oyster sauce (soy sauce [soybeans, wheat flour, salt, water], water, sugar, oyster extract, modified tapioca starch, salt, sodium lactate, vinegar, oyster flavor, caramel color)","soybeans, wheat"
"low-moisture part-skim mozzarella cheese (pasteurized part-skim milk, cheese culture, salt and enzymes)",dairy
annatto extract and turmeric (color),none
nutrition blend: niacinamide,none
"textured vegetable protein (soy flour, caramel color, and fd&c red #3)",soybeans
flour (wheat); egg yolks,"eggs, wheat"
japonia rice,none
ammonium glutamate,none
contains less than 2% of the following: organic vanilla extract,none
"seasoning (tomato powder, spices, salt, onion powder, garlic powder, maltodextrin, sugar, safflower oil, yeast extract, lime juice powder [maltodextrin, lime juice solids, natural flavors], disodium guanylate, disodium inosinate, paprika extract [color], natural flavor)",none
halved cherries colored red with carmine,none
mint flavor,none
"chicken and beef (pork, mechanically separated chicken, beef, salt, spices, dextrose, lactic acid starter culture, oleoresin paprika, sodium ascorbate, flavoring, sodium nitrite, bha, bht, citric acid)",none
"partially hydrogenated vegetable shortening (contains one or more of the following: partially hydrogenated soybean oil, cottonseed oil)",soybeans
"organic brown sugar (organic sugar, organic molasses)",none
"chicken flavor (salt, hydrolyzed soy protein, yeast extract, sugar, onion powder, natural flavor, turmeric)",soybeans
citric acid (added as a preservative only),none
"filling (vegetable fat [palm, sunflower, rapeseed], sugar, skimmed milk powder, milk sugar, cocoa powder, soy lecithin [emulsifier])","dairy, soybeans"
contains less than 2% of: modified cornstarch,none
with 2 percent or less of the following: corn starch,none
refined wheat flour,"wheat, gluten"
"nut and seed flour blend (almonds, sunflower seeds, flax seeds)",tree nuts
organic amaranth puffs,none
and less than 2% of soy protein isolate,soybeans
and silicon dioxide (<2% added to prevent caking),none
boneless skinless chicken breasts,none
"sugared egg yolk (sugar, egg yolk)",eggs
powdered butter milk,dairy
dark sweet cherries,none
starch-modified,none
"white cheddar cheese cubes (cheddar cheese (pasteurized milk, cheese culture, salt, enzymes), powdered cellulose (to prevent caking), natamycin (a natural mold inhibitor).)",dairy
spirulina extract (color),none
"catfish (fish, water, sodium phosphates [to retain moisture], salt)",fish
contains less than 1% of fructose,none
contains 2% or less of the following: soybean and/or canola oil,soybeans
dairy cream,dairy
less than 1% lemon juice concentrate,none
"balsamic vinegar (red wine vinegar, grape must)",none
"cooked pasta (water, durum semolina flour, niacin, ferrous sulfate, thiamine mononitrate, riboflavin, folic acid)",gluten
"organic vegetable blend (organic broccoli, organic cauliflower, organic carrots, organic kale, organic mushrooms, organic zucchini, organic squash, organic spinach)",none
freeze dried shrimp,shellfish
natural berry,none
elderberry juice concentrate (color),none
hazelnuts 2,tree nuts
natural flavors and phosphoric acid,none
"soup base: fish sauce (anchovy extract, salt, water)",fish
"monterey jack cheese (cultured pasteurized milk, salt, microbial enzymes)",dairy
non-amidated fruit pectin,none
"crust (unenriched wheat flour (wheat flour, malted barley flour), water, soybean oil, sugar, sea salt, malt (malted barley, corn grits), whole milk mozzarella cheese (pasteurized milk, cheese cultures, salt, enzymes), beef crumble (beef, water, salt, caramel color), cheeseburger sauce (tomato concentrate (made from fresh ripe tomatoes, sugar, distilled vinegar, salt, onion powder, spices, natural flavor), yellow mustard (distilled vinegar, water, #1 grade mustard seed, salt, turmeric, paprika, spice, natural flavor and garlic powder), buttermilk powder, canola oil, salt, ascorbic acid), yellow cheddar cheese (pasteurized milk, cheese cultures, salt, enzymes, annatto color), kosher dill pickles (cucumbers, water, vinegar, salt, calcium chloride, 1/10th percent sodium benzoate (as a perservative), natural spices and flavors, edta (perserves freshness), turmeric (for color)), ketchup (tomato concentrate made from red ripe tomatoes, distilled vinegar, sugar, salt, onion powder, spices, natural flavorings), minced onions","wheat, dairy, soybeans, mustard"
"maltodextrin gum blend (guar, xanthan, carob bean)",none
"cheddar cheese (pasteurized milk, cheese cultures, salt, enzymes, annatto [color], potato & corn starch [to prevent caking], natamycin [mold inhibator)",dairy
organic chipotle pepper puree,none
fresh pressed ginger juice,none
brazils,tree nuts
"yellow coloring (salt, yellow 5)",none
fudge core: corn syrup,none
"fudge chunks (sugar, coconut oil, cocoa processed with alkali, cocoa, butter oil, soy lecithin, natural flavors)","soybeans, dairy"
invert cane syrup,none
sodium benzoate (to maintain freshness),none
dried prunes with pits,none
sodium metabisulphite and enzymes,"sulphur dioxide, sulphites"
"cheese (milk, cheese cultures, salt, enzymes)",dairy
"confectionary coating (sugar, coconut oil, cocoa powder, nonfat milk powder, whole milk powder, anhydrous milkfat, soy lecithin, natural flavors)","dairy, soybeans"
pretzel crisps: wheat flour,"wheat, gluten"
organic egg yolk,eggs
butter flavored oil [partially hydrogenated soybean oil,soybeans
"organic spices (organic basil, organic oregano, organic thyme) organic garlic powder",none
"natural and artificial flavor (contains milk, sulfites)","dairy, sulphites"
organic blue agave,none
"enzyme modified cheddar cheese solids (milk, cheese culture, salt, enzymes, calcium chloride)",dairy
"cheddar cheese sauce: (whey, dairy product solids, salt, cheddar cheese [milk, cheese culture, salt, enzymes], modified cornstarch. contains 2% or less of each of the following: with beet juice, annatto extract, beta carotene and turmeric oleoresin added for color, citric acid, disodium phosphate, lactic acid)","dairy, wheat, gluten"
may contain: garlic powder,none
"pasta and vegetables pasta (water, durum semolina [wheat], niacin, ferrous sulfate [iron], thiamine mononitrate, riboflavin, folic acid)","wheat, gluten"
vegetable shortening (palm oil and soybean oil with mono- and diglycerides),soybeans
"garbanzo beans (chickpeas, water, salt)",none
"partially hydrogenated vegetable shortening (soybean and/or cottonseed oil and/or canola oil, propylene glycol monoesters, mono and diglycerides, soy lecithin, bht and citric acid added as preservatives)",soybeans
sulfur dioxide (as preservative),"sulphur dioxide, sulphites"
pizza sauce - water,none
charbroiled white chicken meat,none
2% or less of corn starch,none
lime and sea salt,none
"pie shell (wheat flour, vegetable oil shortening [canola oil, palm oil, and modified palm oil], water, dextrose, salt, sodium propionate, sulfites)","wheat, gluten, sulphites"
"butter (cream, annatto [color])",dairy
"artificial colors (fd&c red no. 40, fd&c yellow no. 5, fd&c blue no. 1)",none
fd & c yellow 6 bright blue fd & c 1 and vegetable oil brominated,none
pinto,none
sodiumphosphates,none
sodium metabisulfite (as preservative),sulphites
"artificial colors (yellow 6, yellow 6 lake, yellow 5 lake, and red 40 lake)",none
"bold and sweet bbq rub (brown sugar, dehydrated garlic, spices, dehydrated onion, chipotle pepper, ancho chile, paprika, mustard, corn syrup solids, salt, sugar, soy sauce powder [soy sauce {wheat, soybeans, salt}, maltodextrin, salt], natural flavor, fully refined soybean oil [processing aid], with no more than 2% silicon dioxide as anti-caking agent)","mustard, soybeans, wheat, gluten"
"enriched macaroni (wheat flour, salt, glyceryl monostearate, niacin, iron [ferrous sulfate], thiamine mononitrate, riboflavin, folic acid)","wheat, gluten"
less than 2% of dried garlic,none
caramel color and apocarotenal,none
"dried apricot (apricots, rice flour, sulphur dioxide (to retain color), almonds, white chocolate (sugar, unsweetened chocolate, cocoa butter, soy lecithin [emulsifier], vanilla), contains less than 2% reduced sodium baking powder (calcium acid pyrophosphate, corn starch, sodium bicarbonate, potassium bicarbonate, monocalcium phosphate), orange peel, natural flavours, salt, vanilla extract","sulphur dioxide, sulphites, tree nuts, dairy"
"chocolate chips (sugar, chocolate liquor, cocoa butter, soy lecithin (an emulsifier), vanilla extract)",soybeans
"soy sauce (soybeans, salt, wheat, sugar)","soybeans, wheat, gluten"
soybean and palm oil (with tbhq for freshness),soybeans
organic sprouted whole wheat flour,"wheat, gluten"
contains 2% or less of each of the following: yeast extract,none
"chocolate flavored coating (sugar, coconut oil, palm oil, cocoa powder, cocoa processed with alkali, soy lecithin, and vanilla)",soybeans
"chihuahua style cheese (pasteurized milk, salt, calcium chloride, rennet)",dairy
dextrose xanthan gum,none
and organic evaporated cane syrup,none
[non-gmo] organic light brown sugar,none
natural and artificial flavor (contains wheat and milk),"wheat, dairy"
corn syrups solids,none
"whole grain flour and flax seed blend (hard red wheat, oat groats, triticale berries, rye berries, dehulled barley, soft white wheat, spelt berries, hard white wheat, flax)",wheat
"pie top (enriched flour (wheat flour, niacin, ferrous sulfate, thiamin mononitrate, riboflavin, folic acid), vegetable shortening (palm oil, soybean oil), water, maltodextrin, contains 2% or less of each of the following: dextrose, salt, calicium propionate)","wheat, soybeans"
organic peach flavor,none
"romano cheese (part-skim milk, cheese culture, salt, enzymes)",dairy
matzo crumbs matzo meal (flour and water),wheat
ground chilies,none
monosodium glutanate,none
100% natural whole grain irish oats,none
confectioner' glaze,none
sesame oil+,sesame
"half and half (milk, cream) vegetable shortening (palm oil, canola oil)",dairy
spice blend: ground cumin,none
"potato flakes (dried potatoes, monoglycerides, sodium acid pyrophosphate, citric acid, sodium bisulfite and bha [preservatives])",none
"vegetable oil (contains one or more of the following: cottonseed oil, palm oil, corn oil, canola oil and/or soybean oil)",soybeans
"margarine (palm oil, soybean oil, water, salt, vegetable mono- and diglycerides, soy lecithin, sodium benzoate [preservative], citric acid, natural and artificial flavor, vitamin a palmitate added, beta carotene [color], whey)","soybeans, dairy"
prepared organic chick peas,none
"enriched unbleached wheat flour (wheat flour, malted barley flour, niacin, reduced iron, thiamine mononitrate, riboflavin, folic acid)",wheat
strawberry juice concentrate with other natural flavors,none
6%,none
fruit and vegetable juices (color),none
organic reishi mushroom extract,none
"rice blend (white rice, brown rice)",none
"filling (mozzarella cheese [pasteurized milk, cheese cultures, salt, enzymes], fire roasted tomatoes [fire roasted diced tomatoes, tomato juice, salt, dehydrated garlic, calcium chloride, citric acid], pecorino romano cheese [sheep's milk, rennet, salt], onion, monterey jack cheese [pasteurized milk, cheese cultures, salt, enzymes], heavy cream, milk, egg yolk, basil, thyme, dijon mustard [distilled vinegar, water, mustard seed, salt, chardonnay wine, citric acid, tartaric acid, spices, turmeric], butter [pasteurized cream], garlic, salt, black pepper)","dairy, eggs, mustard"
"pure vanilla powder (dextrose, vanilla extract)",none
"leavening (yeast, sodium acid pyrophosphate, sodium bicarbonate, carob bean gum)",none
seasoned with brown sugar,none
grana padano cheese [milk,dairy
"margarine (liquid and hydrogenated soybean oil, water, salt, less than 2% vegetable mono and diglycerides, soy lecithin, natural and artificial flavor, bha & bht added to protect flavor, vitamin a palmitate and vitamin d3 added)",soybeans
"organic cheddar cheese (cultured pasteurized organic milk, salt, microbial enzymes [non animal, rennetless])",dairy
knock-out punch: glycerine,none
"uncured pepperoni no nitrates or nitrites added except those naturally occurring in celery powder (pork, beef, salt, contains less than 2% of: mustard, sugar, spice extractive of paprika (color), spice extractives, garlic powder, citric acid, lactic acid starter culture, celery powder)","mustard, celery"
organic stevia leaf extract powder,none
salad dressing [ soybean oil,soybeans
folate,none
pasta 70%: durum wheat semolina,wheat
"sprinkles (icing sugar [sugar, cornstarch], palm kernel oil, modified cornstarch, cornstarch, shellac, sunflower lecithin, color [fd&c blue #1, fd&c red #40], polysorbate 60)",none
"organic dried sweetened cranberries (organic cranberries, organic sugar, organic sunflower oil)",none
"dough conditioners (may contain one or more the following: datem, enzymes, azodicarbonamide, ascorbic acid, calcium citrate)",none
"apple cinnamon flavored granola (granola [rolled oats, sugar, dried apples {apple, sugar, rice flour, sunflower oil, ascorbic acid, citric acid}, coconut oil, rice syrup, rice crisp {rice, sugar, malt flavor}, natural flavor, cinnamon, soy lecithin, salt], coating [palm oil])","soybeans, wheat"
less than 2% of: cextrose,none
"multi grain croutons (enriched wheat flour [wheat flour, niacin, reduced iron, thiamine mononitrate, riboflavin, folic acid], canola oil and/or olive oil, salt, sugar, rye meal, wheat bran, yeast, caramel color, dehydrated garlic, corn meal, spices, caraway seeds, natural butter flavor [a milk ingredient])","wheat, dairy"
key lime juice,none
natural cocoa extract,none
"lemon chicken broth (water, chicken base [chicken meat with natural juices, salt, organic cane sugar, maltodextrin, yeast extract, chicken fat, onion powder, turmeric, natural flavor, spice extractive], crushed garlic [garlic, water, salt, lemon concentrate], butter [milk], corn starch, concentrated lemon juice)",dairy
"miso broth (water, red miso [soybeans, rice koji (rice, koji spores), sea salt, water], white miso [soybeans, rice koji (rice, koji spores), sea salt, water], tamari [water, soybeans, salt], yeast extract, kombu)",soybeans
purple rice flour,none
"margarine (soybean oil, palm oil, water, salt, mono and diglycerides, soy lecithin, sodium benzoate, artificial flavor, vitamin a palmitate and beta carotene (color)], raspberry filling (sugar, raspberry puree, dehydrated apple, corn syrup, high fructose corn syrup, water, pectin, citric acid, potassium sorbate (used as preservative), fd&c red #40 and blue #1, sulphur dioxide and sodium sulfite), sprinkles and nonpareils (sugar, corn starch, palm oil, palm kernel oil, dextrin, soy lecithin, confectioner's glaze, carnauba wax, fd&c yellow #5 lake, red #40 lake, yellow #6 lake, red #3 and blue #1 lake. chocolate fudge (sugar, palm oil, soybean oil, cocoa (processed with alkali), soy lecithin (an emulsifier) and vanilla),natural and artificial flavors, salt and whey [from milk]","soybeans, dairy, **sulphur dioxide"
"vinegar), wasabi wasabi, horseradish, sorbitol, rapeseed, oil, salt, natural, mustard oil), sesame seed, seaweed","mustard, sesame"
rice wine (contains sulfites),sulphites
contains less than 1% of: organic tapioca starch,none
"ice cream (milk, cream, skim milk, buttermilk, whey, sugar, corn syrup, contains 2% or less of: vanilla extract, artificial flavor, mono and diglycerides, guar gum, calcium sulfate, carob bean gum, cellulose gum, carrageenan, annatto for color)",dairy
contains less than 2% of each of the following: yeast,none
"mayonnaise (soybean oil, water, corn syrup egg yolk, contains less than 2% distilled vinegar, salt, mustard flour, calcium disodium edta [to protect quality])","soybeans, eggs, mustard"
calcium propionate and potassium sorbate (mold inhibitors),none
"semi-sweet chocolate chips (sugar, chocolate liquor, cocoa butter, soy lecithin [added as an emulsifier], vanilla extract, salt)",soybeans
"vegetables (spinach, artichokes [ artichokes, water, salt, citric acid], onions, garlic)",none
cranberry concentrate & chia seeds,none
"shredded mozzarella cheese (pasteurized milk, vinegar, enzymes, salt)",dairy
ascorbic acid - a preservative,none
"organic sharp cheddar cheese (organic cultured pasteurized milk, salt, enzyme)",dairy
"organic macaroni (organic unbleached durum wheat flour, organic whole durum wheat flour, filtered water)","gluten, wheat"
"organic candied ginger (organic ginger, organic cane sugar)",none
oleoresin paprika and natural flavor,none
"milk chocolate (sugar, cocoa butter, milk, chocolate, soy lecithin, natural vanilla extract)","dairy, soybeans"
"pork base (roasted pork meat and natural juices, salt, corn syrup, yeast extract, whey [milk], chicken fat, corn oil, sugar, natural flavor, wine and caramel color)",dairy
"coating sugar (dextrose, corn starch, partially hydrogenated soybean and/or cottonseed oil, titanium dioxide [color], artificial flavor and calcium propionate [preservative])",none
blue 2 and red 40,none
straw mushroom 2,none
"contains less than 2% romano cheese (pasteurized milk, cheese cultures, salt, enzymes)",dairy
medium couscous (durum wheat semolina),"gluten, wheat"
dry mango (7%),none
"guajillo puree (water, dried guajillo peppers)",none
strawberry and cherry juice concentrates,none
"vegetable oil (palm, soybean, canola and/or palm kernel oil)",soybeans
"pepperoni (pork, beef, salt, spices, sugar, water, oleoresin of paprika, natural smoke flavoring, lactic acid starter culture, garlic powder, flavoring, sodium nitrate, ascorbic acid, bha, bht, citric acid)",none
"milk chocolate (sugar, cocoa butter, nonfat milk powder, whole milk powder, chocolate liquor, butter oil, soy lecithin [emulsifier], natural vanilla flavor)","dairy, soybeans"
green chill peppers,none
"low moisture part-skim mozzarella (pasteurized part skim milk, cheese cultures, salt, enzymes)",dairy
"cookie dough flavor (sugar, high fructose corn syrup, water, molasses, natural flavor, vanilla extract)",none
"enriched bleached wheat flour (flour, niacin, iron as ferrous sulfate, thiamine mononitrate, riboflavin, folic acid)","gluten, wheat"
topping: seasoned vegetable protein nuggets [water,none
boneless chicken breast,none
"late july organic mild green mojo seasoning (salt, organic green pepper powder, organic parsley powder, organic sour cream, powder [organic cream, organic whey powder, disodium phosphate, lactic acid, cultures, salt], organic cheese powder [organic cheddar cheese, organic whey powder, lactic acid, disodium phosphate, cheese cultures, non-animal enzymes], organic whey powder, organic evaporated cane sugar, organic jalapeno powder, organic lime juice powder [organic lime juice, organic maltodextrin, mixed tocopherols], organic garlic powder, organic onion powder)",dairy
invert sugar syrup,none
"hickory smoked turkey breast (turkey breast, water, contains 2% or less salt, modified food starch, sugar, sodium phosphate, natural smoke flavoring, sodium erythorbate, sodium nitrite, caramel color, sunflower oil, natural flavor, smoked provolone cheese (cultured pasteurized milk and skim milk, salt, smoke flavoring, enzymes), garlic dijon aioli (dijon mustard [water, mustard seed, vinegar, salt, white wine, citric acid, tartaric acid, turmeric, spices], water, garlic puree (garlic, vinegar), soybean oil, parmesan cheese [parmesan cheese {pasteurized part-skim cow's milk, cheese cultures, salt, enzymes}, powdered cellulose added to prevent caking, potassium sorbate to protect flavor], seasoning [salt, sugar, citric acid, spices, lemon peel, garlic, onion, lemon juice powder, corn starch, extractives of turmeric, and less than 2% silicon dioxide to prevent caking], modified food starch, egg yolks, distilled vinegar, salt, sodium alginate, lactic acid, xanthan gum, sodium benzoate and potassium sorbate [preservatives], natural flavor, calcium disodium edta [to protect flavor])","dairy, eggs"
"sunflower oil), dehydrated red bell peppers, dried garlic, soybean oil, modified corn starch, leek, granulated garlic, black pepper, xanthan gum,potassium sorbate (preservative), sodium benzoate (preservative)",soybeans
cellulose gum (sodium carboxymethylcellulose),none
vegetable oil corn,none
contains 2% or less of: garlic (including dehydrated),none
pork(food alliance certified),none
esther gum,none
chili (12%),none
"unbleached enriched wheat flour (unbleached enriched wheat flour, niacin, reduced iron, thiamine mononitrate, riboflavin, folic acid)","gluten, wheat"
"spices (chili pepper, red pepper)",none
silicium dioxide,none
d&c red #40,none
"cage-free salted egg yolks (cage-free egg yolks, salt)",eggs
pineapple filling [high fructose corn syrup,none
natural extractives of paprika (color),none
less than 2%: jalapeno pepper,none
organic roasted macadamia nuts,tree nuts
organic brown basmati rice,none
"asiago cheese (pasteurized cow's milk, cheese culture, salt, enzymes)",dairy
"margarine (palm oil, vegetable oil [contains one of more of the following: soybean oil, canola oil, coconut oil, and/or corn oil], salt, mono- and diglycerides, ascorbyl palmitate, vitamin a palmitate, vitamin d3, carotene [color], natural and artificial flavors)",soybeans
"pea protein crisps (pea protein, brown rice flour)",none
"ham base (cooked ham [cured with water, salt, dextrose, sodium phosphate, sodium erythorbate, sodium nitrite)",none
sucrose acetate isobutyrate,none
potassium sorbate to ensure freshness,none
"cayenne pepper sauce (aged cayenne peppers, distilled vinegar, water, salt, natural flavor, garlic powder)",none
organic hemp oil,none
"spices (including paprika, turmeric, black pepper, cumin, white pepper, annatto)",none
"cheesecake mix ingredients: powdered sugar (sugar, cornstarch)",none
"hydrogenated vegetable oil (rapeseed, cottonseed, and soybean oil)",soybeans
organic fresh celery,celery
"natural butter flavor [(maltodextrin, enzyme modified butter, annatto, turmeric)",dairy
potassium sorbate and calcium disodium edta as preservatives,none
"ham with natural juices (cured with water, salt, dextrose, sodium lactate, sodium phosphate, sodium diacetate, sodium ascorbate, sodium nitrite)",dairy
"gochujang hot pepper paste (water, sugar, red chili pepper powder, fermented soybean paste [water, soybeans, rice, salt, alcohol], pear puree concentrate, salt, salted sake [sake {water, rice, koji (aspergillus oryzae)}, salt], less than 2% of: onion powder, garlic powder, yeast extract, rice vinegar, sesame oil, paprika, corn starch)","soybeans, sesame"
"soy sauce powder (soy, salt, wheat)","soybeans, wheat"
mysterious flavor - glucose syrup,none
"marshmallow bits (sugar, corn syrup, modified corn starch, gelatin, sodium hexametaphosphate, artificial and natural flavor, blue 1)",none
"ingredients: enriched unbleached wheat flour (wheat flour, niacin, reduced iron, thiamine mononitrate, riboflavin, folic acid)","wheat, gluten"
organic peanut butter,peanuts
mixed tocopherols (a preservative),none
smoked paprika,none
annatto and turmeric,none
"cheese blend (low moisture part-skim mozzarella cheese [pasteurized milk, cheese culture, salt, enzymes], asiago cheese [pasteurized milk, salt, cheese culture, enzymes], roasted garlic, natamycin [mold inhibitor])",dairy
fd&c green no,none
"tikka masala sauce (water, onion, tomato, spices, rice bran oil, tomato paste, ginger, sugar, garlic, corn starch, salt, cashew nuts, dry whole milk, distilled vinegar, citric acid, xanthan gum, paprika extract [color])","tree nuts, dairy"
annatto (color - if colored),none
cinnamoin,none
walnut halves,tree nuts
"gluten free flour (brown rice flour, tapioca starch, white rice flour, potato starch, sorghum flour, arrowroot starch, guar gum, sweet rice flour, rice bran)",none
"organic coconut milk powder (organic coconut milk, organic tapioca maltodextrin)",none
"cooked brown rice1 (brown rice1, water)",none
glaze (coconut oil),none
propellant: nitrous oxide,none
"seasoning (salt, hydrolyzed corn protein, sugar, onion powder, guar gum, spice, natural flavor)}",none
"leavening (sodium acid pyrophosphate, sodium bicarbonate) carboxymethylcellulose gum",none
"plum sauce (sugar, plum, water, extract of orange peel and liquorice, citric acid, sodium citrate, salt, xanthan gum, caramel color)",none
"monterey jack cheese (pasteurized milk, cheese culture, salt, enzymes) colby cheese (pasteurized milk, cheese culture, salt, enzymes, annatto [vegetable color])",dairy
"bread crumbs (enriched flour [wheat flour, niacin, reduced iron, thiamine mononitrate, riboflavin, folic acid], whole wheat flour, sugar, vegetable shortening [palm oil and/or palm kernel oil], salt, wheat gluten, yeast, grain vinegar, natural flavor, soy lecithin)","wheat, soybeans"
"enriched wheat flour (wheat flour, niacin, reduced iron, thiamin mononitrate, riboflavin, folic acid, corn syrup, salt, vital wheat gluten, vegetable oil (may contain one or more of the following: canola, corn, soybean), sodium bicarbonate, yeast","wheat, soybeans"
"heat flour (flour, niacin, red iced iron, thiamin, mononitrate, riboflavin, folic acid, malted barley flour)",none
shredded whole wheat,none
"low moisture part-skim mozzarella cheese powder (pasteurized part-skim milk, cheese culture, salt, enzymes)",dairy
egg solids,eggs
"milk chocolate (sugar, cocoa butter, milk, chocolate, soy lecithin, vanilla flavor)","dairy, soybeans"
purified carbonated water,none
bht to maintain freshness,none
fried pork skin,none
"egg roll (filling (cabbage, chicken white meat, carrots, green onion, chicken type flavor (natural flavor, salt, yeast extract, sunflower oil), contains 2% or less of: sugar, salt, soy protein concentrate, corn starch, yeast extract, potassium chloride, onion powder, garlic powder, celery seed, spices natural flavor (gum arabic, natural flavor, salt), rosemary.), wrapper: (wheat flour, water, palm oil, contains 2% or less of: salt, soy lecithin). fried in vegetable oil.)","eggs, soybeans, wheat, celery"
extractives of paprika disodium inosinate and disodium guanylate,none
"dough: enriched bleached wheat flour (wheat flour, malted barley flour, niacin, reduced iron, thiamine mononitrate, riboflavin, folic acid)",wheat
"corn syrup), natural flavor, salt, guar gum, locust bean gum, lactase enzyme",**lactose
"tuscan savory grounds (vital wheat gluten, water, onion, soy sauce2 [water, soybeans2, wheat, salt, alcohol1], extra virgin olive oil, garlic, nutritional yeast1, kale, flax seed, parsley, fennel seed, spices, rosemary, dried red peppers, natural flavor, paprika, natural hickory smoke flavor)","soybeans, wheat"
organic freeze-dried raspberries,none
cocktail sauce - water,none
"frank's redhota brand cayenne pepper sauce (aged cayenne red peppers, distilled vinegar, water, salt and garlic powder)",none
"shrimp (shrimp, salt, sodium di-, tri-, and polyphosphate [to retain moisture], sodium bisulfite and sodium citrate [preservatives])",shellfish
sdoium benzoate (preservative),none
black cherry juice concentrate,none
dried citrus pulp,none
2% or less of natural flavors,none
white balsamic vinegar (contains sulfites),sulphites
"swiss cheese (milk, cheese culture, salt, enzyme)",dairy
"cheddar cheese ([pasteurized milk, cheese cultures, salt, enzymes)",dairy
pasteurized process cheese: cultured pasteurized milk,dairy
spice packets: crushed red pepper,none
"cherries (cherries, water, sugar, food starch-modified, citric acid, fruit concentrate, natural flavors, red 40)",none
dried potato,none
"enriched flour (wheat flour, malted barley flour, ferrous sulfate, niacin, reduced iron, thiamin mononitrate, riboflavin, folic acid)",wheat
organic chlorella powder,none
low sodium salt,none
sodium benzoate (as preservative),none
vegetable oil shortening [canola oil,none
"mozzarella cheese (cultured pasteurized milk, salt, enzymes)",dairy
100% hand picked swimming crab (portunus haanii) sodium acid pyrophosphate added to retain color,**fish
"filling (artichoke hearts, seasoning (water, sunflower oil, potato starch, casein, salt), chicory root fiber, sunflower oil, heavy cream (cream), parmesan cheese (pasteurized cultured milk, salt, enzymes), dehydrated potatoes, cornstarch, unsalted butter (cream), whey, 2% or less of bread crumbs (wheat flour, yeast, salt), dehydrated onions, natural flavors, wheat fiber, lactose, parsley, salt, yeast extract)","dairy, wheat, lactose"
"granola (whole grain oats, evaporated cane sugar, expeller pressed canola oil, whole oat flour, brown rice syrup, molasses, salt, natural flavor, baking soda, soy lecithin, whole wheat flour)","soybeans, wheat"
"chili powder (spices, salt, paprika, garlic and onion)",none
citric ac,none
"confetti sequins (sugar, corn starch, rice flour, palm oil, gum arabic, xanthan gum, natural and artificial flavor, potassium sorbate [preservative], mono- and diglycerides, polysorbate 60, blue 1, red 40, yellow 5, yellow 6)",none
sugar carrots,none
"olive tapenade vinaigrette (olives [olives, water, salt, vinegar, lactic acid], canola oil, extra virgin olive oil, water, white wine vinegar, garlic, capers [capers, water, salt, distilled vinegar], citrus fiber [citrus fiber, dried citrus pulp or citrus flour], parsley, salt, lemon juice concentrate)",none
topping: toasted sesame seed,sesame
"(maltodextrin, soybean, salt, wheat, sugar)","soybeans, wheat"
natural or artificial flavor,none
"cooked black beans (black beans, water, salt)",none
"organic cheddar cheese blend (organic cheddar cheese [cultured organic milk, salt, enzymes], organic nonfat milk, salt, disodium phosphate)",dairy
"spices (ajwain, black pepper, cumin, kalonji, sesame seeds)",sesame
"sweetened dried cranberries (cranberries, cane syrup, glycerin, canola oil)",none
shellac),none
"pasta (semolina [wheat], water, egg white)","eggs, wheat"
"bacon (cured with water, salt, sugar, smoke flavor, sodium phosphate, sodium erythorbate, and sodium nitrite)",none
"natural and artificial ham flavor (hydrolyzed soy and corn protein, sail, corn syrup solids, yeast extract, canola oil, brown sugar, natural flavor, silicone dioxide, maltodextrin, artificial flavor, disodium inosinate, and disodium guanylate)",soybeans
salame milano ingredients: pork,none
"cheddar seasoning [cheddar cheese (pasteurized cultured milk, salt, enzymes)",dairy
organic grapefruit juice from concentrate,none
organic dried apples,none
"reduced sodium gluten-free soy sauce (water, soybeans, salt, alcohol)",soybeans
"seasoning (sugar, salt, dextrose, paprika, modified food starch, spices, onion powder, caramel color, beet powder, garlic powder, extractives of paprika)",none
"asiago cheese (pasteurized part skimmed milk, cheese cultures, sea salt, enzymes)",dairy
tbhq and citric acid (to maintain flavor),none
celery sauce: water,celery
bison,none
tuna fish fillets (ventresca),fish
dried mangos,none
"diced tomatoes (tomatoes, tomato puree)",none
contains 2% or less of: dehydrated onion,none
"dough conditioner blend (calcium sulfate, salt, l-cysteine hydrochloride, garlic powder, tricalcium phosphate, enzymes [wheat])",wheat
tetrasodium diphosphate,none
"seasoning (modified corn starch, dehydrated garlic, dehydrated onion, maltodextrin, salt, natural flavor, spice extractives)",none
alaska pollock fillets,fish
"brown rice mix (cooked long grain brown rice, carrots, shelled edamame [soybeans], scrambled egg whites [egg whites, modified corn starch, nonfat milk, whey protein isolate, soybean oil, carrageenan, salt, natural egg flavor, guar gum, xanthan gum, annatto {color}], water, green onions, ginger puree [ginger, water, phosphoric acid], sesame oil, soybean oil, chicken flavor [yeast extract, salt, chicken powder, maltodextrin, sugar, soy sauce solids {soybeans, wheat, salt}, chicken fat, soy flour, torula yeast, natural and artificial flavors, caramel color, citric acid, modified corn starch, corn syrup solids, disodium phosphate, lactic acid, calcium lactate], oriental spice base [ginger, chili garlic sauce {chili peppers, garlic, water, salt, sugar, rice vinegar, acetic acid, modified food starch}, maltodextrin, sesame oil, salt, sugar, canola oil, soybeans, water, corn starch, spice, wheat, natural flavoring, brown sugar, garlic powder, caramel color, vinegar, yeast extract], modified corn starch, yeast extract [salt], salt, butter flavor [dehydrated butter, buttermilk powder, natural flavor, maltodextrin, modified food starch], spices)","soybeans, eggs, dairy, wheat, gluten, sesame"
"semisweet chocolate (sugar, unsweetened chocolate, cocoa butter, soy lecithin, vanilla extract, salt)",soybeans
romano cheese [part-skim milk,dairy
"sodium citrate} chocolaty covered peanuts (peanuts, sugar, coconut oil, cocoa processed with alkali, unsweetened chocolate, soy lecithin, salt, vanilla, milk)","peanuts, dairy"
"contains 2% or less of topping (sugar, yellow corn flour, partially hydrogenated vegetable oil [cottonseed and/or soybean], cinnamon)",none
peppadew sweet picante peppers,none
dark red kidney beans,none
organic live kombucha cultures,none
dl-alpha-tocopheryl acetate,none
"cheddar cheese spread ingredients: cheddar cheese (pasteurized milk, cheese cultures, salt, enzymes)",dairy
cage-free egg whites,eggs
"low fat vanilla yogurt (cultured pasteurized grade a low fat milk, sugar, modified corn starch kosher gelatin, natural flavor, potassium sorbate added to maintain freshness, vitamin a acetate, vitamin d3)",dairy
pudding mix: sugar,none
"worcestershire sauce (distilled vinegar, molasses, corn syrup, water, salt, caramel color, garlic powder, sugar, spices, tamarind, natural flavoring, sulfiting agent)",sulphur dioxide
"seasoning (soy sauce [water, soybeans, wheat, salt], natural flavor, carrot juice concentrate, sunflower oil, cornstarch, toasted sesame oil, onion powder, sugar)","soybeans, wheat, sesame"
in colored beef collagen casing (fd&c red #3),none
(stabilizers),none
"ricotta cheese (cultured whey, cream)",dairy
vegetable l-cysteine,none
salt and citric acid,none
"enriched bleached wheat flour (wheat flour, niacin, reduced iron, thiamine mononitrate, riboflavin and folic acid)","wheat, gluten"
yolk,eggs
amino acid seasoning,none
"bagel (enriched flour [wheat flour, malted barley, niacin, iron, thiamine mononitrate {b1}, riboflavin {b2}, folic acid], water, whole wheat flour, less than 2% of the following: sugar, yeast, soybean oil, salt, modified food starch, vinegar, soy protein isolate)","soybeans, wheat"
non-gmo corn meal,none
"cooked macaroni pasta (water, enriched pasta [durum wheat semolina, egg white, niacin, iron {ferrous sulfate}, thiamine mononitrate, riboflavin, folic acid])","wheat, eggs"
contains 1% or less of xanthan gum,none
apple pieces,none
choice blended wheat flour,wheat
colored with paprika,none
"white cheddar cheese (pasteurized milk, cheese culture, salt, enzymes)",dairy
100% whole grain rolled oats,none
"colby and monterey jack cheese (pasteurized milk, cheese culture, salt, enzymes, annatto [vegetable color])",dairy
stuffed poblano peppers: poblano peppers,none
"cinnamon shortbread pieces (sugar, wheat flour, butter [cream, salt], soybean oil, pasteurized eggs, cinnamon, salt)","wheat, eggs, soybeans, dairy"
contains less than 1% of: natural and artificial flavors,none
"strawberry banana base (naturally milled cane sugar, water, strawberries, inulin, bananas, natural flavor, modified food starch, vegetable protein, tricalcium phosphate, purple carrot concentrate and annatto for color, sodium benzoate and potassium sorbate to maintain freshness, ascorbic acid (vit. c), sodium citrate)",none
lychees,none
natural vanilla flavor wonf,none
resistant maltodextrin (dietary fiber),none
corn protein (hydrolyzed),none
"vinegar powder (maltodextrin, food starch, modified apple cider vinegar)",none
"pretzel bits (wheat flour, malt, salt, soybean oil, bamboo fiber, yeast, baking soda)","wheat, soybeans"
contains two percent or less of dextrose,none
yellow 5 and red 40,none
"cream cheese flavored pretzel cluster (white coating [sugar, palm kernel oil, nonfat dry milk, whole milk powder, soy lecithin, salt], pretzel [enriched flour {heat flour, niacin, reduced iron, thiamine mononitrate, riboflavin, folic acid}, malt extract blend {tapioca syrup, malt extract}, canola oil, salt, yeast, bromelain, baking soda], fudge coating [sugar, palm kernel oil, cocoa powder, whole milk powder, soy lecithin, salt], salt, natural flavor)","wheat, dairy, soybeans"
cooked kidney beans,none
"iron ferric orthophosphate), vitamin e (alpha tocopherol acetate), zinc sulfate, calcium pantothenate, vitamin b12, vitamin b2 (riboflavin), vitamin b1 (thiamine mononitrate), vitamin b6 (pyridoxine hydrochloride), folic acid, biotin, vitamin d3",none
"preservatives (potassium sorbate, calcium proponate, fumaric acid, sorbic acid)",none
"chipotle peppers in adobo sauce (chipotle peppers, water, vinegar, tomatoes, onions, iodized salt, sugar, paprika, soybean oil and spices)",soybeans
almond brittle [almonds,tree nuts
onion basmati rice - water,none
"seasoning (cracker meal [bleached wheat flour], beef stock, whey protein concentrate [from milk], dextrose, textured vegetable protein [soy protein concentrate, caramel color], dehydrated onion, encapsulated salt [salt, hydrogenated soybean oil], hydrolyzed soy protein, dehydrated bell peppers, caramel color, worcestershire sauce solids [distilled vinegar, molasses, corn syrup, salt, caramel color, garlic powder, sugar, spices, tamarind, natural flavoring on maltodextrin], parsley, flavoring)","wheat, dairy, soybeans"
b5],none
corn meal blend (corn meal and degermed corn meal),none
"seasoning (salt, sugar, yeast extract, natural flavor, dried chicken broth, dried garlic, dried onion, cornstarch, maltodextrin, dried red pepper sauce [aged red peppers, vinegar, salt, garlic], paprika extract [color])",none
and beta carotene (for color),none
"candy coated chocolate pieces [milk chocolate (sugar, cocoa butter, chocolate liquor, whole milk powder, soy lecithin, salt, vanilla)","dairy, soybeans"
"enriched high-gluten flour (wheat flour, malted barley flour, niacin, reduced iron, thiamine mononitrate, riboflavin, folic acid water, blueberries, brown sugar, fructose, sugar, malt, salt, cornmeal, cultured wheat flour, mono-and diglycerides, datem, calcium propionate (preservative), yeast, natural flavor, sunflower oil, enzymes",wheat
mini peppermint candy corn ingredients: sugar,none
"salt 2% or less of romano cheese solids from cow's milk (pasteurized milk, cultures, salt, enzymes)",dairy
vitamin e (alpha-tocopherol acetate),none
calcium propionate (preservative) yellow corn flour,none
"enriched pasta (wheat flour, niacin, reduced iron, thiamine mononitrate, riboflavin, folic acid)",wheat
goji powder,none
fresh cultured buttermilk,dairy
dextrose (to promote browning),none
"milk chocolate (sugar, cocoa butter, milk, chocolate liquor, soy lecithin (an emulsifier), vanilla (natural flavor), salt)","dairy, soybeans"
"peanut butter (peanuts, peanut oil, salt, mono and diglycerides)",peanuts
natural flavors (including autolyzed yeast extract),none
"enriched wheat flour (flour; niacin; iron; thiamine mononitrate; riboflavin; folic acid); reese's peanut butter chips (partially defatted peanuts; sugar; hydrogenated vegetable oil (palm kernel oil; soybean oil); corn syrup solids; dextrose; reduced protein whey [milk]; contains 2% or less of: palm kernel oil; salt; vanillin, artificial flavor; lecithin (soy); sugar; hershey's milk chocolate chips (milk chocolate (sugar; chocolate; skim milk; cocoa butter; milk fat; lecithin (soy); natural flavor]); dark brown sugar; natural and artificial flavor; salt","wheat, peanuts, dairy, soybeans"
brownulated sugar,none
contains less than 2% of vegetable mono- and diglycerides,none
potassium sorbate and calcium propionate (to preserve freshness),none
bisulfate of soda(natural acidifier),none
potassium sorbate (to preserve freshness),none
"natural flavor (whey, butter oil, corn syrup solids, salt, guar gum, annatto, and turmeric color)",dairy
"enriched flour (wheat flour, malted barley flour, niacin, reduced iron, thiamine mononitrate [ vitamin b1], riboflavin [ vitamin b2], folic acid)",wheat
smoke flavor,none
"natural boneless chicken breast with rib meat vegetarian fed raised without antibiotics (contains up to 17% of a solution of water, less than 2% potato starch, sea salt) brown rice",none
"jalapeno peppers (jalapeno peppers, vinegar, potassium sorbate [as a preservative])",none
"natural flavor (natural extractives of mace, mono and diglycerides, soy lecithin)",soybeans
"rice base: (cascade mountain filtered water, whole grain organic basmati and brown rice, organic short grain rice)",none
espresso coffee,none
"tomato puree (tomato paste, water) contains less than 2% of: red bell peppers",none
and less than 2% of carrot juice concentrate,none
water chestnut,none
"natural flavor), cider vinegar, water. provolone cheese: pasteurized milk, cheese culture, salt, enzymes, natural smoke flavor, natamycin (a natural mold inhibitor), pepperoncini peppers",dairy
"dark chocolate (chocolate, maltitol, cocoa butter, natural flavor, nonfat dry milk and stevia leaf extract)",dairy
organic spices (including organic parika),none
dark red chile,none
"catalina oil (organic high oleic sunflower oil, avocado oil)",none
vegan cultured dextrose,none
organic high oleic safflower oil and/or organic high oleic sunflower oil,none
"dried organic cheese blend (organic cheddar cheese [organic cultured pasteurized milk, salt, enzymes], organic nonfat milk, disodium phosphate)",dairy
quercetin dihydrate,none
"rosemary and olive oil seasoning (whey powder, sea salt, sugar, spices, yeast extract, onion powder, natural flavor, olive oil)",dairy
"cheesy chicken filling (chicken white breast meat [white chicken breast meat, chicken broth, water, salt, modified food starch, isolated soy protein, salt, carrageenan, garlic and onion powder, sodium phosphate, white pepper], chipotle cream sauce [water, cream {cream, carrageenan}, green onions, textured vegetable protein (textured soy flour, soybean oil, salt, autolyzed yeast extract, hydrolyzed corn protein, natural smoke flavoring, disodium inosinate, disodium guanylate), chipotle peppers in adobo sauce {chipotle peppers, water, tomato paste, vinegar, onions, salt, sugar, vegetable oil and spices}, chicken base {chicken meat, salt, sugar, corn syrup solids, chicken fat, flavorings, autolyzed yeast extract, turmeric}, soybean oil, tomato paste {tomatoes}, cornstarch, potassium benzoate, sodium benzoate], cheddar cheese [pasteurized grade a milk, salt, cultures, annatto {color}, enzymes], monterey jack cheese [pasteurized grade a milk, salt, cultures, enzymes], potato flour)","dairy, soybeans"
lemon flavoring,none
guar gum mono and diglycerides,none
"pomegranate juice concentrate (pomegranate concentrate, water)",none
"cheddar cheese blend (whey, cheddar cheese [cultured milk, salt, enzymes], reduced lactose whey, maltodextrin, canola oil, salt, disodium phosphate, blue cheese [cultured milk, salt, enzymes], nonfat dry milk, citric acid)",dairy
"ingredients: protein blend (pea protein, rice protein, almond protein)",tree nuts
"(niacin, reduced iron, thiamine mononitrate, riboflavin, folic acid)",none
"yellow mustard (distilled vinegar, mustard seed, salt, turmeric, spices)",mustard
"contains less than 2% of each of the following: margarine (interesterified soy bean oil, hydrogenated cottonseed oil, water, salt, mono and diglycerides, soy lecithin, sodium benzoate preservative, artificial flavor, beta-carotene color, vitamin a palmitate)",soybeans
"baking powder (sodium acid pyrophosphate, sodium bicarbonate, cornstarch, monocalcium phosphate)}",none
"romano cheese (skim cow's milk, cheese culture, salt enzymes)",dairy
lactic & citric acid,none
"leavening (yeast, sodium acid pyrophosphate, sodium bicarbonate)",none
pasteurized cream and citric acid (acidity corrector),dairy
bacillus coagulans gbi-30 6086,none
chicken bone broth powder,none
contains 2% or less: cornstarch modified,none
organic apple puree,none
"cranberry mayonnaise (cranberries [cranberries, glucose-fructose, glucose, water], mayo [soybean oil, distilled vinegar, water egg yolk, whole egg, contains less than 2% of salt, sugar, lemon juice concentrate, natural flavor, oleoresin paprika [for color])","soybeans, eggs"
"spice (cumin, oregano)",none
"vegetable shorting (palm oil) (contains antioxidant (ascorbyl palmite, mixed tocopherols concentrate, soy lecithin))",soybeans
contains 2% or less: skim milk,dairy
wheat-free tamari,none
broad beans,none
"vegetable oil (may contain one or more of the following: cottonseed, corn, canola)",none
pickle cubes benzoate as a preservative,none
peanuts: roasted peanuts,peanuts
"colouring food (titanium dioxide, concentrate of spirulina, beet powder color, turmeric color)",none
"cereal (rice, whole grain wheat, sugar, wheat bran, salt, soluble wheat fiber, malt flavor, niacinamide, vitamin b1 [thiamin mononitrate], vitamin b2 [riboflavin], folic acid)",gluten
and stevia rebaudioside a,none
"flavoring (dehydrated natural, maltodextrin, salt, oleoresin, essential oils and silicon dioxide) and sea salt",none
contains 2% or less of citric acid,none
annatto (color added),none
"minced fish blend (pollock, whiting, haddock, cod, sole)",fish
sapodilla flavor,none
"caribbean sauce pellet (water, cream, olive oil, cornstarch, worcestershire sauce [distilled vinegar, molasses, corn syrup, garlic powder, sugar, spices, tamarind, natural flavor], salt, sugar, cilantro, lime juice concentrate, spices, garlic powder, parsley, natural flavor)",dairy
extra white truffle (tuber magnatum pico),none
"vinegar powder (maltodextrin, vinegar and food starch-modified)",none
distilled,none
green frosting mix: dextrose,none
coriander 0,none
isomalto-oligosaccharide (from tapioca),none
"butter (sweet cream [milk], salt)",dairy
"turkey (fat, broth)",none
i-carnitine,none
jalapeno pepper red bell pepper,none
"cranberries (cranberries, pineapple juice, sunflower oil)",none
cultured pasteurized organic part-skim milk,dairy
soya lecithin (an emulsifier),soybeans
"wasabi sides: soba sauce (water, organic soy sauce [water, organic soybeans, organic wheat, salt], mirin [rice koji, sugar, alcohol, salt], konbu [seaweed], sushi ginger (ginger, water, sugar, vinegar, salt)","soybeans, wheat"
organic strawberries,none
"enriched wheat flour (wheat flour, niacin, reduced iron, thiamine mononitrate, riboflavin, folic acid, ascorbic acid added as a dough conditioner)","wheat, gluten"
organic green tea extract,none
ascorbic acid],none
diced tomato,none
flour grits,none
and extractives of tumeric,none
"cooked ham water added (cured with water, dextrose, potassium chloride, salt, sodium phosphate, sodium erythorbate, sodium nitrite)",none
"vegetable oil (soybean and/or cottonseed oil, may contain tbhq and citric acid to help preserve freshness and dimethylpolysiloxane added to reduce foaming.)",soybeans
bulgaricus,none
"butter flavor (maltodextrin, natural flavor, annatto & turmeric color)",none
"worcestershire sauce (distilled vinegar, molasses, corn syrup, water, salt, caramel color, dehydrated garlic, sugar, spices, tamarind, natural flavor)",none
cooked white rice: water,none
flax seeds[caret]1,none
arabic gum,none
arugula,none
contains 2% or less of soy protein isolate,soybeans
blue # 1,none
linalol (zm4 antioxidant),none
"sprinkles (sugar, fd&c yellow # 5, fd&c blue # 1, fd&c red # 40, confectioner's glaze)",none
pasteurized cows' cream,dairy
high oleic sunflower oil [tocopherols and rosemary extract (to preserve freshness)],none
"cheese: grated parmesan cheese (pasteurized milk, cheese culture, salt, enzymes)",dairy
coating: coconut oil,none
"ingredients: fudge coating (cane sugar, palm kernel oil, nonfat dry milk, cocoa powder, soy lecithin, salt)","dairy, soybeans"
"baby lettuces (green romaine, red romaine, red oak, green oak, tango, lolla rossa, red leaf, green leaf)",none
cultures and salt,none
expeller pressed sunflower oil,none
"unbleached enriched wheat flour (wheat flour, malted barley flour, niacin, iron, thiamine hydrochloride, riboflavin, folic acid)","wheat, gluten"
less than 2% oat fiber and silicon dioxide (anti-caking agent),none
coffee extract,none
calcium disodium edta (to protect freshness),none
organic raspberry flavor and citric acid,none
tapioca dextrose,none
organic lemon juice concentrate,none
cherry ingredients: micron filtered water,none
organic tuscan kale greens,none
yellows,none
"spinach wrap (bleached enriched wheat flour ( wheat flour, malted barley flour, niacin, reduced iron, thiamine mononitrate, riboflavin, folic acid), water, blend of vegetable oils (soybean oil and hydrogenated cottonseed oil), spinach powder extender seasoning (spinach powder, corn starch, dextrose, maltodextrin, natural and artificial flavor, salt, yellow 6, blue 1, yellow 5, mushroom powder, disodium inosinate, disodium guanylate, disodium calcium edta), contains 2% or less of the following: leavening (sodium bicarbonate, sodium acid pyrophosphate, corn starch, monocalcium phosphate), salt, dehydrated spinach, fumaric acid, dough conditioner ( wheat flour, calcium sulfate, sorbic acid), mono and diglycerides, calcium propionate (preservative), cellulose gum, potassium sorbate (preservative))","wheat, soybeans"
natamycin (natural mold inhibitor to protect freshness),none
garlic and species,none
wild alaska pollock,fish
"caramelized onions (onions, canola oil, brown sugar, sea salt, black pepper, citric acid)",none
hard red winter wheat,wheat
"graham crumb (wheat flour, whole wheat/graham flour, sugar, canola oil, molasses, honey, salt, sodium bicarbonate)",wheat
"honey wheat pizza crust (enriched flour[wheat flour, malted barley flour, niacin, iron, thiamine mononitrate, riboflavin, folic acid], water, whole wheat flour, contains 2% or less of each of the following: yeast, palm oil, honey, wheat starch, soy flour, calcium stearate, soy lecithin, natural butter flavor, salt, sugar, cellulose gum, guar gum, xanthan gum, datem, wheat gluten, dextrose, malted wheat flour, sodium acid pyrophosphate, ascorbic acid, bakery enzyme[amylase, wheat starch, salt], caramel color)","wheat, soybeans"
"rye bread (enriched unbleached flour [wheat flour, malted barley flour, niacin, reduced iron, thiamine mononitrate, riboflavin, folic acid], water, medium rye flour, sugar, yeast, contains 2% or less of the following: ground caraway seed, soybean oil, caramel color [contains sulfites], salt, gluten, potato flakes, fumaric acid, acetic acid, spices, dough conditioners [monoglycerides, sodium stearoyl lactylate, ascorbic acid, calcium sulfate, enzymes], monocalcium phosphate, calcium propionate [preservative], turkey pastrami (turkey, mechanically separated turkey, seasoning [sugar, salt, garlic powder, natural flavors, oleoresin paprika {color}, garlic oil], water, isolated oat product, contains 2% or less cracked pepper, natural smoke flavoring, salt, potassium lactate, sodium diacetate, sodium phosphate, sodium erythorbate, sodium nitrite, rosemary extract), turkey breast with white turkey and broth (turkey breast with white turkey, water, contains 2% or less potassium lactate, modified food starch, dextrose, salt, sodium phosphate, sodium diacetate, flavoring), swiss cheese (pasteurized milk, cheese culture, salt, enzymes), deli mustard (vinegar, mustard seeds, salt, turmeric)","wheat, soybeans, sulphites"
potassium sorbate (to prevent fermentation),none
"tamari soy sauce (water, soybeans, salt and alcohol (to retain freshness))",soybeans
organic grade a whole milk,dairy
vitamin blend [monopotassium phosphate,none
"wild blueberry base (sugar, wild blueberries, citric acid)",none
enriched egg noodle [wheat flour (wheat),wheat
organic chopped almonds (10%),tree nuts
"artificial color (fd&c blue #1, blue #1 lake, blue #2 lake, yellow #5, yellow #5 lake, yellow #6, yellow #6 lake, red #40, red #40 lake)",none
quinine,none
less than 2% of granulated onion,none
"enriched unbleached wheat flour (wheat flour, niacin, reduced iron, thiamine mononitrate, riboflavin and folic acid)",wheat
"dill pickle chips (cucumbers, water, salt, vinegar, calcium chloride, tumeric, contains less than 1/10th of 1 percent of sodium benzoate, fresh garlic, dry pickling spices, and natural flavorings)",none
contains 2% or less of the following: brown sugar,none
high-oleic sunflower oil,none
"tuscan savory grounds4 (vital wheat gluten, water, soy sauce2 (water, soybeans2, wheat, salt, alcohola1), onion, garlic, nutritional yeasta1, kale, spices, flax seed, parsley, fennel seed, extra virgin olive oil, red bell pepper, natural flavor, natural hickory smoke flavor)","wheat, soybeans"
"milk (milk, cream)",dairy
2% or less of the following: salt,none
"granola (whole grain rolled oats, whole grain brown rice flour, sugar, whole wheat flakes, high oleic canola oil, molasses, enriched wheat flour [bleached wheat flour, malted barley flour, niacin, reduced iron, thiamin mononitrate, riboflavin, folic acid], calcium carbonate, sodium bicarbonate, nonfat dry milk, soy lecithin, caramel color)","wheat, soybeans, dairy"
salt pepper,none
"fruit in juice (peaches, wheat grape juice from concentrate [water, white grape, juice concentrate], lemon juice from concentrate [water, lemon juice concentrate], natural flavors, ascorbic acid [to promote color retention], and citric acid)",wheat
"vegetable oil (almond, canola and/or safflower)",tree nuts
cabernet wine,none
"sprinkles (icing sugar [sugar, cornstarch], palm kernel oil, modified cornstarch, cornstarch, sunflower lecithin, color [fd&c yellow #6, fd&c yellow #5, fd&c blue #1, fd&c red #3, fd&c red #40], polysorbate 60)",none
annatto [color],none
pasteurized organic milk whey,dairy
vinegar solids and extractives of paprika],none
"feta cheese (pasteurized cow's milk, bacterial culture, microbial enzyme, calcium chloride, salt)",dairy
pickling spice,none
long bean,none
cirtic acid,none
chicken broth [chicken broth,none
"enriched flour (wheat flour (wheat flour, niacin, reduced iron, thiamin mononitrate [vitamin b1], riboflavin [vitamin b2], folic acid), graham flour (whole grain wheat flour), sugar, canola and/or soybean and/or palm oil, honey, contains 2% or less of: salt, baking soda, soy lecithin, calcium phosphate (leavening), artificial flavor, sodium sulfite","wheat, soybeans, sulphites"
dough: ground durum wheat,wheat
stabilizers carob bean,none
yellow lake #5,none
"pretzels (unbleached enriched wheat flour [wheat flour, niacin, reduced iron, thiamine mononitrate, riboflavin, folic acid], malted barley flour, salt, soybean oil)","wheat, soybeans"
sel gris,none
organic carrotsa,none
"contains 2% or less of: grated parmesan cheese (parmesan cheese [pasteurized part skim milk, cheese cultures, salt, enzymes], powdered cellulose [anti-caking agent])",dairy
"(fully cooked, waffle flavored, portioned chicken breast filet fritters with rib meat)",none
and/or non-hydrogenated canola oil,none
"whole grain blend (oats, brown rice, buckwheat, millet, amaranth, quinoa)",none
"quiche base (half & half creamer (milk, cream and disodium phosphate), eggs (whole liquid eggs, citric acid), salt, xanthan gum, garlic powder (garlic), nutmeg, white pepper)","eggs, dairy"
"cream cheese (pasteurized milk and cream cheese culture, salt, stabilizers (carob bean and/or xanthan and/or guar gums), avocado, soybean or canola oil, whole eggs, water, vinegar, egg yolk, sugar, salt, sesame, seaweed, mustard flour, calcium disodium edta (to protect flavor)","dairy, eggs, soybeans, sesame, mustard"
"fully cooked panko chicken breast with rib meat (chicken breast with rib meat, water, contains 2% or less of salt, sodium phosphates; battered with: water, wheat flour, modified corn starch, yellow corn flour, salt, garlic powder, onion powder; leavening [sodium acid pyrophosphate, sodium bicarbonate], yeast extract, spice; breaded with bleached wheat flour, yeast, sugar, salt; pre-dusted with wheat flour, salt, dextrose, soybean oil)","wheat, soybeans"
"vegetable oils (contains one or more of soy bean oil, sunflower oil, canola oil, palm oil)",soybeans
vegetable oil (soy),soybeans
cooked brown rice water,none
"dough: enriched wheat flour (wheat flour, malted barely flour, niacin, reduced iron, thiamine mononitrate, riboflavin, and folic acid)","wheat, gluten"
methyl cellulose gum,none
less than 2% of cultures,none
"uncured bacon no nitrates or nitrites added except those naturally occurring in cultured celery powder and sea salt (pork, water, brown sugar, less than 2%: salt, vinegar, cultured celery powder, sea salt)",celery
organic diced tomatoes in tomato juice,none
natural spices and flavors,none
pasteurized buffalo cream sea salt,dairy
"margarine (palm oil, water, soybean oil, sugar, soy lecithin, mono and diglycerides, potassium sorbate, citric acid, artificial flavor, beta carotene [ color], vitamin a palmitate added)",soybeans
"stabilizer (rice flour, sodium citrate, locust bean gum, food starch)",none
chicken meat including chicken juices,none
"salt (salt, yellow prussiate of soda, sodium thiosulfate, potassium iodide, sodium bicarbonate)",none
silicon dioxide as anticaking agent,none
vitamins & minerals: dicalcium phosphate,none
"vegetable oils (canola and/or soybean oil, palm kernel oil)",soybeans
sunflower kernels (roasted in sunflower and/or cottonseed oil),none
"colors (turmeric, vegetable juice)",none
"folic acid), water, high fructose corn syrup, yeast, whole wheat flour, rye flour, wheat bran, wheat gluten, molasses, contains 2% or less of each of tyhe following: salt, butter (made from milk), soybean oil, cultured wheat flour, vinegar, honey, dough conditioners (contains one or more of the following: sodium stearoyl lactylate","dairy, wheat, gluten, soybeans"
"garlic bread (enriched wheat flour, water, yeast, vegetable oil [canola or soybean], salt, wheat gluten, garlic, garlic powder calcium propionate, garlic flavor [canola oil, natural garlic oil, bha, bht], fumaric acid, lactic acid)","wheat, soybeans"
"organic penne pasta (organic whole wheat flour, organic semolina flour, water)",none
"sweet pickle relish (cucumber, sugar, distilled vinegar, salt, mustard seed, xanthan gum, calcium chloride, celery seed, dehydrated red bell pepper, natural flavor, turmeric, onions)","mustard, celery"
celery leaf,celery
"sugar free chocolate chips (maltitol, chocolate liquor (processed with alkali), cocoa butter, sorbitan tristearate, soy lecithin, vanilla)",soybeans
degermed corn grits,none
organic raw goji berries,none
"ny cheddar cheese (cultured milk, salt, enzymes)",dairy
"protein blend (soy protein isolate, calcium caseinate, whey protein isolate, whey protein concentrate)","soybeans, dairy"
dehydrated vegetables [mushrooms (4.8%),none
ingredients (non-gmo): base: wheat flour,"wheat, gluten"
organic turbinado sugar,none
"pita bread (enriched wheat flour [wheat flour, barley malt flour, niacin, reduced iron, thiamin, riboflavin, folic acid], whole wheat flour, wheat bran, barley flour, sesame seeds, vital wheat gluten, sugar cane fiber, flaxseed, sugar, rolled oats, yellow corn meal, millet, salt, yeast)","wheat, gluten, sesame"
"base mix (water, carrageenan locust bean gum, calcium chloride, inulin, citric acid flavor, sodium citrate, potassium citrate, sucralose, acesulfame)",none
"honey crystals (cane sugar, honey)",none
organic caramel concentrate,none
"cashews (cashews, peanut oil and/or cottonseed oil and/or canola oil and/or soybean oil, salt)","peanuts, tree nuts, soybeans"
"cheddar cheese sauce (cheddar cheese [milk, cheese culture, salt, enzymes], water, whey, canola oil, sodium phosphate, salt, whey protein concentrate, contains 2% or less of the following ingredients milk, skim milk, sodium alginate, lactic acid, preservative [sorbic acid], cheese culture, color [apcarotenal])","dairy, soybeans"
"non-gmo soy sauce (water, soybeans, wheat, salt)","soybeans, wheat"
red fruit extract (color),none
(natural color)],none
"vegetable oil (canola oil, cottonseed oil, and/or soybean oil)",soybeans
"vegetable shortening (palm, soybean oil)",soybeans
salad: organic romaine lettuce,none
"chicken blend (cooked chicken, chicken fat)",none
"cherry juice from concentrate (water, cherry juice concentrate)",none
"cilantro lime seasoning dry rub packet (sugar, spices, lime juice powder, sea salt, citric acid, cilantro flakes, spice extractive, and silicon dioxide [added to prevent caking])",none
organic milk protein,dairy
blood orange solids,none
"ribeye flavor concentrate (beef juices, hydrolyzed soy protein, corn oil, beef fat, onion powder, disodium inosinate and disodium guanylate, yeast extract)",soybeans
"spices tabasco brand pepper sauce (distilled vinegar, red pepper, salt)",none
white chocolate powder,dairy
"pecans (pecans, cottonseed oil, salt)",tree nuts
& salt,none
salt; white coating: sugar,none
habanero peppers,none
instantized rice flour,none
organic celery and apple juice concentrates,celery
vegetable oil - soybean and/or canola oil,soybeans
skipjack tuna (katsuwonus pelamis),fish
calcium propionate and potassium sorbate,none
"sirloin steak (contains up to 10% of a solution of water, lemon juice concentrate, vinegar, salt and vinegar powder)",none
"semisweet chocolate chips (unsweetened chocolate, sugar, cocoa butter, vanilla)","**gluten, **wheat"
organic onion powder organic habanero pepper powder,none
"worcestershire sauce (vinegar, molasses, corn syrup, water, salt, caramel color, garlic, sugar, tamarind, natural flavor, sulfiting agent)","sulphur dioxide, sulphites"
"grain blend (soft white wheat, oat flour, potato flakes)","**gluten, **wheat"
"natural & artificial chocolate flavor (propylene glycol, natural & artificial flavor, alcohol, water)",none
"dried fruit and nut blend (raisins, peanuts, sugar, contains less than 2% of honey, maltodextrin, modified potato starch, salt, vegetable oil (cottonseed, peanut, soybean and/or sunflower), xanthan gum]",peanuts
"jalapeno puree (jalapeno chile, distilled vinegar, salt)",none
porcini mushroom powder 1% (boletus edulis and relative group),none
"enriched bleached and unbleached flour (wheat flour, niacin, reduced iron, thiamin mononitrate, riboflavin, folic acid)","**gluten, **wheat"
aromatic herbs,none
"acid), cranberries (cranberries",none
"enriched durum wheat semolina (enriched with niacin, ferrous sulfate, thiamin mononitrate, riboflavin, folic acid)","**gluten, **wheat"
"confectionery coating (sugar, palm kernel and palm oils, whey powder [milk], nonfat dry milk, sorbitan monostearate, polysorbate 60, soy lecithin [emulsifier], vanillin [artificial flavoring])","dairy, soybeans"
contains less than 2% of each of the following: soybean oil,soybeans
sorghum,none
spring onion,none
boneless pork ribs,none
high oleic oil (contains one or more of the following: canola and/or safflower oil),none
less than 2% of organic tapioca starch,none
folic acid and trace of lime,none
petite diced tomatoes,none
"stabilizer (guar gum, mono and diglycerides, xanthan gum, carrageenan, carob bean gum)",none
"color (fd&c red no. 40, caramel)",none
chipotle peppers in adobo,none
"basmati rice (water, rice)",none
"high gluten flour(wheat flour, malted barley flour, niacin, iron, thiamin, mononitrate, riboflavin, folic acid)","**gluten, **wheat"
"white coating (soybean oil, palm oil, coconut oil, soy lecithin, vanillin)",soybeans
mono-and diglycerides (contains propyl gallate and citric acid as antioxidants),none
& potassium metabisulphite (e 224),"sulphur dioxide, sulphites"
"artificial colors (titanium dioxide, fd&c: red no. 40, yellow no. 5, yellow no. 6, blue no. 1)",none
beet juice powder (for: color),none
"squid loligo [loligo chinensis ( trisodium citrate, sodium chloride, compound phosphate including: sodium pyrophosphate, sodium hexametaphosphate)] / calamar loligo [loligo chinensis (citrate trisodique, chlorure de sodium, phosphate compose incluant: pyrophosphate de sodium, hexametaphosphate de sodium)]","fish, shellfish"
"vegetable oil (canola, soy)",soybeans
vegetable oil (palm/palm kernel),none
"rice crumbs (water, potato starch, rice flour, yeast, salt, sugar)",none
laurel leaf,none
"stabilizer blend (modified corn starch, carrageenan, guar gum, dextrose, potassium chloride, xanthan gum)",none
cultured organic wheat starch,"wheat, gluten"
red chili powder,none
"vegetable and fruit extracts (celery, carrot, blueberry)",celery
contains 2% or less of corn bran,none
green boiled peanuts,peanuts
"raspberry sauce (glucose syrup, water, sugar, raspberries, natural flavors, pectin, citric acid, vegetable juice)",none
pasteurized whey and milk,"dairy, lactose"
less than 2% of vegetable oil (canola oil and/or soybean oil),soybeans
rice syrup cane sugar,none
"spice extract (pepper, garlic, chili)",none
organic lowfat pasteurized milk,"dairy, lactose"
roasted malt powder,none
"milk chocolate candies (milk chocolate [sugar, chocolate, nonfat dry milk, cocoa butter, lactose, milkfat, soy lecithin, salt, artificial and natural flavors], sugar, corn starch, less than 1% corn syrup, dextrin, fd&c red 40, fd&c red 40 aluminum lake, fd&c yellow 6 aluminum lake, fd&c blue 1, fd&c yellow 6, fd&c blue 1 aluminum lake, fd&c yellow 5, fd&c yellow 5 aluminum lake, fd&c blue 2 aluminum lake, fd&c blue 2, carnauba wax, gum arabic)","dairy, lactose, soybeans"
sugar; cocoa butter; whole milk powder; nonfat dry milk; soy lecithin (an emulsifier); natural vanilla extract,"dairy, lactose, soybeans"
"contains 2% or less of each of the following: cookie crumbs (enriched flour [wheat flour, niacin, reduced iron, thiamin mononitrate, riboflavin, folic acid], sugar, palm oil, cocoa processed with alkali, corn syrup, soybean oil, yellow corn flour, natural flavor, salt, baking soda)","wheat, gluten, soybeans"
"blueberry swirl (high fructose corn syrup, corn syrup, water, blueberry puree, sugar, modified food starch-corn, citric acid, salt, xanthan gum, locust bean gum, artificial flavors, red 40, blue 1)",none
erythritol peanut flour,peanuts
"enzymes), natural flavor, powdered cellulose to prevent caking), cheese flavor (cheddar cheese (pasteurized milk",dairy
"vinegar powder (maltodextrin, modified food starch, apple cider vinegar)",none
natural and artificial blueberry flavor,none
sulfur dioxide (preservative),"sulphur dioxide, sulphites"
niacinamide zinc oxide,none
colour - turmeric oleoresin,none
"almond base (filtered water, crushed organic almonds)",tree nuts
"butter with natural flavor (pasteurized cream, natural flavorings)",dairy
pure water from national park,none
"prunes (sulphur dioxide, potassium sorbate)","sulphur dioxide, sulphites"
"whole grain blend (oats, brown rice, millet, buckwheat, amaranth, oat flour, quinoa)",none
natural colors,none
pepperoni: pork and beef,none
certified organic cranberries,none
lime juice (20%),none
rosemary (0.4%),none
organic blue spirulina extract,none
"citric acid), vegetable soup seasoning (dehydrated vegetables [carrot",none
"cream (cream, vitamin a palmitate, vitamin d2)",dairy
carbonated organic maple water,none
organic onion juice concentrate,none
medium grain white rice,none
"utrients (calcium sulfate, monocalcium phosphate, ammonium sulfate)",none
"parmesan cheese [(milk, cheese cultures, salt, enzymes)","dairy, gluten"
thianmin mononitrate (vitamin b1),none
refined fish oil (menhaden) modified potato starch,fish
"enriched wheat flour (wheat flour, malted barley, niacin, reduced iron, thiamine mononitrate, riboflavin, folic acid)","wheat, gluten"
contains 2% or less of: maltodextrin,none
organic glycerine (vegetable),none
glycerin modified corn starch,none
organic sunflower seeds,none
modified starches,none
cocoa processed with alkali (dutched),none
"cookie pieces (rice flour, sugar, tapioca starch, cocoa powder processed with alkali, palm oil, salt, soy lecithin, baking soda, natural flavor, xanthan gum)",soybeans
chicken ingredients: chicken wing sections,none
coconut oil: mono- and diglycerides,none
contains less than 2 % of each of the following: soybean oil,soybeans
pumpkin seedsa,none
"cookie: bleached enriched wheat flour (wheat flour, niacin, reduced iron, ascorbic acid [added as a dough conditioner], thiamine mononitrate, riboflavin, enzyme, folic acid)","wheat, gluten"
"almond blend (filtered water, almonds)",tree nuts
malt vinegar,none
contains less than 1% or modified corn starch,none
momosodium glutamate,none
black pepper and naturally derived citric acid,none
chick pea flour,none
organic ultra-filtered grade a skim milk,dairy
"toffee (sugar, butter, pecans, powdered sugar, soy lecithin, baking soda, milk, chocolate (sugar, milk, cocoa butter, chocolate, soy lecithin (an emulsifier), vanilla), dextrose, lecithin, guar gum, xanthan gum, carrageenan, vanilla, natural flavor, sea salt","dairy, tree nuts, soybeans"
non gmo chickpeas,none
sugar and spices,none
contains less than 2% of the following: sea salt,none
roasted and salted squash seeds,none
vegetable juices (for color),none
sodium cirate,none
natural capsicum flavouring,none
"sour cream (cultured pasteurized grade a milk, cream and nonfat milk solids, gelatin)",dairy
"preservatives (sodium propionate, sodium benzoate, citric acid)",none
"all natural uncured turkey pepperoni (turkey, sea salt, natural cane sugar, spices, paprika, natural flavoring, garlic powder, lactic acid starter culture)",none
high oleic canola oil and/or soy bean oil with tbhq and citric acid added for freshness,soybeans
dried fish flake,fish
enriched wheat farina [farina,"wheat, gluten"
contains 2% or less of corn syrup solids,none
benzoic acid (preservative),none
"fruit syrup (brown rice syrup, white grape juice)",none
"roasted hulled sunflower seeds (monounsaturated sunflower oil, salt. roasted cashew pieces (monounsaturated sunflower oil, salt",tree nuts
natural & artificial flavors red 40,none
"filling: chicken broth (water, chicken broth powder [maltodextrin, chicken broth, salt, flavors])",none
sugar free chocolate drops [maltitol,none
"reduced fat ice cream (milk, cream, sugar, corn syrup, skim milk, whey, buttermilk, contains 2% or less of mono & diglycerides, carob bean gum, cellulose gum, carrageenan, vanilla extract, vitamin a palmitate)",dairy
and disodium inosinate,none
contains 2% or less distilled vinegar,none
cocoa powder,none
less than 2% of: organic sugar,none
"contains less than 2% of: rehydrated pasteurized process nonfat mozzarella cheese (water, nonfat milk, cheese cultures, salt, enzymes, citric acid, vitamin a palmitate, vitamin b6, sodium aluminum phosphate, sodium citrate, sodium phosphate)","dairy, wheat, gluten"
"2% or less of organic butter (organic cream, salt)",dairy
enriched bleached wheat flour [wheat flour,"wheat, gluten"
"anti-caking powder (corn starch, potato starch, cellulose, natamycin [a natural mold inhibitor])",none
"butter sauce (water, butter [cream, natural flavorings], modified corn starch, sugar, salt, canola oil, whey powder, xanthan gum, natural flavor)","dairy, wheat"
eggs preserved with nisin preparation,eggs
dehydrated green bell peppers,none
salt flour,none
ranch seasoning,none
blueberry flavor,none
contains less than 2%of sea salt,none
"vitamin a palmitate added), caramel creams (wheat flour",wheat
chocolate flavored coating [sugar,none
hemp,none
natural flavors (contains peanut),peanuts
"vegetable broth (water, vegetables1, [carrot1, celery1, onion1, tomato1], salt, yeast extract1, cane sugar1, soy sauce [water, soybeans1, salt, alcohol1], maltodextrin1, yeast extract, food starch1, vegetable juice concentrate1 [carrot1, celery1], onion powder1, garlic powder1, spices1, natural flavor)","soybeans, celery"
stone ground organic corn masa,none
"elbows (red lentil flour, white rice, pea protein)",none
sugared egg yolks,eggs
non-gmo corn syrup,none
contains 2% or less of: natural and artificial flavors,none
"worcestershire sauce (water, salt, vinegar, caramel color, propylene glycol, hydrolyzed vegetable protein (hydrolyzed soyprotein, caramel color, palm and/or sunflower oil) garlic, potassium sorbate (as a preservative), zanthum gum, artificial flavor, capsicum)",soybeans
grade a miak,dairy
coffee extract (decaf),none
"albacore tuna (solid white tuna, water) lettuce",fish
partially hydrogenated vegetable oil (palm kernel and soybean oil),soybeans
barley 1,none
[tilde]love,none
roasted red bell peppers,none
wheat cake flour,"wheat, gluten"
potassium sorbate (to preserve freshness) and vitamin a palmitate,none
"flavor (natural flavor, maltodextrin, gum arabic)",none
pasteurized grade a milk,dairy
contains 2% or less of: food starch-modified,none
aged pepper mash,none
yeast nitrients,none
beta carotene and caramel for color,none
roasted garlic seasoning,none
"sharp american cheese (cultured milk, water, cream, sodium phosphate, salt, artificial color, enzymes)",dairy
5 live active cultures: s,none
capers wine vinegar,none
contains 2% or less of following: salt,none
salt and natural flavor,none
tripotassium,none
contains 2% or less of: cellulose gum,none
certified color (includes red #40 and blue #1),none
sodium nitrite in natural hog casings,none
turmeric powder1,none
"alla panna sauce (water, whole milk [with vitamin d3], heavy cream, parmesan cheese [pasteurized milk, cheese cultures, salt, enzymes], food starch-modified, canola oil, gum arabic, garlic, extra virgin olive oil, salt, whey protein concentrate, granular and parmesan cheese blend [pasteurized milk, cheese cultures, salt, enzymes], sodium caseinate, garlic powder, spice, dehydrated parsley, soy lecithin, natural flavor, citric acid, lactic acid)","dairy, soybeans"
"sugars (corn maltodextrin, sugar)",none
"bleached enriched flour (wheat flour, niacin, reduced iron, thiamine mononitrate, riboflavin folic acid)","wheat, gluten"
organic semolina,none
sprouted organic wheat kernels,gluten
sodium benzoate (used toprotectquality),none
batter coating,none
acid,none
stevia extra,none
"chorizo (pork, maltodextrin, salt, paprika, water, citric acid, spices, sugar, wine, garlic, extractives of paprika, sodium erythorbate, sodium nitrite, natural smoke flavor)",none
"(quinoa, canola oil, salt, extra virgin olive oil)",none
topped with wheat bran,wheat
fruit and vegetable juice concentrate (color),none
grilled red capsicum,none
predust [bleached wheat flour,wheat
malodextrin,none
"green apples (ascorbic acid, calcium carbonate)",none
romano cheese made from cow's milk [part-skim milk,dairy
organic freeze-dried blueberries,none
contains 2% or less of the following; potato starch,none
"organic juices (cucumber, pineapple, spinach, romaine lettuce, apple, kale, mango puree, mint)",none
"vegetable protein), spread (vegetable oil blend [soybean",soybeans
potassium sorbate and sodium metabisulfite (preservatives)],none
cured with water,none
large cardamom,none
fire roasted tomato,none
blackcurrant juice concentrate,none
"vegetable shortening (palm oil, fully hydrogenated cottonseed oil)",none
sprayed with potassium sorbate to preserve quality,none
honey oat crisps: whole grain oats,none
acid (preservative),none
guar gum (natural thickener) and carrageenan (a natural stabilizer),none
"semisweet chocolate drops (sugar, chocolate, cocoa butter, dextrose, milk fat, soy lecithin, confectioner's glaze [ shellac, hydrogenated coconut oil])","dairy, soybeans, shellfish"
"peanut butter (peanuts, partially hydrogenated vegetable oils [rapeseed, cottonseed, soybean])",peanuts
aloe vera,none
"cheddar cheese (pasteurized milk, cheese cultures, salt, enzymes, annatto (color), powdered cellulose (anticaking]), rice, red bell peppers, onions, cream cheese (pasteurized milk and cream cheese culture, salt, guar gum, carob bean gum, xanthan gum), mayonnaise (soybean oil, water, egg yolks, distilled vinegar, contains 2% or less of: corn syrup, salt, spice, lemon juice concentrate, calcium disodium, edta [protects flavor]), soybean oil, modified food starch, dextrin, salt, dextrose, yeast, egg whites, dehydrated carrots, contains 2% or less of leavening (sodium bicarbonate, sodium acid pyrophosphate, sodium aluminum phosphate), natural and artificial flavor, dried torula yeast, wheat starch, spices (includes mustard flour), dehydrated onion, xanthan gum, sucralose, celery salt (salt, celery seed), red and black pepper, paprika, mustard (distilled vinegar, water, mustard seed, salt, turmeric, paprika, spice, natural flavor, garlic powder), peppers, vinegar, crystallized lemon (citric acid, lemon oil, lemon juice, ascorbic acid), maltodextrin, sodium tripolyphosphate (retains moisture), sodium bisulfite (preservative)","dairy, eggs, wheat, mustard, celery"
"mozzarella cheese blend: mozaarella cheese substitute (water, palm oil, rennet casein [ milk protein], sodium aluminum phosphate, modified food starch, salt, lactic acid, natural flavor, sodium citrate, sorbic acid [preservative], enrichment blend [magnesium oxide, zinc oxide, ferric orthophosphate, vitamin a, palmitate, riboflavin, pyridoxine hydrochloride, niacinamide, thiamine mononitrate, vitamin b 12], low-moisture part-skim mozzarella cheese [pasteurized part-skim milk, cheese culture, salt, enzymes])",dairy
natural lemon juice powder,none
silica,none
organic expeller pressed sunflower oil and/or organic expeller pressed safflower oil,none
"candy coated dark chocolate soynuts (dark chocolate [sugar, chocolate, cocoa butter], sugar, oil roasted soybeans [soybeans, soybean oil], corn syrup, artificial color [includes caramel color], gum arabic, confectioner's glaze [carnauba wax, beeswax])",soybeans
"lemon juice powder (corn syrup solids, lemon juice solids, lemon oil, bht)",none
"garlic), extra virgin olive oil, garlic, salt, dextrose, parsley, modified corn starch, yeast extract, chili pepper, natural flavor",none
instant nonfat dry milk,dairy
calcium disodium edta (retains product freshness.),none
"cooked bulgogi seasoned beef (beef, water, soy sauce [water, wheat, soybeans, salt], sugar, less than 2% of: rice starch, rice vinegar, roasted sesame seed oil, onion and garlic powder, spice, natural flavor)","soybeans, wheat, sesame"
"imported pecorino romano cheese (pasteurized sheep's milk, cheese cultures, rennet, salt)",dairy
"cheddar club cheese (cheddar cheese [cultured milk, salt, enzymes], water, salt, annatto color)",dairy
"pistachio flavored pudding (sugar, dextrose, modified corn starch, sodium phosphate, tetrasodium pyrophosphate, mono- and diglycerides with citric acid, salt, nonfat dry milk, titanium dioxide [color], artificial flavor)",dairy
organic almond flour,tree nuts
"vegetable oil (corn, soybean, and/or sunflower)]",soybeans
"dark chocolate (chocolate liquor, sugar, cocoa butter, vanilla)",none
apple vinegar powder,none
"enzyme modified parmesan cheese: (cultured milk, water, salt, enzymes)",dairy
"sweetened lemon zest (lemon peel, sugar, lemon oil)",none
organic unrefined brown sugar,none
"organic cheddar cheese (organic milk, cheese cultures, salt, annatto color, enzymes)",dairy
"roasted sunflower seeds (sunflower seeds, canola oil, salt)",none
lactose reduced non fat milk,"dairy, lactose"
wild sockeye salmon,fish
chicken leg meat,none
"honey bbq sauce (high fructose corn syrup, water, tomato paste, distilled white vinegar, molasses, honey, modified corn starch, salt, sugar, natural smoke flavor, sodium benzoate and potassium sorbate as preservatives, caramel color, mustard flour, garlic powder, onion powder, spices, natural honey flavor)",mustard
locust bean gum and annatto,none
vitamin c ester,none
salmon (salmo salar),fish
"caramel sauce (cream, cane sugar, tapioca syrup, butter, vanilla extract, sea salt)",dairy
glycerine,none
"brownie (sugar, bleached enriched flour [wheat flour, niacin, reduced iron, thiamine mononitrate, riboflavin, folic acid], palm oil, cocoa [processed with alkali], water, soybean oil, corn syrup solids, dried egg whites, salt, emulsifier [propylene glycol monoester, mono and diglycerides, soybean oil, lecithin, bha, citric acid])","eggs, wheat, soybeans"
"fontina cheese (pasteurized cow's milk, cheese culture, salt, enzymes)",dairy
"not smoked provolone cheese (cultured pasteurized milk, salt, enzymes)",dairy
margarine [partially hydrogenated soybean and cotton seed oils,soybeans
sodium benzoate (used as a preservative),none
artificial coloring (grape contains red 40 & blue 1; orange contains yellow 6; blue punch contains blue 1; pina colada contains yellow 5 & yellow 6; banana contains yellow 5; lemon-lime contains blue 1 & yellow 5; peach contains yellow 5 & yellow 6; green apple contains yellow 5 & blue 1; strawberry contains red 40; watermelon contains red 40; mango contains yellow 6 and red 40; cherry contains red 40),none
"wheat flour enriched ([niacin, reduced iron, thiamine mononitrate, riboflavin, folic acid], malted barley flour)","wheat, gluten"
"white fudge (sugar, partially hydrogenated palm kernel and palm oils, milk, nonfat milk, soy lecithin, artificial flavor)","dairy, soybeans"
pork and beef,none
vegetable shortening (contains one or more of the following: palm oil and/or corn oil),none
roasted red onions,none
"chocolate flavored coating (sugar, modified vegetable fat [palm kernel and/or palm], cocoa powder, cocoa powder processed with alkali, soy lecithin, natural vanilla extract)",soybeans
cooked organic thai jasmine white rice,none
"butter stabilizer (salt, organic corn starch, natural butter flavor, soy lecithin, xanthan gum, sunflower oil)","soybeans, dairy"
"leavening (ammonium bicabonate, sodium bicabonate, monocalcium phosphate)",none
cooked organic pinto beans,none
oat and rice flours,none
"milk chocolate (sugar, cocoa butter, milk, cocoa liquor, soy lecithin and/or sunflower lecithin, vanilla)","dairy, soybeans"
vitamin e (to maintain freshness),none
cooked white rice,none
and vitamin b12,none
and soy lecithin (an emulsifier),soybeans
"(contains bleached wheat flour, niacin, reduced iron, thiamin mononitrate, riboflavin and folic acid)","wheat, gluten"
fruit and vegetable juice (color)],none
italian beans,none
"bread crumbs (wheat flour, less than 2% of: palm oil, yeast, salt)","wheat, gluten"
"vegetable oil (palm kernel, palm and soybean oil)",soybeans
potassium sorbate and sodium hexametaphosphate (preservatives),none
"cheddar cheese blend (cheddar cheese [pasteurized milk, cheese cultures, salt, enzymes], maltodextrin, whey, buttermilk, salt, sodium phosphate, citric acid, yellow 6, lactic acid, turmeric extract [color])","dairy, eggs"
sorbic acid (preservative) sodium citrate,none
"pretzels (unbleached enriched wheat flour (flour, niacin, reduced iron, thiamine mononitrate-b1, riboflavin-b2, folic acid], malt, salt, soybean and/or canola oil, and yeast), peppermint flakes (sugar, corn syrup, vegetable juice concentrate, caramel color, natural peppermint oil)","wheat, gluten, soybeans"
"artificial colors (fd&c yellow #5 lake, fd&c red #40 lake, fd&c blue #2 lake)",none
"peanut butter flakes [powdered sugar (sugar, corn starch)",peanuts
almonds and hazelnuts],tree nuts
"dough conditioner (wheat flour, calcium sulfate, enzymes, ascorbic acid)",wheat
"soy sauce (soybean, salt, wheat flour, sugar)","soybeans, wheat, gluten"
"shaved parmesan (pasteurized milk, cheese culture, salt, calcium chloride, enzymes, egg white lysozyme)","dairy, eggs"
turmeric black lava salt,none
"emulsifier (propylene glycol mono- and diesters of fats and fatty acids, soybean lecithin, citric acid [preservative])",soybeans
"dill pickle relish (pickles, water, salt, distilled vinegar, calcium chloride, xanthan gum, alum, sodium benzoate [preservative], tumeric [color], natural flavors, polysorbate 80)",none
"brownie pieces (wheat flour, sugar, water, butter, cocoa (processed with alkali), soybean oil, corn starch, natural flavor, soy lecithin, salt)","wheat, gluten, dairy, soybeans"
organic dried lavender,none
steam-pasteurized almonds,tree nuts
contains 2% or less of: agar-agar,none
cocoa processed with alkali,none
hard salami ingredients: pork,none
"chocolate chips (sugar, chocolate liquor, cocoa butter, butterfat, soy lecithin, and vanilla)","soybeans, dairy"
"grated parmesan cheese (pasteurized part-skim milk, cheese culture, salt, enzymes)",dairy
dosa - potatoes,none
"pepperoncini peppers (peppers, water, vinegar, salt, citric acid, acetic acid, benzoate of soda, sodium metabisulfite {as a preservative}, fd&c yellow #5)",**sulphites
"emulsifier blend (propylene glycol mono-and diesters of fats and fatty acids, mono- and diglycerides, sodium stearoyl lactylate)",none
bisulfate of soda (natural acidifier),none
liquid and partially hydrogenated soybean oil,soybeans
ingredients: triple filtered purified water,none
topping: toasted sesame seeds,sesame
wheat and barley extracts,"wheat, gluten"
"white stilton cheese (pasteurized milk, salt, enzymes, dairy cultures)",dairy
2% or less of modified food starch,none
pasteurized nonfat milk,dairy
chicken wings,none
natural strawberry flavor with other natural flavors,none
"dark chocolate (sugar, chocolate liquor, cocoa butter, anhydrous milk fat, soy lecithin, vanilla)","soybeans, dairy"
tomato paste sweets peppers,none
cherry (colored with fd&c red #3),none
"organic white chocolate (organic cocoa butter, organic whole milk powder, organic coconut crystals, organic vanilla extract)",dairy
"raspberry color (fd&c red #40, potassium sorbate, blue #1)",none
dehydrated garlic],none
and other spices,none
"tabasco brand pepper sauce (distilled, vinegar, red pepper, salt)",none
"bleached enriched flour (flour, niacin, reduced iron, thiamine mononitrate, riboflavin, folic acid, ascorbic acid [dough conditioner])","wheat, gluten"
liquid egg yolks,eggs
"lemon powder (corn syrup, lemon juice, modified food starch, lemon oil with di-alpha tocopherol as a natural antioxidant) paprika",none
sicilian pistachios,tree nuts
natural peach,none
"chili powder (chili pepper, cumin, salt, garlic powder, oregano)",none
canola and/or soybean oil with citric acid and tbhq added to preserve freshness,soybeans
havarti cheese ingredients: pasteurized cow's milk,dairy
"enriched wheat flour (bleached wheat flour, malted barley flour, niacin, reduced iron, thiamine mononitrate, riboflavin, folic acid)","wheat, gluten"
celeriac juice concentrate,none
"spices (including paprika, black pepper, cinnamon and nutmeg)",none
titaniun dioxide,none
2% or less of the following: corn syrup,none
"seasoning (paprika, spices, canola oil, citric acid, natural flavor)",none
calcium carbonate (to maintain texture),none
"cream cheese (pasteurized milk and cream, cheese culture, salt, carob bean gum, guar gum)",dairy
pea protein powder,none
white grape juice,none
"green olives (olives, water, salt and lactic acid)",none
"peanut butter drops (sugar, sustainable palm kernel oil, partially defatted peanut flour, nonfat dry milk, salt, soy lecithin)(milk)","peanuts, dairy, soybeans"
onion and parsley,none
and confectioner glaze,none
dried pears (suplhur dioxide),sulphur dioxide
white truffles (tuber magnatum pico)],none
less than 2% of: soy lecithin,soybeans
"low-moisture part-skim mozzarella cheese (cultured pasteurized reduced fat milk, salt, enzymes)",dairy
bartlett pears,none
cacao,none
modified corn starch; wonton strips: wheat flour,"wheat, gluten"
"chickpea puffs (chickpea flour, white rice flour, potato starch, sea salt)",none
seasoning {potassium chloride,none
"blend of vegetable oils (palm, canola, sal, shea, mango, coconut)",none
ascorbic acid},none
"fruit [fruit juice from concentrate (organic apple, pineapple)",none
"pepperoni (pork, salt, pork stock, dextrose, spice extracts, lactic acid starter culture, sodium erythorbate, smoke flavor, dehydrated garlic, sodium nitrite, citric acid, smoke)",dairy
"natural flavors (natural strawberry flavor, natural raspberry flavor, natural blackberry flavor)",none
contains less than 1% of: sodium citrate,none
color added (annatto extract & oleoresin paprika),none
ginger paste,none
apple puree,none
(vietnam),none
cheese culture and enzymes,dairy
rehydrated green bell pepper,none
"blueberry flavored and colored fruit pieces (dried figs, corn syrup solids, modified food starch, sugar, dextrose, glycerin, blueberry juice concentrate, canola oil, artificial blueberry flavor, citric acid, blue 2 lake, red 40 lake)",none
enzymes}},none
organic sesame seeds cacao butter,sesame
"colors (annatto, paprika, turmeric)",none
"natural flavors (cilantro, cumin, smoked garlic)",none
pork prepared with: water,none
non-gmo soy protein powder,soybeans
"pepper jack cheese (pasteurized milk, red and green jalapeno peppers, cheese culture, salt, enzymes)",dairy
torula yeast and natural flavor (including hickory smoke),none
"contains 2% or less of cheddar cheese (cultured pasteurized milk, salt, enzymes)",dairy
"rice noodle ingredients: (rice flour, water, modified tapioca starch)",none
cocoa solids: 51% minimum,none
garlic oil,none
fully cooked hot ham capicola water added coated with dextrose,none
methyl cellulose (derived from the cellulose of vegetables),none
"polysorbate 80), pineapple pieces, cherries (cherries",none
"water scrambled eggs (pasteurized whole eggs, nonfat milk, soybean oil, modfied food starch, salt, xanthan gum, citric acid, butter flavor (maltodextrin, natural butter flavor, annatto and turmeric [added for color]), spice and/or liquid pepper extract)","eggs, dairy, soybeans"
organic safe flower oil,none
demerara sugar,none
dried tomatoes,none
organic green beans,none
"lemon base (sugar, water, corn syrup, lemon juice concentrate, lemon extract)",none
periwinkle meat,none
"colors (fruit juice, paprika extract, spirulina extract, carmine)",none
fruit: organic sugar,none
licorice powder,none
"butter (cream [milk], natural flavor)",dairy
mono and deglycerides,none
key lime juice concentrate,none
coconut with sodium metabisulfite (preserves whiteness),sulphur dioxide
organic cashew nuts,tree nuts
"enriched wheat flour (unbleached wheat flour, malted barley flour, niacin, iron [reduced iron], thiamine mononitrate, riboflavin, folic acid)","wheat, gluten"
buttermilk(milk),dairy
filberts/hazelnuts,tree nuts
artificially flavored chocolate coating [sugar,none
consist of milk chocolate {sugar,dairy
chablis white wine,none
sesame flour,sesame
whole grain amaranth,none
"chocolate chips (unsweetened chocolate, sugar, cocoa butter, vanilla extract)",**dairy
vegetable oil (soybean and/or canola oil),soybeans
"pasteurized process swiss cheese product [swiss cheese (pasteurized milk, cheese culture, salt, enzymes)",dairy
"leavening (monocalcium phosphate, sodium bicarbonate, ammonium bicarbonate)",none
natural and artificial flavor avitamins & minerals: calcium phosphate,none
"margarine (soybean oil, fractionated palm oil, water, salt, whey [milk], soy lecithin, monoglycerides, natural flavor, vitamin a palmitate, vitamin d3)","dairy, soybeans"
"cookies (sugar, enriched flour [wheat flour, niacin, reduced iron, thiamin mononitrate, riboflavin, folic acid], vegetable oil [soybean, palm, palm kernel], cocoa [processed with alkali], invert sugar, yellow corn flour, chocolate, corn starch, salt, leavening [baking soda, monocalcium phosphate], whey, natural and artificial flavor, soy lecithin)","wheat, gluten, soybeans, dairy"
"caesar dressing (soybean oil, water, parmesan & romano cheese made from cow's milk [cultured part-skim milk, salt, enzymes], vinegar, garlic, egg yolks, anchovy paste [anchovies {fish}, salt, defatted soy flour, water], salt, spices, olive oil, molasses, corn syrup, white wine, sugar, tartaric acid, citric acid, tamarind extract, natural flavor, xanthan gum)","fish, dairy, eggs, soybeans"
baby red leaf,none
"asiago cheese (part skim milk, cheese cultures, salt, enzymes)",dairy
probiotic (bacillus subtilis de111),none
organic corn,none
less than 2% of: habanero peppers,none
naturally occurring erythritol,none
"and salt; brownies (wheat flour, eggs, margarine (liquid soybean oil, partially hydrogenated soybean oil, water, salt, soy lecithin, natural flavor, vegetable mono- and diglycerides, colored with annatto and turmeric, vitamin a palmitate added, whey), milk, cocoa (processed with alkali), corn starch, natural and artificial flavor, baking powder, salt, soy lecithin, caramel color","wheat, eggs, dairy, soybeans"
"chocolate chips (cocoa liquor, sugar, cocoa butter, cocoa powder)",none
passionfruit juicea1,none
"enriched pasta (durum wheat semolina, niacin, reduced iron, thiamine mononitrate, riboflavin, folic acid)","wheat, gluten"
"cheese sauce (water, cultured milk, canola oil, cream, whey, modified food starch (tapioca and corn), sodium phosphates, (cheddar cheese (pasteurized milk, culture, salt, enzymes), water, disodium phosphate, natural flavors, anhydrous butter oil and zanthan gum), salt, lactic acid, sorbic acid (preservative), apo-carotenal color, enzymes)",dairy
"cold brewed tea (filtered water, rose petals, hibiscus flower, rosemary, butterfly pea flower)",none
michigan red tart cherries,none
balinese sea salt,none
"nuts (walnuts, almonds)",tree nuts
"hot and spicy seasoning (salt, spices, maltodextrin, autolyzed yeast extract, onion and garlic powder, dextrose, hyrolyzed corn protein, monosodium glutamate, oleoresin, paprika, yellow no.5 and 6 lake, caramel color and spice extractives)",none
organic paprika color,none
"contains live and active cultures (s. thermophilus, b. lactis, l. acidophilus, l. casei, l. rhamnosus, lactobacillus lactis, l. bulgaricus)",none
dried cream,dairy
"spices (including chili pepper, paprika, cumin, oregano, and red pepper)",none
"organic chocolate chips (organic cane sugar, organic cocoa liquor, organic cocoa butter)",none
"lemon powder (contains corn syrup solids, lemon juice, lemon oil)",none
wakame,none
modified wheat starch and yellow 6,**gluten
"doughnut (enriched wheat flour (wheat flour, niacin, reduced iron, thiamine mononitrate, riboflavin, folic acid), water, palm oil, sugar, soybean oil, blueberry flavored bits (sugar, corn syrup, corn cereal, modified food starch, palm oil, artificial flavor, citric acid, red 40 (lake), blue 2 (lake)). contains 2% or less of each of the following: egg yolks, soy flour, hydrogenated soybean oil, whey, sodium acid pyrophosphate, dextrose, sodium bicarbonate, salt, dried milk powder, artificial flavor, lecithin, sodium propionate (to maintain freshness), bht, cellulose gum, monoglycerides, propylene glycol monoesters); glaze (sugar, water, corn starch, palm oil, calcium sulfate and/or calcium carbonate, agar, dextrose, natural and artificial flavors, salt, disodium phosphate, locust bean gum and/or mono and diglycerides)","wheat, eggs, dairy, soybeans"
"dark chocolate (cocoa mass, coconut blossom sugar, cocoa butter)",none
and calcium propionate (preservative),none
luo han guo (monkfruit) extract,none
(may contain sunflower oil or silicon dioxide as processing aids),none
"vegetable oil shortening (canola, palm and palm kernel oils)",none
"red and yellow sweet peppers (peppers, vinegar, water, salt, calcium chloride, sodium metabisulfite, sodium benzoate)",sulphur dioxide
blueberry base [naturally milled cane sugar,none
live and active cultures,none
organic purple carrot juice concentrate,none
organic blessed thistle powder,none
water and modified corn starch product caramel color added,none
less than 1% of soy lecithin,soybeans
32% (milk chocolate) minimum,dairy
organic corn masa flour,none
"seasoning (sugar, salt, fructose, maltodextrin, onion powder, spice, dehydrated cheddar cheese (milk, salt, cheese cultures and enzymes), paprika, tomato powder, whey, extractives of annatto, dehydrated parsley, garlic powder, lactic acid, disodium phosphate, malic acid, fd&c yellow #5, extractives of turmeric, fd&c yellow #6, spice extractive, natural hickory smoke flavor)","dairy, soybeans"
"low fat cultured buttermilk (cultured low fat milk, milk, sodium citrate, vitamin a palmitate)",dairy
organic whey protein concentrate,dairy
contains 2% or less of:natural & artificial flavors,none
raspberry swirl: raspberry puree,none
"sweet chocolate powder (18%) (sugar, cocoa powder processed with alkali, cacao fat, soy lecithin: an emulsifier)","soybeans, dairy"
vegetables: green leaf lettuce,none
"guajillo pepper puree (water, guajillo chile, apple cider vinegar)",none
organic jalapeao pepper,none
and extractives of paprika,none
"cheese powder (cultured milk, salt, enzymes)",dairy
"color (red 40 lake, blue 2 lake, soy lecithin)",soybeans
"macaroni and cheese (blanched enriched macaroni [water, semolina, egg whites, niacin, ferrous sulfate, thiamin mononitrate, riboflavin, folic acid], skim milk, american cheese spread [cheddar and colby cheese {pasteurized milk, cheese culture, salt, enzymes}, water, whey, sodium phosphate, whey protein concentrate, skim milk, milkfat, salt, carrageenan, cellulose gum], red peppers, cheese sauce [cheddar cheese {pasteurized milk, cheese culture, salt, enzymes}, water, milkfat, whey, enzyme modified cheese {pasteurized milk, water, sodium phosphate, milkfat, salt, cheese culture, enzymes}, sodium phosphate, modified food starch, salt, lactic acid, sodium alginate, sorbic acid {preservative}], margarine [palm oil, soybean oil, water, salt, vegetable mono & diglycerides, soy lecithin, sodium benzoate {a preservative}, citric acid, natural & artificial flavor, vitamin a palmitate added, beta carotene {color}, whey], neufchatel cheese [pasteurized milk and cream, cheese cultures, salt, stabilizers {xanthan and/or carob bean and/or guar gums}], 2% or less of soybean oil, green onions, modified cornstarch, salt, bleached enriched wheat flour [wheat flour, niacin, reduced iron, thiamin mononitrate, riboflavin, folic acid], seasoning [cheddar and monterey jack cheeses {cultured milk, salt, enzymes}, whey, soybean oil, salt, maltodextrin, sour cream {cultured cream, nonfat milk}, natural flavor, disodium phosphate, cultured whey, citric acid, lactic acid, annatto], roasted red bell pepper puree, maltodextrin, spices, onion puree, jalapenos [jalapenos, vinegar, salt, natural flavor], mono- and diglycerides, corn oil, olive oil, sugar, molasses, carrot puree, celery, dried onions, palm oil, autolyzed yeast extract, garlic puree, vinegar, xanthan gum, guar gum, lactic acid, calcium lactate, disodium inosinate, disodium guanylate, smoke flavoring)","dairy, wheat, soybeans"
"smoked sausage (pork, less than 2% of: salt, chopped parsley, cane sugar, spices, celery powder (celery powder, sea salt), vinegar, citric acid, roasted garlic, palm oil, natural flavors. made with beef collagen casing [caramel color, carmine], cheddar cheese crisp (cheddar cheese [pasteurized milk, cheese cultures, salt, enzymes, annatto {color}, vitamin a palmitate])","dairy, celery"
high oleic safflower oil canola oil,none
"chocolate flavored pieces (sugar, hydrogenated palm kernel and palm oil, cocoa processed with alkali, cocoa, soy lecithin, pgpr, artificial flavor, milk)","soybeans, dairy"
nisin (natural preservative),none
"yellow sprinkles: icing sugar (sugar, cornstarch)",none
potassium sorbate and sodium metabisulfite (to maintain freshness),"sulphur dioxide, sulphites"
sodium tripolyphosphate (to retain moisture),none
"mojo sauce (water, onion, salt, garlic [garlic, citric acid], orange juice concentrate, modified food starch, lime juice concentrate, extra virgin olive oil, canola oil, sugar, red wine vinegar, cilantro, spices, dehydrated garlic, xanthan gum)",none
"contains 2% or less of: leavening (sodium bicarbonate, sodium aluminum sulfate, corn starch, monocalcium phosphate and/or sodium acid pyrophosphate, calcium sulfate)",none
"vegetable oil (almond, canola and/or safflower) and sea salt",tree nuts
mono & diesters,none
"tofu (water, soybean, glucono delta lactone, calcium sulfate)",soybeans
l-arginine (amino acid),none
"organic six grains mix (organic hulled millet, organic brown flax, organic cracked barley, organic cracked rye, organic cracked corn, organic cracked wheat)",gluten
"milton's gluten free blend (cassava flour, brown rice flour, sorghum flour, brown rice, potato starch, quinoa flour)",none
carrot (8%),none
milk chocolate caramel turtles: sugar,dairy
canola oil and/or sunflower oil and/or safflower oil,none
oleoresin of paprika lactic acid starter culture,none
contains 2% or less of: enzymes,none
organic sprouted khorasan flour,gluten
"organic grain & seed blend (organic flax, organic millet, organic brown rice, organic quinoa, organic amaranth)",none
kale 1,none
organic tapioca starch (imo syrup),none
"filling (beef, water, potato starch, oat fiber, salt, black pepper)",none
"spices (black pepper, thyme, parsley)",none
"rubbed with: seasoning (spices, salt, dried onion, dried garlic, lime and lemon flavor [corn syrup solids, lime juice, lemon juice, natural flavor], sugar, citric acid, turmeric extract [color], smoke flavor, grill flavor [from sunflower oil])",none
"enriched wheat flour (wheat flour, malted barley flour, niacin, iron, thiamin mononitrate)",wheat
less than 1,none
organic invert sugar syrup,none
colored with beta carotene,none
organic spice packet (organic dried red chili peppers),none
chocolate malt base [corn syrup,none
"curry paste (lemongrass, spices, garlic, shallot, salt, kaffir lime peel, turmeric)",none
"smoke seasoning (dextrose, salt, natural smoke aroma)",none
fire roasted edamame,soybeans
contains live and active cultures,none
"seasoning (salt, spices, garlic powder, beef flavor)",none
brandy <0,none
less than 2% - citric acid,none
vegetable fiber (bamboo fiber),none
coconut syrup,none
"pot roast seasoning (spices including paprika, salt, dehydrated vegetables, [garlic onion, parsley], silicon dioxide [to prevent caking])",none
beef stick bites: beef,none
sodium ascorbate (preserves freshness),none
hot sauce,none
ada,none
spices including paprika,none
potassium sorbate (e202) (to preserve freshness),none
buttermilk (milk),dairy
thickener: xanthan gum,none
"contains less than 1% of: chicken flavor (dextrose, salt, autolyzed yeast extract, hydrolyzed soy protein, sugar, hydrolyzed corn gluten, partially hydrogenated soybean oil, natural flavor, disodium inosinate, disodium guanylate, onion powder, carrot powder, citric acid, ascorbic acid, lactose)","soybeans, lactose"
artichoke hearts,none
organic cold-pressed virgin coconut oil,none
reduced iron,none
and less than 2% of the following: potassium lactate,none
"natural and artificial flavor cracker meal (enriched flour containing niacin, reduced iron, thiamine fd&c red #40, fd&c red #3 and 0. 1% propylparaben as preservative)",wheat
"parmesan and asiago cheese (cultured milk, salt, enzymes)",dairy
"colors (red 3, blue 1, blue 1 lake, red 40 lake, yellow 5 lake)",none
"egg white powder (egg solids, citric acid, sodium tripolyphosphate, carrageenan, crab flavor (glycerine, water, ethanol, crab flavor, dimethyl sulfide, caramel color), crab extract (crab extract, dextrin, salt, glycine, sugar, monosodium l glutamate, dl-alanine, disodium 5 inosinate, disodium succinate, crab flavor, xanthan gum), carmine color, titanium dioxide (color), paprika color",eggs
dehydrated parsley and flavoring,none
sweet potato puree,none
artichoke bottoms,none
zinc oxide (zinc source),none
(drink) lowfat milk,dairy
"white chocolate coating (sugar, partially hydrogenated vegetable oil [palm kernel and/or cottonseed], skim milk powder, cocoa, vanilla, sorbitan tristerate [an emulsifier], soy lecithin [an emulsifier], natural and artificial flavors and salt, graham coating enriched flour (wheat flour, niacin, reduced iron, thiamin mononitrate (vitamin b1), riboflavin (vitamin b2), folic acid), high fructose corn syrup, whole wheat flour, vegetable oil (soybean, palm, and palm kernel oil), contains 2% or less of baking soda, salt, honey","dairy, wheat, soybeans"
modified food starch (from corn and tapioca),none
"milk chocolate ( sugar, cocoa butter, dry whole milk, chocolate liquor, milk solids,dry nonfat milk, soy lecithin (emulsifier), artificial flavor-vanillin","dairy, soybeans"
basil leaves,none
broad spectrum hemp oil,none
"grilled white meat chicken (cooked chicken breast with rib meat, chicken broth, contains less than 2% corn starch, salt, and natural flavors)",none
"baking powder (monocalcium phosphate, potato starch, potassium bicarbonate as leavening agent)",none
"preservatives (sorbic acid, sodium propionate)",none
"yeast nutrients (monocalcium phosphate, ammonium sulfate)",none
"chocolate flavored confectionery coating (sugar, palm oil and palm kernel oil, cocoa powder [processed with alkali], whey [milk], soy lecithin [an emulsifier], vanilla powder, dextrose)","dairy, soybeans"
contains 2% or less of the following: garlic puree,none
dried apple pieces,none
pectin fumaric acid,none
liquid caramel (natural color),none
"contains 2% or less of beef base (cooked beef with beef juices, salt, hydrolyzed vegetable protein (soy, corn), hydrolyzed soy protein, sugar, yeast extract, beef fat, caramel color, flavoring)",soybeans
"sriracha (chili, sugar, salt, garlic, distilled vinegar, potassium sorbate, sodium bisulfite [preservative], xanthan gum)",none
"dough conditioners (monoglycerides, datem)",none
"key lime puree (water, key lime juice concentrate, lime pulp cells, lime oil)",none
less than 2% of nonfat milk,dairy
organic sprouted spelt,none
refinery sucrose,none
wrapper: wheat flour,"wheat, gluten"
"artificial colors (fd&c red 40 lake, blue 1 lake)",none
sodium ciitrate,none
cream cheese powder,dairy
"seasoning (water, flavor, maltodextrin, salt, caramel color, less than 2% of lactic acid, enzyme modified cream)",dairy
"organic whole wheat tortilla (organic whole wheat flour, organic wheat flour, water, less than 2% of: organic avocado oil, organic wheat gluten, organic guar gum, monocalcium phosphate, sodium bicarbonate)","wheat, gluten"
"aged cheddar cheese (cultured milk, salt, enzymes)",dairy
"whole grains (gluten free oats, brown rice, millet, gluten free oat flour, amaranth, buckwheat, quinoa)",**gluten
fd&c blue #1 aluminum lake,none
peanut oil salt,peanuts
"organic soymilk (filtered water, whole organic soybeans)",soybeans
"red curry paste (tomato puree, canola oil, salt, red bell pepper puree, spices, corn starch, garlic powder, brown sugar, natural flavor, turmeric, onion powder, citric acid, cayenne pepper, xanthan gum)",none
citric acid and sodium benzoate (preservative),none
dairy whey,dairy
freshness protected by sodium acid pyrophosphate and sodium bisulfite,none
"contains less than 2% of the following: leavening (sodium acid pyrophosphate, baking soda, mono- calcium phosphate)",none
gummies: glucose syrup,none
sulfur dioxide and sodium bisulfite (added as preservatives),"sulphur dioxide, sulphites"
durum whole wheat semolina,**gluten
natural blueberry flavor,none
pre-cooked whole grain long rice,none
"enriched wheat flour (wheat flour, malted barley flour, niacin, reduced iron, thiamine mononitrate [b1], riboflavin [b2], folic acid)","wheat, gluten"
natural flavors (including raspberry),none
"contains 2% or less: preservatives (sodium benzoate, sodium propionate, citric acid)",none
"vanilla extract (water, ethyl alcohol, vanilla bean extractives)",none
fresh okra,none
hot pepper flavor,none
crisp rice with sugar,none
palm and soybean and/or canola oil shortening,soybeans
turmeric powder pico de gallo: tomato,none
organic annatto,none
tumeric extract,none
eco-farmed white arborio rice,none
"organic soy sauce (water, organic soybeans, salt, organic wheat, organic alcohol)","soybeans, wheat, gluten"
"minced pimento (pimento, sodium alginate, guar gum, calcium chloride, potassium sorbate (preservative))",none
"buttercrisp crackers (enriched flour [wheat flour, niacin, reduced iron, thiamine mononitrate {vitamin b1}, riboflavin {vitamin b2}, folic acid], canola oil with tbhq for freshness, sugar, contains 2% or less of salt, corn syrup, leavening [baking soda, sodium acid pyrophosphate, monocalcium phosphate], butter [cream {milk}, salt], soy lecithin)","wheat, gluten, dairy, soybeans"
organic concentrated apple juice,none
"milk chocolate (sugar, milk, cocoa butter, unsweetened chocolate, soy lecithin (emulsifier), natural flavor)","dairy, soybeans"
wheat english muffin: water,"wheat, gluten"
contains less than 2% of: extractive of lemon,none
"chocolate chips (sugar, chocolate liquor, cocoa butter, dextrose, soy lecithin, artificial flavor)",soybeans
soy lecithin (emulsifer),soybeans
"pecorino romano cheese (pasteurized sheep's milk, salt. cheese cultures, enzymes)",dairy
turmeric oleoresin (for color),none
milk and vitamin d3,dairy
"cayenne pepper), flour tortilla (enriched unbleached flour [wheat flour",wheat
"organic raspberry puree (organic raspberries, organic raspberry flavor, organic evaporated cane juice, natural fruit pectin, lactic acid)",none
whole mandarin orange segments,none
prepared cabbage,none
black carrot extract (color),none
contains 2% or less of the following rice dextrin,none
absorbic acid,none
guar gum],none
"caramel (maltitol syrup, nonfat milk, palm kernel oil, cream, glycerin, butter [cream and salt], salt, sodium phosphate, carrageenan, natural and artificial flavors, and soy lecithin)","dairy, soybeans"
"gumbo roux seasoning: wheat flour (unbleached wheat flour, niacin, reduced iron, thiamine mononitrate, riboflavin, folic acid)",wheat
organic mct oil,none
organic freeze-dried mangos,none
"seasoned breadcrumbs (enriched flour [wheat flour, niacin, reduced iron, thiamin mononitrate, riboflavin, folic acid], dehydrated garlic, tomato powder, spice, dextrose, onion powder, maltodextrin, citric acid, dehydrated parsley, corn syrup, sugar, citric acid, yeast, sodium stearoyl lactylate, calcium propionate [preservative])",wheat
"red pepper (diced red peppers, citric acid, salt, sugar, water)",none
proplene glycol mono-and diesters of fats and fatty acids,none
cane fibre,none
biscuit: corn flour,none
"preservatives (sodium benzoate, sodium erythorbate, sodium nitrate)",none
basmati rice (24%),none
smoked provolone cheese ingredients: pasteurized cow milk,dairy
culantro,none
chocolate cookie swirl [soybean oil,soybeans
pumpkin flour,none
"organic parmesan cheese (pasteurized organic milk, cheese cultures, sea salt, microbial enzymes)",dairy
cashews: canola oil,tree nuts
vitamin e (acetate) natural zinc amino acid chelate,none
enriched wheat flour bleached,wheat
rice noodle: rice,none
"meatballs (beef, pork, water, breadcrumbs [enriched wheat flour {wheat flour, niacin, ferrous sulfate, thiamine mononitrate, riboflavin, folic acid}, dextrose, salt, yeast, soybean oil], textured soy protein [soy flour, caramel color], soy protein concentrate, salt, soy protein isolate, potassium chloride, natural flavor, spice extract, caramel color)","soybeans, wheat"
"red velvet cupcake (icing sugar [sugar, corn starch], sugar, cream cheese [cream, nonfat milk, salt, locust bean gum, bacterial culture)",dairy
"pudding mix (sugar, dextrose, food starch-modified, sodium and potassium phosphates, non fat dry milk, artificial flavor, partially hydrogenated soybean and cotton seed oils, mono- and diglycerides)","dairy, soybeans"
"seasoning (sugar, salt, spices, maltodextrin, dehydrated garlic, dehydrated onion, natural flavorings, extractives of paprika, dehydrated lemon juice)",none
paprika(color),none
contains 2% or less of mint flavor,none
"ingredients: confectionery coating (sugar, palm kernel oil, reduced mineral whey powder, nonfat dry milk, whole milk powder, soy lecithin, salt, natural flavor)","dairy, soybeans"
and/or sunflower oil,none
calcium fumarate,none
organic fruit and vegetable juices (for color),none
"vegetable oil (sunflower, and/or corn, and/or canola)",none
choline bitratrate,none
pickles and olives; sauce (39%): water,none
lemongrass powder,none
medium chain triglycerides oil (mct),none
organic cinnamon bark,none
hummus: water,none
"artificial colors (including extractives of annatto, red 40 lake, yellow 6, yellow 5, yellow 5 lake, yellow 6 lake)",none
red bell pepper & natural flavor,none
modified corn and potato starch,none
colored with beta carotene (source of vitamin a),none
organic ashwagandha powder,none
pea beans,none
"hershey's semi-sweet chocolate chips (sugar, chocolate, cocoa butter, milk fat, soy lecithin, vanillin, artificial flavor, milk)","dairy, soybeans"
red pimentos,none
"white confectionery coating (sugar, palm kernel oil, nonfat milk powder, lactose, titanium dioxide [color], soy lecithin, distilled mono-glycerides, vanilla)","dairy, lactose, soybeans"
"mustard oil (spice, sunflower oil)",mustard
and nutmeg,none
"grana padano cheese (mlk, salt, enzymes, egg white lysozyme)","dairy, eggs"
steviol glycosides as a sweetener,none
"white miso (fermented soybeans, rice, salt, modified tapioca starch)",soybeans
"white chocolate (sugar, cocoa butter, whole milk powder, nonfat milk powder, soy lecithin, vanilla and natural flavor)","dairy, soybeans"
"soy sauce (fermented soybeans, wheat and salt)","soybeans, wheat"
contains less than 2% of high oleic canola oil and/or soybean oil,soybeans
extract of turmeric (for color),none
strawberry swirl [strawberry puree,none
dried apricots (product of turkey),none
"crust (wheat flour, water, soybean oil, sugar, palm oil, contains 2% or less of salt, yeast, cultured whey, whey, vinegar, soy lecithin, ascorbic acid, folic acid, niacin, riboflavin, thiamine mononitrate, enzymes, reduced iron [ferrous sulfate], sodium aluminum phosphate, sodium bicarbonate, may contain malted barley flour, wheat starch, canola oil, and corn starch)","wheat, soybeans"
vegetable oil (palm),none
carbohydrate gum,none
potassium sorbate and sodium benzoate (to keep freshness),none
"crust (wheat flour, water, soybean oil, palm oil [with natural flavor colored with beta carotene], cultured wheat starch, yeast, dextrose, salt, white corn meal, citric acid, l-cysteine)","wheat, soybeans"
mirin (rice wine contains yeast),none
hydrolyzed corn protein (hydrolyzed corn protein with sunflower oil added),none
"key lime puree (water, lime juice concentrate, pulp cells, lime oil)",none
almonds cashews,tree nuts
"dry honey powder (refinery sugar, honey)",none
oat extract,none
may contain sesame seed and/or poppy seeds,**sesame
"peach puree (peaches, ascorbic acid, citric acid)",none
contains 2% or less of mono and diglycerides,none
"roasted garlic puree (garlic, evaporated cane syrup)",none
ergocalciferol (vitamin dz),none
herb sachet: thai coriander leaf rice noodles: rice flour,none
textured wheat protein,wheat
tomato fiber,none
organic butterfat,dairy
disodium phosohate,none
"red jalapeno puree (red jalapeno peppers, salt, acetic acid and natural flavor)",none
spices)],none
vegetables: potatoes,none
sodium carbonate acid,none
"seasoned bread crumbs (enriched flour {wheat flour, niacin, reduced iron, thiamine mononitrate, riboflavin, folic acid}, dehydrated garlic, tomato powder, spice, salt, dextrose, onion powder, maltodextrin, dehydrated parsley, corn syrup, sugar, citric acid, yeast, sodium stearolyl lactylate, calcium propionate [preservative])",wheat
"enriched unbleached wheat flour (wheat flour, malted barley flour, ferrous sulfate, niacin, thiamine mononitrate, riboflavin, and folic acid)",wheat
water whey,dairy
peanut butter drops: sugar,peanuts
safflower and/or sunflower and/or canola oil,none
"banana chips (bananas, coconut oil)",tree nuts
ingredients: chicken,none
"enriched wheat flour (flour, niacin, reduced iron, thiamine hydrochloride, riboflavin, folic acid)",wheat
"crust (enriched wheat flour [with niacin, iron, thiamine, riboflavin, folic acid], palm oil, water, whole eggs, salt)","wheat, eggs"
beef stock,none
"unbleached flour (milled wheat, malted barley flour)","wheat, gluten"
"bread crumbs (wheat flour, sugar, yeast, soybean oil, salt)","wheat, gluten"
"seasoned cooked beef steak and binder product (beef, water, contains 2% or less of: caramel color, dextrose, seasoning [natural flavor, salt, maltodextrin, dried whey, dried cauliflower, sesame oil], modified corn starch, potassium chloride, potassium phosphate, salt, sodium phosphates, spice extractives)","dairy, sesame"
dill pickle mix,none
sodium metabisulphite (as preservative),"sulphur dioxide, sulphites"
"artificial colors (yellow 6 lake, blue 1 lake, red 40 lake)",none
"mushroom sauce (water, parmesan cheese [pasteurized part-skim milk, cheese cultures, salt, enzymes], heavy cream [pasteurized heavy cream, carrageenan], mushroom base [sauteed mushrooms, organic maltodextrin, olive oil, yeast extract, salt, mushroom concentrate, organic cane sugar, onion powder, natural flavor {oleoresin black pepper}], onion, butter [pasteurized cream {milk}], vegetable base [cooked vegetables {carrot, onion, celery}, salt, sugar, corn oil, potato flour, carrot powder], soy sauce [water, soybeans, salt, sugar], modified food starch, canola oil, parsley, garlic, porcini mushroom powder, white wine [contains sulfites], sea salt, lecithin [soy], xanthan gum, black pepper white pepper)","dairy, soybeans, sesame"
"uncured beef cocktail frank with no nitrates or nitrites added except for naturally occurring nitrates or nitrites found in celery powder and sea salt (beef, water, sea salt, honey, natural spices, celery powder, evaporated cane juice, natural flavorings, paprika, salt)",celery
contains 2% or less of: soy protein concentrate,soybeans
riboflavin and folic acid,none
"blueberry flavored filling (sugar, corn syrup, blueberry puree, glycerin, water, apple powder, pectin, xanthan gum, sodium alginate, sodium citrate, mono- and diglycerides, citric acid, malic acid, dicalcium phosphate, natural flavor, black carrot juice from concentrate [color])",none
"coconut (coconut, sodium metabisulfite)","tree nuts, sulphur dioxide, sulphites"
"artificial colors (yellow 5, titanium dioxide, yellow 6, red 40, blue 1)",none
organic whole wheat elbow macaroni (organic whole wheat flour),"wheat, gluten"
white tablet candy: dextrose,none
"enriched bleached wheat flour (flour, niacin, iron, thiamine mononitrate, riboflavin, folic acid)","wheat, gluten"
"enriched bleached wheat flour (flour, niacin, ferrous sulfate, thiamine, riboflavin and folic acid)","wheat, gluten"
vegetable oil (peanut and/or cottonseed and/or palm oil),peanuts
contains less than 2%: onion powder,none
organic graham flour,none
vegetable oil (canola/sunflower),none
"chocolate drops (sugar, palm kernel oil, cocoa powder, soy lecithin, sorbitan tristearate)",soybeans
soy lecithin and vanilla,soybeans
100% ground roasted sesame seeds & love!,sesame
organic whole grain brown rice,none
"seasoning (corn maltodextrin, salt, modified whey, dextrose, torula yeast, onion powder, jalapeno pepper, spices, garlic powder, potassium chloride, green bell pepper, nonfat dry milk, yeast extract, extractives of paprika, natural flavor, contains 2% or less of calcium silicate and silicon dioxide added as anti-caking agents)",dairy
1% acidity (41 grain),none
organic cabbage,none
"cooked ravioli: spinach and artichoke ravioli (filling [spinach, low fat ricotta {whey, milk, cream, vinegar}, artichokes, bread crumb {wheat flour, cane sugar, yeast, salt}, light cream, milk, low moisture part skim mozzarella cheese {cultured part skim milk, salt, enzymes}, parmesan cheese {cultured part skim milk, salt, enzymes}, 2% or less of cornstarch, garlic, rice starch, water, wheat flour, salt, black pepper, canola oil, brown sugar], pasta [durum wheat flour, water, eggs])","dairy, wheat, gluten, eggs"
interesterified soybean oil shortening,soybeans
"breadstick (malted wheat flour (malted barley flour), water, cultured wheat, enriched wheat flour (wheat flour, malted barley flour, niacin, reduced iron, thiamine mononitrate, riboflavin, folic acid), salt, dextrose, gum acacia, corn syrup solids, cellulose gum, mono and diglycerides, soybean oil, ascorbic acid, enzymes, yeast, dehydrated garlic, sugar, soybean oil, dough conditioner (malt extract, inactive yeast, enzymes, enriched wheat flour [wheat flour, niacin, reduced iron, thiamine mononitrate, riboflavin, folic acid]), parsley, guar gum, sorbic acid, natural flavors, enzymes, soy flour (soy flour, soybean oil, soy lecithin))","wheat, gluten, soybeans"
"merlot bellavitano cheese [bellavitano cheese (pasteurized milk, cheese cultures, salt, enzymes)",dairy
"cooked enriched pasta (water, enriched wheat flour [durum wheat semolina, niacin, ferrous sulfate {iron}, thiamine mononitrate, riboflavin, folic acid], soybean oil, dried egg whites)","dairy, eggs, wheat, gluten"
cured with: water,none
"mayonnaise (soybean oil, water, egg yolks, vinegar, high fructose corn syrup, salt, mustard, calcium disodium edta to protect flavor)","soybeans, eggs, mustard"
and water,none
"provolone cheese (pasteurized milk, cheese cultures, salt and enzymes)",dairy
raspberry puree concentrate,none
cultured nonfat buttermilk,dairy
dried crushed red chili,none
vitamin b6 [pyridoxine hydrochloride],none
"caramel dip (maltodextrin, high fructose corn syrup, corn syrup, water, canola oil, skim milk powder blend [dairy whey, sodium caseinate, skim milk powder], modified corn starch, molasses, disodium phosphate, natural and artificial flavors, salt, polysorbate 60,potassium sorbate and sodium benzoate [to protect quality], carrageenan, sucralose, artificial color, sugar, calcium disodium edta [to protect quality])","dairy, sulphur dioxide, sulphites"
probiotic and enzyme blend: bacillus coagulans 1 billion cfuss,none
"leavening (sodium acid pyrophosphate, baking soda, monocalcium phosphate, sodium aluminum sulfate)",none
baby red oak lettuce,none
tahitian vanilla bean,none
"5% - cheese blend (bakers, cheddar, parmesan, romano [milk, cultures, salt, enzymes, annatto color])",dairy
"organic hard sourdough pretzels (organic wheat flour, salt, organic expeller pressed sunflower seed oil, organic brown rice syrup, organic barley malt, yeast, baking soda [sodium bicarbonate])","wheat, gluten"
organic sprouted rye,none
whole trade organic baobab fruit,none
"icing (titanium dioxide [color], shellac, propylene glycol, ammonium hydroxide, hydroxypropyl cellulose)",none
honey and ginger,none
and pectin,none
citric acid (provide tartness),none
"dehydrated vegetables (red bell pepper, peas, carrots, onion, garlic)",none
ingredient may vary,none
natural chocolate flavoring,none
"(contains wheat flour, niacin, reduced iron, thiamin mononitrate, riboflavin, folic acid)","wheat, gluten"
natural key lime flavor,none
israeli couscous (wheat flour with rosemary extract),"wheat, gluten"
"natural and artificial flavor (contains milk ingredients, distilled monoglycerides, pulp cells, propylene glycol mono and diesters of fats and fatty acids, xanthan gum, lactylic esters of fatty acids, calcium sulfate, lime oil, cinnamon, nutmeg, fd&c blue #1, fd&c yellow #5, lactic acid, sorbic acid and potassium sorbate (to retard spoilage)",none
"enriched pasta (durum wheat, egg white, whole egg, niacin, ferrous sulfate, thiamine mononitrate, riboflavin, folic acid)","eggs, wheat"
"sauce: chipotle bbq sauce (water, sugars [glucose-fructose, brown sugar], tomato paste, seasoning [white vinegar, blackstrap molasses, corn syrup, water, salt, caramel color, garlic powder, fructose, onion powder, sugar, spices, tamarind, natural flavor, vegetable oil], white vinegar, salt, modified corn starch, spices, chipotle peppers, [red chili peppers, chipotle peppers, salt, natural smoke flavor], natural smoke flavor, dried garlic, caramel color, yeast extract, dried onion)",none
powdered cellulose - (to prevent caking),none
fermented oregano,none
powdered cellulose [to prevent caking],none
contains less than 2% of: natural flavor,none
contains 2% or less of each: sea salt,none
garlic flakes,none
yellow 5and 6,none
cultured grade a low fat milk,dairy
"color (titanium dioxide, red #3, red #40, yellow #5, yellow #6, blue #1)",none
"white coating (sugar, fractionated palm kernel oil, whey powder, nonfat milk powder, soy lecithin [emulsifier], titanium dioxide [artificial color], and natural flavors)","dairy, soybeans"
"hydrogenated vegetable oil (rapeseed, cottonseed and soybean)",soybeans
(fd&c),none
natural vanilla extract/flavor,none
"semi sweet chocolate chips (sugar, chocolate, cocoa butter, dextrose, soy lecithin, vanillin)",soybeans
sherry wine flavor,none
organic cloves,none
white,none
"mixed berry filling (fruit puree (raspberry, blueberry, blackberry), wheat glucose-fructose syrup, water, sugar, modified corn starch, natural flavors)","wheat, gluten"
water,none
and oleoresin capsicum,none
"enriched flour (wheat flour, niacin, reduced iron, thiamine mononitrate {vitamin b1}, riboflavin {vitamin b2}, folic acid)","wheat, gluten"
"and nisin preparation (as preservatives); cheese: swiss cheese (pasteurized milk, cheese culture, salt, enzymes)",dairy
"balsamic vinegar (grapes, invert sugar)",none
organic cooked shiitake mushrooms,none
fresh jalapeno peppers,none
aspergillopepsin,none
"kettle corn mix (sugar, soy lecithin, artificial butter flavor)",soybeans
"vegetable oil (contains one or more of the following: palm, canola, soybean)",soybeans
fava bean protein,none
"tomatoes (tomatoes, salt, calcium chloride, citric acid)",none
ground heath toffee pieces [sugar,none
"peanut butter (dry roasted peanuts, hydrogenated cottonseed/rapeseed oil, soy oil, salt)",peanuts
habanero chile pepper,none
"juice from concentrates (pear, peach, and pineapple)",none
rice meal,none
ground flaxseed,none
cheese cultures (lactic starter soy protein),"soybeans, dairy"
yeast extract chicken broth,none
onions1,none
pineapple sectors,none
"cheddar cheese (pasteurized milk, salt, cheese culture enzymes)",dairy
"enriched wheat flour (wheat flour, niacin, iron, thiamine mononitrate, riboflavin, folic acid)","wheat, gluten"
"croissant (enriched flour [wheat flour, malted barley flour, niacin, iron, thiamin mononitrate, riboflavin, folic acid], water, butter, sugar, yeast, salt, whey, modified corn starch, artificial flavor, calcium propionate, calcium sulfate, ascorbic acid, enzymes, calcium phosphate)","wheat, dairy, gluten"
"crisped rice (rice flour, sugar, salt, barley malt extract)",none
dry malt extract (contains corn solids),none
"natural flavors (maltodextrin, invert sugar, caramel color, corn syrup)",none
sugar with tapioca starch,none
"margarine (palm oil, water, soybean oil, salt, mono- and diglycerides, colored with annatto, calcium disodium edta added as preservative, artificial flavor, vitamin a palmitate added)",soybeans
"natural bacon flavor blend (natural flavor [milk], corn syrup solids, salt, yeast extract, natural smoke flavor)",dairy
"coffee (filtered water, coffee)",none
"semisweet chocolate chips (sugar, chocolate liquor, cocoa butter, soy lecithin, milk)","soybeans, dairy"
salt cultures & enzymes,none
"enriched flour (wheat flour, niacin, reduced iron, thiamin mononitrate, riboflavin, folic acid, sugar, palm oil, high oleic canola oil, contains 2% or less of: salt, whey, eggs, natural and artificial flavors, leavening (baking soda and/or calcium phosphate), soy lecithin (emulsifier)","wheat, gluten, eggs, soybeans, dairy"
blueberry emulsion,none
high oleic canola oil and hydrogenated cottonseed oil,none
"organic bread crumbs (organic wheat flour, organic cane sugar, yeast, sea salt, organic sunflower oil)","wheat, gluten"
organic dried red chili pepper,none
ascorbic acid (to protect flavor),none
organic crushed red chili pepper,none
concentrated red grape juice (color),none
"organic tamari sauce (water, organic soybeans, salt)",soybeans
hydrolyzed corn soy wheat gluten protein,"wheat, soybeans, gluten"
vegetable oil (contains one or more of the following: corn and.or soybean and/or cottonseed oil),none
sugar andior high fructose corn syrup,none
vitamins & minerals: ascorbic acid (vit. c),none
basted with up to 16% solution of water,none
blackcurrant juice,none
cultivated blueberries (product of canada),none
"jalapeno peppers (jalapeno peppers, water, salt, acetic acid, sodium benzoate [preservative])",none
natural flavors (contains coconut),none
"boneless skinless chicken breast (boneless skinless chicken breast, water, vinegar, sea salt, yeast extract, citrus extract, granulated garlic, granulated onion, spices)",none
contains two percent or less of partially hydrogenated soybean and/or cottonseed oil,soybeans
"sweet onion vinaigrette (canola oil, high fructose corn syrup, water, dijon mustard [water, mustard seed, distilled vinegar, salt, white wine, citric acid, turmeric {color}, tartaric acid, spices], onion, red wine vinegar, white wine vinegar, sweet onion [sweet onion, vinegar, salt], salt, lemon juice concentrate, dried onion, spices, xanthan gum, natural smoke flavor)",mustard
"lemon juice powder (maltodextrin, lemon puree, citric acid, sugar, lemon juice)",none
"color (yellow #5, yellow #6, red #3, red #40, blue #1)",none
purified sparkling water,none
"vegetable oil (may contain one or more of the following: peanut, canola, sunflower and/or soybean oil)","peanuts, soybeans"
yellow peas,none
bakers yeast,none
hazelnuts (filberts),tree nuts
"enriched orzo pasta product (durum wheat flour, niacin, iron, thiamine mononitrate, riboflavin, folic acid)","wheat, gluten"
organic natural flavor disodium phosphate (emulsifier),none
"breadsticks: enriched flour (wheat flour, niacin, iron, thiamine mononitrate, riboflavin, folic acid)","wheat, gluten"
yellow corn masa flour,none
boneless skinless chicken breasts with rib meat flavored with 15% solution of water,none
"seasoning (spices [including paprika], salt, sugar, sodium erythorbate, sodium phosphate, flavors [including oleoresin paprika], propylene glycol, polysorbate 80)",none
autolysed yeast powder,none
"applegate american cheese ingredients: american cheese (cultured milk, salt, enzymes [non-animal])",dairy
"clam flavor (salt, sugar, lactose, maltodextrin, clam broth powder [dehydrated clam broth, maltoextrin], yeast extract, natural flavor, corn oil)",lactose
low-fat cocoa powder,none
wine (contains sulfites),sulphites
"red jalapeno puree (jalapeno peppers, salt, acetic acid)",none
cilantro leaves,none
pecans and walnuts,tree nuts
annatto and turmeric for color,none
kiwi fruit,none
plantains (70%),none
tamarind extract,none
"apple sauce (apples, water, ascorbic acid)",none
"peanut butter base (peanuts, peanut oil, sugar, salt)",peanuts
"topping: five cheese blend [low moisture part skim mozzarella cheese (pasteurized part skim milk, cheese cultures, salt, enzymes)",dairy
lime essential oil,none
smokey ham flavor,none
"tortilla (enriched bleached flour, whole wheat flour [wheat flour, niacin, iron, thiamine, riboflavin, mononitrate, folic acid], water, soybean oil, honey, molasses, sugar, baking powder, salt, whey, tortilla suave, calcium propionate and beta tabs)","wheat, gluten, soybeans, dairy"
"protein grain blend (rolled oats, soy protein isolate, rice flour, roasted soybeans, soy four)",soybeans
"natural flavors (gum arabic, cream)",dairy
sodium caseinate,dairy
"heavy cream (heavy cream, organic guar gum)",dairy
extracts of paprika,none
"soy vinegar: soy sauce (water, hydrolyzed soy protein, soybeans, wheat, salt, molasses, caramel color, and sodium benzoate added as a preservative)","soybeans, wheat"
"mayonnaise (soybean oil, water, egg yolk, corn syrup, distilled vinegar, salt, mustard seed, calcium disodium edta added to protect flavor)","soybeans, eggs, mustard"
"red quinoa (water, red quinoa)",none
"nut blend (almonds, cashews, cottonseed oil, salt)",tree nuts
"color extractives (paprika, annatto, turmeric)",none
"enriched bleached and unbleached flour (wheat flour, niacin, reduced iron, thiamine mononitrate, riboflavin, folic acid, cinnamon sugar coating (dextrose, cornstarch, partially hydrogenated vegetable oil (soybean, cottonseed), cinnamon, calcium propionate [preservative]), palm oil, sugar, water, whey (milk), nonfat milk, soybean oil, soy flour, contains 2% or less of each of the following: leavening (sodium bicarbonate, sodium aluminum phosphate, monocalcium phosphate, sodium acid pyrophosphate), egg yolks, dextrose, corn syrup solids, salt, soy lecithin, distilled monoglycerides, wheat gluten, wheat starch, natural and artificial flavors, guar gum, sodium stearoyl lactylate, corn dextrin, tapioca dextrin, propylene glycol mono- and diesters of fats and fatty acids, monoand diglycerides, sodium stearoyl-2-lactylate, modified wheat starch, sodium alginate, karaya gum, cornstarch, xanthan gum, enzymes, colored with turmeric and annatto, preserved with sodium propionate, potassium sorbate and sorbic acid","wheat, gluten, dairy, eggs, soybeans"
soybeanoil,soybeans
"artichoke (artichoke hearts, water, salt, citric acid, ascorbic acid)",none
"honey roasted sunflower kernels (sunflower kernels, honey coating [sucrose, wheat starch, honey calcium stearate, soy lecithin], high oleic canola and/or sunflower oil, maltodextrin, sea salt, xanthan gum)","wheat, soybeans"
beet juice and beta-carotene (for color),none
"cheese (milk, salt, cheese cultures, enzymes)",dairy
color [carmine,none
"coating (sugar, fractionated palm kernel oil, whey, nonfat milk, cultured whey, soy lecithin, natural flavor)","dairy, soybeans"
"cooked chicken white meat strips (chicken white meat, water, modified potato starch, canola oil, lemon juice concentrate, sugar, salt, granulated garlic, sodium phosphate, spice)",none
lemon juice from concentrate [water,none
"organic fruit and vegetable filling: organic fruit and vegetables (organic concentrated apple juice, organic concentrated apple puree, organic concentrated red beet juice, organic concentrated red palm juice, organic raspberry puree, organic strawberry puree)",none
"cooked elbow macaroni (semolina [wheat], niacin, ferrous sulfate [iron], thiamine mononitrate, riboflavin, folic acid)","wheat, gluten"
"pecorino romano cheese (pasteurized sheep's milk, cheese culture, salt, rennet, powdered cellulose)",dairy
sugar sunflower oil,none
sea salt 5%,none
"organic vegetable broth concentrate (organic carrot, organic onion, organic celery)",none
"artificial coloring (includes titanium dioxide, red 40 lake, yellow 5 lake, yellow 5, blue 1 lake, blue 1)",none
contains 2 percent or less of salt,none
"milk chocolate (sugar, cocoa butter, milk, cocoa liquor, soy lecithin, vanilla)","dairy, soybeans"
paprika and other spices,none
"dough ingredients: enriched durum flour (flour, niacin, iron, thiamine, riboflavin, folic acid)","wheat, gluten"
contains 2% or less of: medium chain triglycerides (from organic coconut),none
"12 oz package completely seasoned vigo yellow rice - enriched rice (niacin, iron (ferric orthophosphate), thiamin mononitrate, folic acid)",none
whey protein (from milk),dairy
fruit and vegetable juice [color],none
rehydrated egg white,eggs
flavor,none
contains 2% or less of: yeast extract,none
degerminated white corn grits,none
cream wheat flour,"gluten, wheat"
contains 2% or less of each: graham flour,"gluten, wheat"
"dark chocolate (sugar, chocolate processed with alkali, cocoa butter, milk fat, soy lecithin (emulsifier), vanillin (artificial flavor))","dairy, soybeans"
tender cactus,none
"oreo cookies (wheat flour, sugar, high oleic canola oil and/or palm oil and/or canola oil and/or soybean oil, alkalized cocoa, high fructose corn syrup, corn starch, baking soda and/or calcium phosphate, salt, lecithin, vanillin, chocolate)","gluten, wheat, soybeans"
organic corn starch,none
precooked triticale flakes,none
semolina 99%,"gluten, wheat"
contains less than 2% of: cream,dairy
baking soda (sodium bicarbonate)],none
"colors (carmine [color], blue 1 lake, titanium dioxide [color], yellow 5 lake, blue 1, blue 2, blue 2 lake, red 3, red 40, red 40 lake, yellow 5, yellow 6, yellow 6 lake, caramel color, annatto [color])",none
"cooked pork sausage crumbles (pork, water, contains 2% or less of: salt, sugar, spices, natural flavor (with maltodextrin, succinic acid), sodium phosphates, caramel color)",none
"caramel (coconut sugar, coconut milk, water, sea salt, guar gum)",dairy
"margarine (palm oil, water, salt, monoglycerides, natural flavor, citric acid, beta carotene color, vitamin a palmitate)",dairy
elk,none
jasmati american jasmine rice,none
antioxidant: l-ascorbic acid,none
"blueberry bit (sugar, wheat flour, canola oil, wheat starch, dextrose, fruit juice concentrates (elderberry juice, watermelon, huito) for color, natural flavor, dried blueberries, and sodium bicarbonate)","gluten, wheat"
"vegetables (green cabbage, cauliflower, kale, red cabbage, carrots)",none
ripe tomatoes,none
glucosylated stevia extract,none
"organic tamari powder (organic soybeans, organic rice flour, organic rice maltodextrin, salt, lecithin)",soybeans
"multigrain & bean crisps (cornmeal, brown rice, millet, cane sugar, corn starch, rice extract, teff, caramelized pear juice concentrate, navy beans)",none
red leaf lettuce,none
"vanilla extract (water, alcohol (35%), vanilla bean extractives)",none
sustainable palm fruit oil,none
ferric orthophosphate ( a source of iron),none
"ramen noodles (wheat flour, water, canola oil, potato starch, salt, potassium carbonate)","gluten, wheat"
contains less than 2% of buttermilk solids,dairy
enriched bleached flour [wheat flour,"gluten, wheat"
dehydrate red bell pepper,none
"vanilla custard base (sugar, egg yolks, water, natural and artificial flavor, citric acid, annatto and turmeric [colors])",eggs
sugar contains 2% or less of: wheat bran,"gluten, wheat"
maple leaf sprinkles: icing sugar (sugar cornstarch),none
contains less than 2% guar gum,none
"vegetable oil blend (liquid soybean oil, palm oil, palm kernel oil)",soybeans
green and red bell pepper,none
strained yogurt: pasteurized skim milk,dairy
"cookie dough (wheat flour, sugar, brown sugar, butter [cream, salt], water, soybean oil, chocolate chips [sugar, chocolate liquor, cocoa butter, soy lecithin, vanilla extract], cornstarch, molasses, salt, vanilla extract, soy lecithin, baking soda, egg whites)","gluten, wheat, dairy, eggs, soybeans"
"natural flavor (corn syrup solids, salt, garlic, sugar, spices, soy sauce solids [wheat, soybeans, salt, maltodextrin, caramel color], palm oil, tamarind, natural flavoring)","gluten, soybeans"
organic confectioner's glaze,none
"almonds (almonds, expeller pressed canola oil)",tree nuts
contains 2% or less of each of the following: natural flavor,none
cheddar cheese: pasteurized milk,dairy
rainbow trout (oncorhynchus mykiss),fish
"dried blueberries (blueberries, sugar, sunflower oil)",none
"panko (unbleached wheat flour, natural cane sugar, yeast, sea salt) surimi {water",wheat
"cooked enriched macaroni (semolina wheat flour, egg, iron, niacin, thiamine mononitrate, riboflavin, folic acid)","wheat, eggs"
salted sake [rice,none
habanero chile powder,none
"natural cheeses (cheddar and monterey jack (pasteurized milk, salt, enzymes, annatto color))",dairy
natural spice extractives,none
carrot juice from concentrate,none
"vegetable oil (palm kernel, soybean and/or palm oil with tbhq for freshness)",soybeans
icing sugar,none
"marshmallows (sugar, modified cornstarch, corn syrup, dextrose, gelatin, artificial flavor, natural flavor)",none
"lemonade-flavored flake (confectioners sugar, coconut oil, nonfat dry milk powder, whole milk powder, natural and artificial flavors, fruit juice [color], citric acid, soy lecithin, turmeric [color])","dairy, soybeans"
alpha-galactosidase,none
soya beans,soybeans
"vegetable stock (salt, glucose syrup (wheat), vegetable powder [onion, carrot, tomato], sugar, sunflower oil, spices)",wheat
"almonds (almonds, cottonseed oil, butter, salt)",tree nuts
"enriched wheat flour (wheat flour, niacin, reduced iron, thiamin mononitrate, riboflavin, enzymes, folic acid)",wheat
red curry paste [dried red chili,none
"hard salami with natural smoke flavor added (pork, salt, contains less than 2% of the following: dextrose, natural flavoring, wine, natural smoke flavor, garlic, lactic acid starter culture, sodium ascorbate, potassium nitrate, sodium nitrite)",none
"baking powder (sodium acid pyrophosphate, sodium bicarbonate, calcium carbonate, corn starch, monocalcium phosphate)",none
calcium pyrophosphate,none
"cooked seasoned beef brisket (beef, seasoning [salt, sugar, spices, paprika, mustard, onion powder, garlic powder, chipotle pepper])",mustard
quinoa 1,none
"margarine (palm oil, water, soybean oil, salt, contains 2% or less of: mono- & diglycerides, calcium disodium edta [preservative], artificial flavor, annatto [color], vitamin a palmitate)",soybeans
"baking powder (sodium acid pyrophosphate, baking soda, corn starch, calcium phosphate)",none
ingredients turkey breast,none
"non hydrogenated vegetable oils (palm, canola)",none
"seasoning salt (salt, sugar, paprika, turmeric, onion, corn starch, garlic, tricalcium phosphate, natural flavor, paprika oleoresin)",none
organic tomato paste,none
"pretzels (enriched wheat flour [wheat flour, niacin, reduced iron, thiamin mononitrate, riboflavin, folic acid)",wheat
"peaches (peaches, sugar, citric acid, ascorbic acid and salt to prevent browning) natural flavoring",none
flavor],none
gummy character: sugar,none
zinc citrate and manganese citrate,none
fd&c red 40 and blue1],none
milk chocolaty coating [sugar,dairy
"cream cheese (cream, milk, non-fat milk, salt, guar gum, propylene glycol alginate, carrageenan, carob bean gum, bacterial culture)",dairy
"fudge flakes (powdered sugar [sugar, corn starch], coconut oil, cocoa [processed with alkali], cocoa salt, soy lecithin, natural flavor, caramel color)",soybeans
lactic acid],none
"spices (sweet chili pepper, cumin, paprika, cayenne pepper, black pepper, oregano, basil, bay, marjoram, thyme, savory, coriander, mustard, rosemary)",mustard
vegetable juices added for color,none
dept,none
salt naturalflavor red wine vinegar,none
"and serrand purees (anaheim peppers, jalapeno peppers, serrano peppers, habanero peppers, water, salt, citric acid, acetic acid)",none
"dark chocolate (chocolate liquor, sugar, cocoa butter, soy lecithin, vanilla)",soybeans
strained yogurt: grade a pasteurized skimmed milk,dairy
demerara organic sugar,none
contains 2% or less of baking soda,none
organic dehydrated vegetables (garlic and onion),none
beetroot,none
bht added to packaging to help preserve freshness,none
emulsifiers: mono- and diglycerides of fatty acids; natural yeast (gluten) 1,gluten
"contains 2% or less of parmesan cheese (part-skim milk, cheese culture, salt, enzymes)",dairy
"yellow onion), red grapes, carrots, multi grain pita chips (pita bread (enriched wheat flour (wheat flour, barley malt flour, niacin, iron [ferric phosphate]. thiamin. riboflavin. folic acid). whole wheat flour. wheat bran, barley flour. sesame seeds, vital wheat gluten, sugar cane fiber, flaxseed, sugar, rolled oats, yellow corn meal, millet, salt, yeast)","wheat, gluten, sesame"
contains 2% or less of organic oat flour,none
"spices (including paprika, red pepper, chili pepper, black pepper)",none
less than 2% of: canola oil and/or soybean oil,soybeans
"enzymes), water, jalapeno peppers (jalapeno peper",none
"dried cranberries (cranberries, sugar, vegetable glycerin)",none
"chocolate (unsweetened chocolate, organic cane sugar, cocoa butter)",dairy
natural flavor (milk),dairy
"cookies (sugar, enriched flour [wheat flour, niacin, reduced iron, thiamin mononitrate, riboflavin, folic acid], vegetable oil [soybean, palm, palm kernal oil], cocoa processed with alkali, invert sugar, yellow corn flour, chocolate, cornstarch, salt, leavening [baking soda, monocalcium phosphate], whey, natural & artificial flavor, soy lecithin)","wheat, soybeans, dairy"
"vegetables (garlic, onion, green onion)",none
"vegetable oil [(palm, soybean and/or cottonseed oils)",soybeans
"chocolate coating (mct oil blend, prebiotic soluble fiber, erythritol, milk protein isolate, inulin, cocoa, soluble corn fiber, salt, soy lecithin, stevia)","dairy, soybeans"
"chocolate chunks (brown sugar, coconut oil, cocoa processed with alkali, cocoa powder, milkfat, soy lecithin, vanilla extract, natural flavor)","dairy, soybeans"
modified wheat starch,gluten
"blue sprinkles (sugar, cornstarch, palm oil and palm kernel oil, dextrin, soy lecithin, blue 1 lake, confectioner's glaze [shellac], natural and artificial flavor, carnauba wax)",soybeans
"pizza sauce (crushed tomatoes [water, concentrated crushed tomatoes], tomato puree [water, tomato paste], diced tomatoes, sugar, salt, soybean oil, spices, food corn modified, parmesan cheese flavor [parmesan cheese {milk, cheese cultures, salt, enzymes}, water, disodium phosphate, enzymes], garlic, onion powder, granulated garlic, citric acid)","dairy, soybeans"
contains less than 2% of spices,none
"bacon (pork, water, sea salt, turbinado sugar, natural flavoring, maple syrup)",none
swordfish steaks,fish
chicken meat including natural chicken juices,none
"chicken broth (water, chicken stock, sea salt)",none
"crushed tomatoes (tomatoes, tomato paste)",none
"seeds (sunflower, flax)",none
cottonseed and/or canola),none
contains less than 2% of unsweetened chocolate,dairy
"beer (malted barley, corn syrup, hops, yeast)",gluten
maitake mushroom],none
"contains less than 2% of: flavoring (natural flavor, yeast extract)",none
"pretzel balls (enriched wheat flour (wheat starch, niacin, reduced iron, thiamin mononitrate, riboflavin, folic acid, silicon dioxide (anti-caking agent), vegetable oil (corn and/or canola and/or cottonseed and/or soybean), corn syrup, salt, sodium bicarbonate, yeast), sesame sticks (unbleached wheat flour (contains malted barley flour as a natural enzyme additive), soybean oil, sesame seeds, bulgur wheat, salt, colored with (beet powder and turmeric)), cajun corn sticks (yellow corn masa, soybean oil, cajun seasoning (potato flour, spices and herbs, salt, onion powder, tomato powder, garlic powder, natural flavoring, maltodextrin, modified corn starch, green pepper powder), salt), pretzels (enriched wheat flour (wheat starch, niacin, reduced iron, thiamin mononitrate, riboflavin, folic acid, silicon dioxide (anti-caking agent), salt, vegetable oil (corn and/or canola and/or cottonseed and/or soybean), corn syrup, sodium bicarbonate, yeast), spice blend (salt, paprika, black pepper, cayenne pepper, garlic powder, onion powder, white pepper, oregano, thyme, tricalcium phosphate (anti-caking agent))","wheat, gluten, sesame, soybeans"
"cream mixture (cream, skim milk, vegetable oils [palm and palm kernel], sugar, water, corn starch, mono- and diglycerides [emulsifier])",dairy
"organic milk chocolate (organic dried cane syrup, organic cocoa butter, organic whole milk powder, organic chocolate liquor, organic soy lecithin [emulsifier], organic vanilla)","dairy, soybeans"
kelloggs rice krispies' cereal: rice sugar,none
"gluten free flour (tapioca starch, corn flour, corn starch, potato starch, rice flour, soy flour, potato flour, carrageenan, acacia gum, xanthan gum)",soybeans
"bbq seasoning dry rub packet (sugar, spices [including smoked paprika)",none
ground turmerica1,none
"grilled seasoned chicken white meat (chicken white meat, water, potato starch, sea salt)",none
in collagen casing,none
contains 2% or less of non-gmo cornstarch,none
"wheat), methylcellulose, yeast extract, malt extract, yeast extract, natural flavor","wheat, gluten"
"gluten free cookie flour (whole grain brown rice flour, corn starch, soy flour, whole grain corn flour)",soybeans
"jalapeno peppers (with salt, acetic acid, water, calcium chloride)",none
bleached wheat flour,"gluten, wheat"
"coconut swirl (corn syrup, coconut cream [coconut extract, water, xanthan gum, carrageenan, guar gum], water, sugar, coconut, corn starch, rice starch, fruit and vegetable juice for color, salt, maltodextrin, gum arabic, carob bean gum, natural flavor)",none
contains less than 2% of: broccoli,none
sizing agent [glucose syrup,none
"margarine (palm oil, water, salt, mono- and dyglycerides, soy lecithin, sodium benzoate and citric acid as preservatives, artificially flavored, beta carotene, vitamin a palmitate added for color)",soybeans
artificial color added,none
"contains 2% or less: romano cheese (pasteurized milk, cheese culture, salt, enzyme)",dairy
apple concentrate,none
"bacon - (cured with water, salt, sugar, smoke flavoring, sodium phosphates, sodium erythorbate, sodium nitrite)",none
"milk cream cane sugar chocolate chips (unsweetened chocolate cane sugar palm kernel oil cocoa butter soy lecithin, vanilla extract)","dairy, soybeans"
"white meat chicken (chicken breast with rib meat, water, soybean oil, modified corn starch, chicken base [dextrose, salt, corn oil, soy sauce {water, wheat, soybeans, salt}, tomato puree, xanthan gum and locust bean gum, potato starch, extractives of paprika, natural flavoring], milk protein concentrate [sodium caseinate and whey protein concentrate], sodium phosphates, chicken base [chicken meat including chicken juices, salt, chicken fat, sugar, maltodextrin, hydrolyzed corn gluten, dried whey, natural flavors, yeast extract, turmeric {color}], lactic acid)","soybeans, dairy, wheat"
"leavenings (sodium bicarbonate, sodium acid pyrophosphate)",none
"color added (yellow 5, yellow 5 lake)",none
coated with: fructose,none
wheat flour (may contain gluten),"gluten, wheat"
"vegetable shortening (palm and soybean oils, mono and diglycerides, polysorbate 60, tbhq [preservative])",soybeans
"organic worcestershire sauce (organic white vinegar, organic molasses, water, organic sugar, sea salt, organic caramel color, organic garlic powder, organic spices, xanthan gum)",none
oliggosaccharides,none
"cheddar cheese ([pasteurized milk, cheese cultures, salt, enzymes], milkfat, water, sodium phosphate, salt, sorbic acid, annatto coloring)",dairy
calcium d-pantothenate,none
walnuts with preservative (bht),tree nuts
contains 2% or less of highly refined hazelnut oil,tree nuts
"vegetable fibres (potato, psyllium)",none
fat reduced from 8g to 5g,none
"vegetable oil (contains one or more of the following: corn, cottonseed, sunflower)",none
sardines,fish
cured white turkey: white turkey,none
mixed tocopherols (antioxidant - vitamin e),none
water cocoa,none
"roasted almonds (almonds, canola oil, butter, salt)","tree nuts, dairy"
young sweet corn,none
"white chicken strips with grill marks added (chicken breast with rib meat, water, modified food starch, salt, seasoning [maltodextrin, garlic flavor {salt, garlic, gum arabic, garlic extract}, caramel color], sodium phosphate}, olive oil, green bell peppers, contains 2% or less of modified cornstarch, sugar, carrots, celery, onions, parmesan cheese (part skim cow's milk, cheese culture, salt, enzymes), red bell peppers, wine (contains salt, potassium sorbate [preservative]), garlic (contains high fructose corn syrup), yeast extract, romano cheese (pasteurized cow's milk, cheese cultures, enzymes, salt), spices, salt, citric acid","dairy, celery"
aceto balsamico di modena p,none
"fruit and seeds (sunflower seeds, currants, flax seeds, cranberries, blueberries)",none
2% or less of dextrose,none
"vegetable shortening (palm oil, antioxidants-tocopherol)",none
"crust (unenriched wheat flour (wheat flour, malted barley flour), water, corn oil, sugar, sea salt, yeast)","gluten, wheat"
uncured pork,none
organic pea hull fiber,none
citric acid and annatto extract (as color),none
"tangelo flavor (natural ingredients, water, salt, xanthan gum, guar gum, potassium sorbate, span 60, polysorbate 60)",none
"bleu cheese vinaigrette (water, apple cider vinegar, canola oil, bleu cheese [milk, salt, culture, enzymes], sugar, salt, bleu cheese flavor [bleu cheese {milk, culture, salt, enzymes}, cream, water, milkfat, salt, disodium phosphate, xanthan gum], apple juice concentrate, spices, natural flavor, xanthan gum, dried garlic)",dairy
contains 2% or less of: sodium lactate,none
"smoked salmon (steelhead trout, sockeye salmon, atlantic salmon, salt, sugar, spices, natural wood smoke)",fish
almond extract,tree nuts
"raspberry puree (sugar, red raspberry puree, glucose syrup, water, raspberry puree concentrate, coloring food [concentrates of carrot & black currant], pectin [gelling agent], citric acid [acidifier], potassium sorbate [preservative], carmine [color], natural flavor)",none
sulphur dioxide (as a preservative),sulphur dioxide
wheat-free tamari sauce,none
acai,none
"milk chocolate (sugar, whole milk, cocoa butter, chocolate, soy lecithin (an emulsifier), vanillin (an artificial flavoring), raisins, sugar, cocoa powder, confectioner's glaze (lac-resin), tapioca dextrin and corn syrup","dairy, soybeans, gluten"
organic cocoa (processed with alkali),none
"worcestershire sauce (distilled vinegar, molasses, corn syrup, water, salt, caramel color, garlic powder, sugar, spices, tamarind, natural flavors)",none
"vitamin a palmitate added), contains 2% or less of antimicrobial blend (maltodextrin",none
organic coconut sap crystals,none
"enriched high gluten flour (wheat flour, malted barley, niacin, reduced iron, thiamine mononitrate, riboflavin, folic acid)","wheat, gluten"
"live active yogurt cultures (s. thermophilus, l. bulgaricus, l. lactis, l. acidophilus)",dairy
"bittersweet chocolate chips (unsweetened chocolate, sugar, cocoa butter, milk fat, soy lecithin [emulsifier], vanilla extract)","dairy, soybeans"
"apple nuggets (sugar, vegetable oil [palm, palm kernel], wheat flour, malic acid, sodium citrate, tricalcium phosphate, natural and artificial flavors, soy lecithin, yellow 5 lake)","wheat, soybeans"
millet meal,none
"enriched bleached wheat flour (flour, niacin, iron, thiamine mononitrate, riboflavin, folicacid, enzyme)","wheat, gluten"
may also contain rice starch,none
"pasteurized cheese sauce (cheese, whey, skim milk, palm oil, modified potato starch, yeast extract, modified corn starch, disodium phosphate, salt, natural flavor, lactic acid, sodium alginate, colored with paprika extract)",dairy
folic acid (vit. b9),none
less than 2% of the following: dextrose,none
treated with the following fungicides: sodium orthophenyl phenate,none
vegetable oil shortening [from palm nut and palm oils and highly refined coconut oil],none
"leavening(sodium bicarbonate, ammonium bicarbonate, sodium acid pyrophosphate, monocalcium phosphate)",none
"oven roasted chicken breast (chicken breast meat, chicken broth, salt, contains 2% or less of turbinado sugar, potato starch, dried vinegar, natural flavoring [citrus fruit extracts, pea starch], cultured celery powder, cherry powder, natural flavoring)",none
packed in vinegar,none
"toppings: sauce: (water, tomato puree, romano cheese (pasteurized cow's milk, cheese cultures, salt, enzymes), powdered cellulose added to prevent caking, salt, spices, sugar, garlic powder)",dairy
"crab extract (natural flavoring, glucose syrup, water, salt, monosodium glutamate, ribonucleotides, potassium sorbate, xanthan gum)",**fish
"seasoning (modified food starch, sweet whey solids (milk), corn starch, autolyzed yeast extract, salt, caramel color, calcium caseinate (milk), onion powder, paprika, xanthan gum, dicalcium phosphate, flavoring)",dairy
carrot cake mix {sugar,none
organic ground mustard seed,mustard
paprika (for flavoring),none
solids,none
"enriched unbleached flour (wheat flour, malted barley flour, niacin, iron, thiamin mononitrate, riboflavin, folic acid)","wheat, gluten"
"contains 2% or less of: leavening (sodium acid pyrophosphate, sodium bicarbonate, monocalcium phosphate)",none
folate (folic acid),none
ingredients: high fructose corn syrup,none
natural plant sterols,none
mango sorbet: water,none
artificial raspberry flavor,none
"dark chocolate (chocolate liquor, sugar, cocoa butter, soy lecithin, natural flavor)",soybeans
poppy seed dehydrated onion,none
contains 2% or less of each of the following: yeast,none
"adobo sauce (chipotle peppers, tomato, distilled vinegar, onions, canola oil, sugar, salt, spice, garlic)",none
spiced apple: apple,none
and calcium silicate (to make free flowing),none
powdered vegetable shortening [sunflower oil,none
sour cherries,none
fresh basil leaf,none
"seasoning (salt, spices, fructose, garlic, modified cornstarch, konjac gum, malic acid)",none
"egg whites (egg whites, sodium and triethyl citrates)",eggs
"yogurt coating (sugar (sugar, cornstarch), hydrogenated palm kernel oil, sugar milk blend (milk, nonfat milk, lactose), yogurt blend nonfat milk, whey, lactic acid)",dairy
"organic natural flavor (organic turkey flavor, organic gum arabic, sea salt)",none
may contain water,none
dried torula yeast,none
"contains less than 1% of the following: butter (cream [milk], salt)",dairy
"cheese blend (colby cheese [pasteurized milk, cheese culture, salt, enzymes, annatto {color}], cheddar cheese [pasteurized milk, cheese culture, salt, enzymes, annatto {color}], monterey jack cheese [pasteurized milk, cheese culture, salt, enzymes], muenster cheese [pasteurized milk, cheese culture, salt, enzymes])",dairy
"seitan chipotle grounds (water, vital wheat gluten, soy sauce2 [water, soybeans2, wheat, salt, alcohol], tomato puree (tomatoes, citric acid), 2% or less of cane sugar, spices, onion, brown rice syrup, canola oil, chipotle pepper puree, granulated onion, white vinegar, granulated garlic, sea salt, natural smoke flavor, kombu)","soybeans, wheat, gluten"
"white chocolate (sugar, cocoa butter, dry whole milk, dry cream, nonfat dry milk, lactose, dry buttermilk, soy lecithin, salt, natural vanilla flavor)","dairy, lactose"
"natural stabilizers (locust bean gum, guar gum)",none
"chocolate cookie pieces (wheat flour, sugar, palm oil, cocoa powder processed with alkali, salt, baking soda, soy lecithin)","wheat, soybeans"
gluten-free oats+,none
organic avocado oil,none
"bacon (pork cured with water, salt, sugar, natural smoke flavoring, sodium phosphate, sodium erythorbate, sodium nitrite)",none
wine (contains sufites),"sulphur dioxide, sulphites"
"chocolate drops (sugar, palm kernel oil, cocoa powder, soy lecithin, natural vanilla)",soybeans
"fish stock base (fish stock concentrate [pollock, salt], onion & leek juice concentrates, spices, onion powder)",fish
whole milk solids,dairy
"tortilla strips (stone ground yellow corn, stone ground blue corn, sunflower oil and/or corn oil, sea salt, water, lime)",none
white all natural cheddar cheese curds [pasturized milk,dairy
"vegetable gums (gum tragacanth, arabic & xanthan)",none
"cheddar cheese (pasteurized milk, salt, cheese cultures, enzymes, annatto extract [color])",dairy
"sour cream (cultured milk, cream)",dairy
"chocolaty mint filled cows (sugar, coconut oil, partially hydrogenated soybean oil, skim milk, milk, cocoa processed with alkali, soy lecithin, oil of peppermint, natural and artificial flavor, salt, yellow 5 lake, blue 1 lake)","dairy, soybeans"
reconstituted minced onions,none
potassium carbonate (to preserve freshness),none
peanut powder,peanuts
sauce: tomato paste,none
clam juice concentrate,shellfish
"ice cream (cream, skim milk, sugar, corn syrup, guar gum, mono & diglycerides, cellulose gum, carrageenan)",dairy
grilled zucchini,none
caramel colors,none
organic amaranth (sprout),none
"preservatives (calcium propionate, potassium sorbate, sorbic acid)",none
"organic provolone cheese (organic milk, salt, microbial rennet)",dairy
smoke],none
"semi sweet chocolate chips (sugar, chocolate, cocoa butter, milk fat, soy lecithin, natural and artificial flavors, milk)","dairy, soybeans"
basted with up to 16% added solution of water,none
or sunflower oil,none
chopped onion,none
brownies [sugar,none
potassium sorbate and natamycin (preservatives),none
"corn masa flour (corn, lime)",none
sorbitol (humectant),none
acesulfame-k (potassium),none
non-gmo soybean flour,soybeans
"gluten free soy sauce (water, soybeans, salt, vinegar)",soybeans
"ravioli (filling: ricotta cheese [whey, whole milk, cream, vinegar, xanthan gum, locust bean gum, guar gum (stabilizers)], low moisture part-skim mozzarella cheese [cultured milk, salt, enzymes], spinach, romano cheese [pasteurized sheep's milk, cheese culture, salt, enzymes, powdered cellulose], water, egg whites [egg whites, sodium and triethyl citrates], japanese breadcrumbs [bleached wheat flour, yeast, sugar, salt], basil, black pepper, parsley, salt, oleoresin of basil [fractionated coconut oil, extractives of basil, soybean oil and canola oil]; pasta: durum flour [durum flour, niacin, ferrous sulfate, thiamin mononitrate, riboflavin, folic acid])","dairy, eggs, wheat"
prepared large butter beans,none
green plantain,none
"vegan cheese (vegetable oil, corn starch, lemon juice, soybeans, water)",soybeans
(processing aid),none
2% or less of organic onion powder,none
"bacon (cured with water, salt, sodium erythorbate, sodium nitrite. may also contain smoke flavoring, sugar, dextrose, brown sugar, sodium phosphate, potassium chloride, flavoring)",none
almond emulsion {water,tree nuts
less than 2% of: lime juice concentrate,none
live and active cultures (lactobacillus acidophilus and bifidobacterium lactis),dairy
"cheddar cheese (whey, buttermilk, modified food starch, butter, natural flavor, milk protein concentrate, methylcellulose, salt, sodium citrate, disodium phosphate, sorbic acid, yeast extract, colored with beta carotene, beta-apo-8'-carotenal, annatto, and paprika)",dairy
salt and vanilla flavor,none
"concentrated vegetable juices of (sweet potatoes, purple carrots, carrots)",none
cup ricotta cheese,dairy
contains less than 2% od dried onion flake,none
"seaweed salad [seaweed (wakame, suginor)",none
"vegenaise (expeller pressed soybean oil, water, brown rice syrup, apple cider vinegar, salt, soy protein, mustard flour, lemon juice concentrate)","soybeans, mustard"
"ramen noodles (water, enriched wheat flour (wheat flour, niacin, iron, thiamine mononitrate, riboflavin, folic acid), modified tapioca starch, wheat starch, salt, egg whites, wheat gluten, potassium carbonate, sodium carbonate, xanthan gum, citric acid)","wheat, eggs, gluten"
organic liquid sugar,none
organic pineapple organic cacao,none
"milk cream cane sugar fudge (water, sugar, bittersweet chocolate (unsweetened chocolate, cane sugar, cocoa butter, non-gmo soy lecithin, vanilla extract), cocoa (processed with alkali), butter (cream, salt), tapioca starch, natural flavor, salt, locust bean gum)","dairy, soybeans"
guava puree,none
cultured pasteurized grade a nonfat milk and nonfat milk solids,dairy
"chocolate chip cookie dough (wheat flour, brown sugar, butter [cream, salt], chocolate chips [sugar, chocolate liquor, cocoa butter, soy lecithin, vanilla extract], eggs, sugar, cornstarch, natural flavor, salt)","wheat, dairy, eggs"
"garlic parmesan flavored soybean oil (soybean oil, natural flavors [including flavorings {contains canola oil}, lipolyzed butter oil], lactic acid, turmeric, annatto)",soybeans
"graham cracker crust: graham crackers (enriched wheat flour [wheat flour, niacin, reduced iron, thiamin mononitrate, riboflavin, folic acid], high fructose corn syrup, whole wheat flour, vegetable oil [soybean oil, palm oil and palm kernel oil], contains 2% or less baking soda, salt, honey)","wheat, soybeans"
contains 2% or less: cream,dairy
ascorbyl palmitate],none
"flavor blend (water, sugar, modified corn starch, citric acid, sodium citrate, cinnamon, vitamin a acetate, vitamin d3)",none
parboiled white rice,none
"milk chocolate (sugar, cocoa butter, chocolate liquor, whole milk powder, soy lecithin [an emulsifier], salt, natural vanilla extract)","dairy, soybeans"
sunflower lecithins,none
"gluten-free crust (water, tapioca starch, rice flour, potato starch, chickpea flour, milled flaxseed, rice starch, olive oil, cane sugar, yeast, sea salt, psyllium, chicory root extract, xanthan gum, locust bean gum)",none
"bleached enriched wheat flour (niacin, reduced iron, thiamine monontrate (vitamin b1), riboflavin (vitamin b2), folic acid)","wheat, gluten"
contains 2% or less than the following: annatto extract,none
unsweetened organic dark chocolate,none
combination of palm olein and palm oil,none
organic honey live and active probiotic cultures: l,none
"dark chocolate cranberries: dark chocolate (sugar, chocolate liquor (processed with alkali), cocoa butter, milk fat, soy lecithin (an emulsifier), vanilla, vanillin (an artificial flavor))","dairy, soybeans"
"cookies (sugar, enriched flour [wheat flour, niacin, reduced iron, thiamine mononitrate {vitamin b1}, riboflavin {vitamin b2}, folic acid], soybean and palm oils, cocoa processed with alkali, invert sugar, contains 2% or less of yellow corn flour, corn starch, chocolate, salt, leavening [sodium bicarbonate, monocalcium phosphate], artificial flavor, soy lecithin, whey)","wheat, soybeans, dairy"
"parmesan cheese (milk, salt, cheese cultures, enzymes)",dairy
"provolone cheese with smoke flavor (provolone cheese [pasteurized milk, cheese cultures, salt, enzymes, natural smoke flavor])",dairy
"soy sauce (water, wheat, soy bean, salt)","wheat, soybeans"
"organic chocolate chips (organic cane sugar syrup, organic chocolate liquor, organic cocoa butter, organic soy lecithin)",soybeans
baking powder (sodium bicarbonate & ammonium bicarbonate),none
garuc,none
"pitted kalamata olives (olives, water, salt, olive oil, acetic acid)",none
"low moisture part skim mozzarella cheese (part skim milk, cheese cultures, salt, enzymes)",dairy
"pretzel bun: enriched flour (unbleached, unbromated wheat flour, malted barley flour, niacin, iron [reduced iron], thiamin mononitrate, riboflavin, folic acid)","wheat, gluten"
"vegetable oil (palm, soybean)",soybeans
"release agent (sunflower oil, coconut oil, sunflower lecithin)",none
roasted oregon hazelnuts,tree nuts
"peanut brittle (sugar, peanuts, corn syrup, butter [cream, salt], sodium bicarbonate, salt)","peanuts, dairy"
"vanilla bean extractives), and artificial flavor]",none
contains celery,celery
crushed ginger,none
extractives of paprika and turmeric (color),none
acidifiers: lactic acid,none
vitamin e dl alpha tocopheryl,none
sodium molybdate,none
"vanilla), corn syrup, milk chocolate (sugar",dairy
savory flavor (contains maltodextrin),none
"(may contain: blue 1, green 3, red 40, yellow 5 and yellow 6)",none
"chocolate chips (sugar, chocolate liquor, cocoa butter, soy lecithin [emulsifier], vanilla extract)",soybeans
farm raised atlantic salmon,fish
sodium nitrite; diced turkey: ingredients: turkey breast water,none
organic corn flour,none
lactase enzyme and vitamin d3,none
contains 2% or less of organic garlic,none
wheat flour - coconut oil - sugar - dehydrated glucose syrup - low fat cocoa - dextrose - whey powder - soy flour - skimmed milk powder - salt - emulsifier: soy lecithin - leavening: sodium bicarbonate,"wheat, soybeans, dairy"
"preservative (calcium propionate, sorbic acid)",none
ingredients: pollock,none
"monterey jack cheese - (pasteurized milk, cheese cultures, salt, enzymes)",dairy
vegan sour cream,none
"contains 2% or less of: sour cream (cultured cream, nonfat milk)",dairy
eggs water,eggs
organic cranberry juice from concentrate,none
"cooked spicy italian sausage (pork, spices, water, salt, corn syrup solids, extractives of spices including paprika, disodium inosinate and disodium guanylate, bha, propyl gallate, citric acid)",none
"artichoke pieces (with water, salt, citric acid)",none
"gums (agar, xanthan, sodium alginate, guar, acacia)",none
"pepperoni (pork, beef, salt, contains 2% or less of: paprika and/or oleoresin of paprika, spices and/or spice extractives, lactic acid starter culture, sodium nitrite, bha, bht, citric acid, may also contain: water, dextrose, smoke flavoring, sodium ascorbate and/or ascorbic acid [vitamin c], flavoring, garlic powder)",none
"creamer (water, palm oil, corn syrup solids, sodium caseinate (a milk derivative), mono and diglycerides, dipotassium phosphate, sodium silicoaluminate, soy lecithin, bht)","dairy, soybeans"
lemon peel [lemon peel,none
soybean and palm oils,soybeans
"organic chicken broth concentrate (organic chicken broth, organic chicken flavor, organic chicken fat, organic soy sauce powder [organic soy sauce {water, organic soybeans, salt}, organic corn maltodextrin, salt], sea salt, yeast extract, organic canola oil, organic cooked vegetables [organic carrots, organic celery, organic onions], organic onion powder, organic turmeric, flavoring, organic flavor)","soybeans, celery"
natural flavors (contains corn and/or soybean oil and milk),"dairy, soybeans"
"pepperoni: (pork, beef, salt, dextrose, sodium nitrite, bha, bht, citric acid, may contain water, spices, flavoring, smoke favoring, paprika, oleoresin of paprika, lactic acid starter culture, sodium ascorbate, garlic powder, dehydrated garlic)",none
"artificial colors (fd&c yellow 5, yellow 6, red 40, blue 1)",none
non-gmo sunflower seeds,none
matcha powder,none
"artificial color (including yellow 5, yellow 6, red 3, red 40, blue 1)",none
usda beef chuck and sweet onions,none
vitamins and minerals: dicalcium phosphate,none
"great northern beans (bean water, salt, calcium chloride)",none
"sour cream & onion seasoning (organic onion, organic nonfat milk, salt, organic yogurt powder [organic nonfat milk, lactic acid, cultures, natural flavor], organic sour cream powder [organic sour cream (organic cream, cultures, lactic acid), organic nonfat milk, citric acid], organic whey, organic vinegar powder [organic maltodextrin, organic vinegar], organic cane sugar, organic parsley, organic yeast extract, lactic acid, citric acid)","dairy, wheat"
"madagascar bourbon pure vanilla bean paste (sugar, water, vanilla extract, vanilla beans, gum tragacanth {natural thickener})",none
bovine gelatin,none
"coloring (includes yellow 5, red 40, yellow 6, blue 1, yellow 6 lake, yellow 5 lake, red 40 lake, blue 1 lake, blue 2 lake, blue 2)",none
"beef & pork meatloaf (beef, pork, barbecue sauce [tomato puree {water, tomato paste}, high fructose corn syrup, molasses, vinegar, less than 2% of: spices, natural hickory smoke flavor, natural flavors, modified food starch, salt, xanthan gum, dried onion, dried garlic, caramel color, turmeric, paprika extracts], onions, bread crumbs [wheat flour, sugar, yeast, salt], egg [egg, citric acid], salt, garlic, black pepper)","dairy, wheat, eggs"
"natamycin (a natural mold inhibitor); croutons: enriched unbleached wheat flour (wheat flour, malted barley flour, niacin, iron, thiamine mononitrate, riboflavin, folic acid)",wheat
"dehydrated marshmallows (sugar, corn syrup, modified cornstarch, gelatin, artificial flavor)",none
"vegetable oil (contains one or more of the following: cottonseed, corn)",none
"a blend of root vegetables (sweet potato, taro, batata, parsnips)",none
small red beans,none
"filling (ricotta (whey, whole milk, cream, vinegar), seasoning (water, sunflower oil, potato starch, casein, salt), parmesan cheese (pasteurized cultured milk, salt, enzymes), bread crumbs (wheat flour, yeast, salt), mozzarella cheese (pasteurized cultured milk, salt and enzymes), mascarpone cheese (pasteurized milk, cream, citric acid), pecorino romano cheese (pasteurized cultured sheep milk, rennet, salt), cornstarch, chicory root fiber, potato starch, dehydrated potatoes, vegetable fiber, 2% or less of natural flavors, salt, yeast extract. pasta (semolina, eggs, water)","dairy, wheat, eggs"
"brie cheese (pasteurized milk, pasteurized cream, cultures, salt, enzymes)",dairy
"dark chocolate raisins (dark chocolate [sugar, chocolate liquor, cocoa butter, milk fat, soy lecithin-an emulsifier, natural vanilla flavor], raisins, tapioca dextrin, confectioners glaze)","dairy, soybeans"
natural turmeric flavor,none
baby cob corn & mushrooms,none
"gravy (water, porter ale [water, barley malt, hops], heavy cream [cream, carrageenan], corn starch, onions, beef flavor [cooked beef, yeast extract, beef tallow, beef extract, flavoring, salt, sugar, vegetable juice concentrates {onion, carrot, celery}, lactic, acid], burgundy wine, salt, unsalted butter [cream, natural flavor], canola oil, garlic, butter [cream, salt], methylcellulose, spice)",dairy
refined flour,wheat
contains less than 2% of: palm kernel oil,none
mizithra cheese,dairy
"turmeric [color]), toasted corn (corn",none
"made from: enriched wheat flour (flour, niacin, reduced iron, thiamine mononitrate, riboflavin, folic acid)","wheat, gluten"
"milk chocolate (sugar, cocoa butter, dry whole milk, chocolate, soy lecithin (an emulsifier), salt, vanilla)","dairy, soybeans"
6% (in green pasta),none
dehydrated carrot,none
"xanthan gum), tomatoes, peas, pine nuts",tree nuts
"soy sauce (water, wheat, soybeans, salt and less than 0.10% sodium benzoate as a preservative)","soybeans, wheat"
vegetable gums,none
liquid invert sugar,none
yams (sweet potatoes),none
white balsamic vinegar,none
"cheddar cheese (pasteurized milk, cheese cultures, salt, enzymes, annatto [vegetable color], powdered cellulose [to prevent caking], potassium sorbate and natamycin [presevatives])",dairy
spices including dried onions,none
spices (including parsley),none
organic cultured wheat flour (for freshness),"wheat, gluten"
"spices (including black pepper, red pepper)",none
enriched semolina,"wheat, gluten"
green bell pepper puree,none
"flavored fruit pieces (dehydrated apples {treated with sodium sulfite to promote color retention}, artificial flavor, citric acid, annatto color)","sulphur dioxide, sulphites"
"dehydrated four cheese blend (mozzarella/feta/asiago/parmesan cheeses [pasteurized milk, salt, cheese cultures, enzymes], disodium phosphate, natural flavors, maltodextrin)",dairy
"rosemary crackers ([enriched flour (wheat flour, niacin, reduced iron, thiamine mononitrate, riboflavin, folic acid) malt barley flour], expeller pressed canola oil, sesame seeds, sugar, minced onion, rosemary, minced garlic, sea salt, caraway seeds, poppy seeds, yeast)","wheat, gluten, sesame"
certified organic raw cacao,none
steviol glycoside (stevia),none
"semisweet chocolate (sugar, chocolate liquor, cocoa butter milkfat, soy lecithin, natural flavor, salt)","dairy, soybeans"
contains less than 2% of: disodium phosphate,none
"fully cooked ham strips water added smoke flavoring added (pork, water, salt, sugar, sodium phosphates, smoke flavoring, sodium erythorbate, sodium nitrite)",none
farro wheat,"wheat, gluten"
and salt,none
grade a pasteurized cultured reduced fat milk,dairy
hydrogenated vegetable oil (palm kernel and soybean oil),soybeans
whole grain teff seed,none
organic whole grain wheat,"wheat, gluten"
baby shrimp,shellfish
"yogurt flavored covered waffle cone pieces (yogurt flavored coating [sugar, palm kernel oil and/or palm oil, nonfat dry milk, whey powder, nonfat yogurt powder {cultured whey, nonfat milk}, titanium dioxide {color}, soy lecithin, lactic acid, vanilla], waffle cone [wheat flour, sugar, vegetable shortening {soybean and/or palm oil}, salt, soy lecithin], gum arabic, corn syrup, confectioner's glaze)","dairy, wheat, soybeans"
"imitation bacon flavored chiplets (textured vegetable protein [soy flour, caramel color], soybean oil, salt, natural flavors)",soybeans
celery seed spice extract,celery
filling: cooked ground beef,none
"water food color (propylene glycol, yellow #5 & yellow #6, red #40, caramel color)",none
"leavening (calcium carbonate, baking soda, aluminum sodium sulfate, monocalcium phosphate, sodium acid pyrophosphate)",none
"reduced fat low moisture mozzarella cheese (pasteurized reduced fat milk, cheese culture, salt, enzymes, vitamin a palmitate)","dairy, gluten"
"n&a flavor (acacia gum, propylene glycol)",none
nonfat dry milk oat fiber,dairy
"organic coconut milk powder (coconut milk, maltodextrin)",tree nuts
contains less than 2% of the following: ascorbic acid (vitamin c),none
hydrolyzed corn and soy and wheat protein,"wheat, soybeans"
organic whole raisin puree,none
contains 1% or less of: cellulose gel,none
"brown rice syrup (brown rice, water)",none
corn puree,none
vegetable oil (palm and/or palm kernel),none
high maltose syrup,none
sodium phospate (sodium hexametaphosphate),none
bananas (ascorbic acid and citric acid added to promote color retention),none
"lemon juice mix (water, lemon juice {filtered water, lemon juice concentrate, lemon oil}, citric acid)",none
lactobacillus plantarum heal 9,none
gellan guma,none
grape seed extract,none
"seasoning (salt, natural flavors, dextrose, yeast extract, buttermilk, beet powder [color], maltodextrin, nonfat milk, onion powder, cheddar cheese [milk, salt, cultures, enzymes], whey, citric acid, lactic acid, whey protein concentrate, annatto extract, butter [cream], extractives of paprika, vinegar)",dairy
organic nori flakes,none
cane sugara1,none
organic lemon juice xanthan gum,none
cocoa (natural and processed with alkali),none
"caramel swirl (sugar, water, coconut oil, salt, corn starch, pectin)",none
"tofu (water, soybeans, calcium sulfate, calcium chloride)",soybeans
fruit on the bottom: blueberries,none
fumaric acid (to preserve freshness),none
"sauce (water, cream, part skim mozzarella cheese [pasteurized part skim milk, skim milk, salt, cultures, enzymes], parmesan cheese [part-skim milk, cheese culture, salt, enzymes], soybean oil, vermont white cheddar cheese [cheddar cheese {pasteurized milk, cheese culture, salt, enzymes}, potato starch, natamycin], sherry wine, romano cheese from cow's milk [cultured part-skim milk, salt, enzymes], nonfat dry milk, contains 2% or less of: modified corn starch, salt, modified rice starch, gelatin, xanthan gum, flavoring, guar gum)","dairy, soybeans"
"anti-caking blend (potato starch, corn starch, cellulose, natamycin [a natural mold inhibitor])",none
perch fish fillets,fish
"folic acid]), sodium phosphates, guar gum, xanthan gum mono & diglycerides, unsalted butter (cream [milk]",dairy
potassium metabisulfites (preservative),"sulphur dioxide, sulphites"
"pork flavor (pork broth, rendered bacon fat [{cured with water, salt, sugar, dextrose, sodium erythorbate, sodium nitrite}, tbhq and citric acid], salt, smoked flavor, yeast extract)",none
fructose-glucose syrup mixed with sugar,none
organic alkalized cocoa (for color),none
medium chain triglycerides (from coconut and palm),none
"milk chocolate (sugar, cocoa butter, dry whole milk, chocolate liquor, soy lecithin (added as an emulsifier), salt)","dairy, soybeans"
sweetened with a nutritive sweetener and a non-nutritive sweetener,none
"cultured buttermilk (buttermilk, whey, lactic acid)",dairy
fouc acio,none
"chili bits (glutinous rice, soy sauce [water, soybean, wheat, salt], sugar, starch, chili, artificial color fd&c yellow 5 and yellow 6)","soybeans, wheat"
peanuts,peanuts
contains less than 2 % of the following: white grape juice concentrate,none
"whole milk mozzarella cheese (pasteurized milk, cheese cultures, salt, enzymes)",dairy
clover honey,none
"herbes de provence (thyme, basil, fennel, savory, rosemary, lavender, tarragon)",none
"diced red bell peppers (red bell peppers, vinegar, salt, sodium benzoate, calcium chloride)",none
vegetable fibers,none
less than 2% of caramel color,none
scampi,shellfish
"provolone cheese (pasteurized milk, cultures, salt, enzymes)",dairy
white sesame seeds,sesame
"baking powder (monocalcium phosphate, sodium bicarbonate [baking soda], corn starch)",none
"yeast (yeast, starch, ascorbic acid)",none
comino and corn oil,none
"parmesan and romano made from cow's milk (pasteurized part-skim cow's milk, cheese cultures, salt, enzymes)",dairy
carrageenan and pectin,none
"flour (enriched wheat flour [wheat flour, malted barley flour, niacin, iron, thiamin mononitrate, riboflavin, folic acid], whole wheat flour)","gluten, wheat"
"beef demi-glace (reduced wine, vegetable juice concentrates [tomato, onion, carrot, celery], maltodextrin, sugar, beef stock, natural flavor, salt, butter, yeast extract, and beef fat)",dairy
artificial color (including yellow 6),none
shallot & lime peel,none
less than 2% of: corn syrup,none
sauce and cooked lightly breaded chicken patties: water,none
2% or less of: wheat flour,"wheat, gluten"
"hoisin sauce (sugar, water, salt, sweet potato powder, rice vinegar, less than 2% of corn starch, soybeans, sesame paste, spices, wheat flour, garlic, chili pepper)","soybeans, sesame, wheat"
yuzu extract,none
less than 2% of: green bell peppers,none
"sausage gravy (water, pork sausage [pork, seasoning (salt, spices, monosodium glutamate)] gravy mix [palm oil, modified food starch, enriched bleached flour (wheat flour, niacin, iron, thiamin mononitrate, riboflavin, folic acid), maltodextrin, corn syrup solids, salt, yeast extract, monosodium glutamate, contains less than 2%: sodium caseinate, tomato powder, pepper, color added, monoglycerides, dextrose, turmeric, paprika, natural flavors], cultured dextrose)","wheat, gluten, **dairy"
contains 2% or less of molasses,none
contains 2% or less of each of the following: coconut oil,none
turmeric extract for color,none
"dijon mustard (vinegar, water, mustard seed, salt, white wine, citric acid, tartaric acid, spices)",mustard
eco-farmed whole grain brown rice,none
organic spearmint,none
"glazed turkey tenderloins (cooked turkey tenderloins, water, modified cornstarch, seasoning [autolyzed yeast extract, maltodextrin, salt, turkey flavor, turkey stock, flavor, gum arabic], carrageenan, canola oil, sodium phosphate, natural flavoring, salt, potassium chloride, paprika)","wheat, gluten"
"bleached enriched wheat flour (contains niacin, reduced iron, thiamine mononitrate (vitamin b1), riboflavin (vitamin b2), folic acid)","wheat, gluten"
calcium chloride and potassium sorbate (preservatives),none
and baking soda (sodium bicarbonate),none
"soy sauce (water, wheat, defatted soybeans, salt)","soybeans, wheat, gluten"
flake salt,none
light cream,dairy
valerian root extract,none
palm and coconut oil,none
preserved with sulphur dioxide,"sulphur dioxide, sulphites"
potassium sorbate (preserves freshness),none
and sea salt,none
"pickle relish (cucumbers, water, vinegar, salt, natural flavors, mustard seeds, red peppers, xanthan gum, turmeric)",mustard
color (fd&c blue #1),none
cherry extract,none
sprouted flaxseed,none
"egg shade (salt, fd&c yellow #5 and fd&c yellow #6)",eggs
1% sodium benzoate (preservative),none
"chile lime seasoning (salt, maltodextrin, citric acid, spices, paprika, garlic powder, extractives of paprika, spice extractives, natural flavors (including lime and lemon oil), with calcium stearate and silicon dioxide added to prevent caking)",none
"mozzarella cheese (pasteurized part skim milk, cheese cultures, salt, enzymes, powdered cellulose added to prevent caking, natamycin a natural mold inhibitor)","dairy, wheat, gluten"
corned beef seasoning,none
lemongrass sauce: water,none
citric and malic acid,none
"seasoning blend (sea salt, corn starch, cane sugar, organic whey, maltodextrin, onion, yeast extract, garlic, spices [thyme, celery seed, white pepper], turmeric, parsley)","celery, **dairy"
palm oil and soybean oil,soybeans
contains tartrazine,none
"fructan (nutra flora, prebiotic dietary fiber)",none
"shrimp (raw shrimp, water, salt, sodium tripolyphosphate to retain moisture)",shellfish
"chopped pickles (cucumbers, water, vinegar, salt, calcium chloride, xanthan gum)",none
"salted garlic (garlic, salt)",none
green chilies(contains citric acid),none
beta carotene for color,none
green applesa,none
"apocarotenal [color]), modified food starch (corn), enriched wheat flour (non brominated [wheat flour bleached","wheat, gluten"
soy lecithin and caramel color (class iv),soybeans
fennel powder,none
"milk chocolate (sugar, milk, cocoa butter, chocolate liquor, soy lecithin [an emulsifier], vanillin [an artificial flavor])","dairy, soybeans"
unbleached enriched wheat flour,"wheat, gluten"
corn oil with spice extract,none
sodium bisulfites (as a preservative),"sulphur dioxide, sulphites"
"contains 2% or less of each of: baking powder (monocalcium phosphate, sodium bicarbonate, corn starch)",none
acidity corrector: lactic acid,none
organic orange juice not from concentrate,none
"apple filling (water, glucose-fructose syrup, apples, modified corn starch, sugar, gellan gum, artificial flavor, malic acid, potassium sorbate [preservative], sodium metabisulfite [preservative], cinnamon, nutmeg, fd&c yellow #6, caramel color)",none
sodium benzoate and calcium disodium edta (to protect quality),none
"vegan spicy mayo (canola oil, brown rice syrup, apple cider vinegar, soy protein, sea salt, mustard flour, lemon juice concentrate)","soybeans, mustard"
aromatic bitters [water,none
bacon: pork,none
silicon dioxide (anti-caking),none
organic cultured unpasteurized milk,dairy
potassium sorbate and sodium benzoate (maintains),none
organic cocoa butter,none
vegetable mix: baby green leaf lettuce,none
calcium disodium edta added to protect flavor),none
"colors (blue 1 lake, yellow 5, red 3, red 40, annatto [color], blue 1, blue 2, blue 2 lake, red 40 lake, yellow 5 lake, yellow 6, yellow 6 lake)",none
whole wheat,"wheat, gluten"
strawberry and raspberry juice concentrates,none
partially hydrogenated vegetable shortening (contains one or more of the following: cottonseed and/or soybean oil),soybeans
yellow #5 [color],none
"rice vinegar (water, alcohol, glutinous rice)",none
organic sprouted whole soybeans,soybeans
natural citric acid,none
red 40 color and artificial flavor,none
less than 2% of: carrageenan,none
bha&bht preservatives,none
concentrated organic grape juice,none
"dill relish (cucumbers, salt, water, distilled vinegar, alum, xanthan gum, 0.1% potassium sorbate and sodium benzoate as preservatives, natural spice flavors)",none
yogurt: pasteurized grade a whole milk,dairy
ground corn treated with lime,none
xanthan gum (thikener),none
fruit juice concentrate and titanium dioxide (color),none
contains less than,none
soy sauce powder [soy sauce {fermented soybeans,soybeans
"organic mint tea (water, organic spearmint)",none
apple juice (water and apple juice concentrate),none
(for color),none
"unbleached flour (wheat flour, malted barley flour, niacin, iron, thiamin mononitrate, riboflavin, folic acid)","wheat, gluten"
natural flavors caramel colors,none
"cooked red potatoes (red potatoes, water, salt)",none
organic lime oil and/or organic lime juice,none
cellulose powder for freshness,none
contains 2% or less of: cream,dairy
fd&c #6,none
mushroom powder,none
"american cheese (milk, cheese culture, salt, enzymes, water, cream, whey, sodium citrate, tricalcium phosphate, salt, sorbic acid (preservative), lactic acid, color added (titanium dioxide)",dairy
tocopherols preservative,none
snap peas,none
"pasteurized process cheddar cheese: cheddar cheese (pasteurized milk, cheese culture, salt, enzymes)",dairy
"emulsifier (mono- and diglycerides with preservatives [mixed tocopherols, ascorbic acid and citric acid], polysorbate 60, soy lecithin)",soybeans
contains 2% or less of each of the following: modified corn starch,none
turkey breast,none
blueberry filling: blueberries,none
crunchy cheese curls - corn meal,none
"yeast nutrients (ammonium sulfate, calcium sulfate, monocalcium phosphate)",none
less than 2 percent of titanium dioxide,none
contains 2% or less of salt,none
"leavening (sodium acid pyrophosphate, sodium bicarbonate corn starch, monocalcium phosphate)",none
"organic cold-pressed juices (cucumber, ginger, apple, spinach, romaine lettuce, kale, lime, lemon)",none
soy lecithin [emulsifier],soybeans
high fructose corn syrup and less than 2% of: ginger extract,none
"enriched flour (wheat flour,niacin, reduced iron, thiamine, mononitrate, riboflavin, folic acid)","wheat, gluten"
"yeast nutrients (calcum sulfate, calcium phosphate)",none
"panko japanese style bread crumbs (enriched wheat flour [enriched with niacin, reduced iron, thiamin mononitrate, riboflavin, folic acid], dextrose, sugar, yeast, salt)","wheat, gluten"
"white morsels (sugar, fractionated palm kernel oil, milk, nonfat milk, hydrogenated palm oil, soy lecithin, natural flavor)","dairy, soybeans"
"seasoning (salt, modified food starch, sodium phosphates, chicken broth, natural flavors)",none
organic spices include: sage,none
cocoa powder processed with alakli natural and artificial favors,none
fried rice seasoning [salt,none
"whole grain blend (white whole wheat flour, brown rice flour, whole grain oat flour)","wheat, gluten"
"hydrogenated vegetable oil blend (palm kernel, palm, soybean and cottonseed oils)",soybeans
"organic part skim mozzarella cheese (organic pasteurized milk, cultures, salt, enzymes)",dairy
contains 1% or less of citric acid,none
potassium acetate,none
green split pea,none
onion puree,none
living bacterial culture,none
"coconut blend (water, coconut cream)",none
thiamine mononitrate (b1),none
organic carrots 1,none
ascorbic acid and citric acid added to maintain color,none
caramelized coconut,none
refined soybean oil,soybeans
"coconutmilk (filtered water, coconut cream)",none
ascorbic acid (acidity regulator),none
"beef flavor (water, beef flavor, salt)",dairy
"natural flavor (butter powder, [butter {cream, salt}], nonfat milk solids, salt, natural flavors)",dairy
contains less than 2% of the following ingredients: organic corn starch,none
glyceryl lactoesters of fatty acids,none
high oleic sunflower and/or canola and/or palm oil,none
contains 2% or less water,none
brine,none
and less than 2% of the following: pork broth with natural flavorings,none
may_contain less than 2% sugar,none
artificial flavor (vanilla powder) and soy lecithin (an emulsifier),"soybeans, **dairy"
fd&c yellow no 5,none
leavening [sodium acid pyrophosphate,none
hi-maize resistant starch,none
"cream (cream, milk, cellulose gum, guar gum, carob and locust bean gum, mono - and diglycerides, carrageenan)",dairy
peeled whole tomatoes,none
puree,none
"mayonnaise (soybean oil and/or canola oil, egg yolk, vinegar, cane sugar, water, salt, spice)","eggs, soybeans"
enzyme modified cream,none
sulphur,"sulphur dioxide, sulphites"
mono and diglycerides with ciitric acid (antioxidant),none
"dried cranberries (cranberries, cane sugar, glycerin, citric acid, sunflower seed oil)",none
cultured wheat starch (mold inhibitor),"wheat, gluten"
sauce and vegetables: carrots,none
diced celery,celery
"mashed potatoes (water, mashed potatoes [potatoes, sodium acid pyrophosphate {to retain color}, potassium sorbate {preservative}], potato flakes [potatoes, mono- and diglycerides, sodium acid pyrophosphate {to retain color}, citric acid], milk [with vitamin d3], salted butter [cream, salt], salt, spices)","dairy, wheat, gluten"
natural flavors and artifical flavors,none
"food acids added (citric, phosphoric, malic, tartaric)",none
"vegetable oil (soybean, canola and/or corn oil) onion",soybeans
organic sprouted maize,none
soluble fiber,none
"butter popcorn flavor base (high fructose corn syrup, modified corn starch, natural flavor, xanthan gum)",none
sodium stearoyl-2-lactylate,none
"sauce (water, tomato paste, seasoning [salt, sugar, onion powder, spices, garlic powder, xanthan and guar gum, potassium sorbate, citric acid, tricalcium phosphate, soybean oil], modified food starch)",soybeans
contains 2% or less of each: belgian chocolate liquor,none
"breaded with enriched bleached wheat and enriched durum flours (enriched with niacin, ferrous sulfate, thiamine mononitrate, riboflavin, folic acid)","wheat, gluten"
"dough conditioners (enriched flour [wheat flour, niacin, reduced iron, thiamine mononitrate, riboflavin, folic acid], ascorbic acid, enzymes)","wheat, gluten"
(palm and canola oils),none
contains 2% or less of corn starch - modified,none
"star fruita (with sugar, citric acid, sulfur dioxide)","sulphur dioxide, sulphites"
wine solids (sulfites),"sulphur dioxide, sulphites"
"mandarin oranges (prepared with water, sugar citric acid, modified cornstarch, mandarin juice concentrate, cultured dextrose, salt",none
no more than 2% silicon dioxide added to prevent caking,none
"contains 2% or less of: strawberry flavored topping (sugar, corn cereal, corn syrup, food starch-modified, soybean oil, partially hydrogenated soybean oil, natural flavor, citric acid, red 40 lake, blue 2 lake)",soybeans
muffin: water,none
contains 1% or less of: mustard flour,mustard
"sauce (water, tomato paste, soybean oil, modified food starch, salt, spices, garlic powder, xanthan gum, paprika, onion powder, parmesan cheese [pasteurized cultured part-skim milk, salt, enzymes])","soybeans, dairy"
tomatoes diced,none
"parmesan cheese (parmesan cheese [pasteurized part-skim milk, cheese cultures, salt, enzymes], powdered cellulose to prevent caking, sorbic acid to protect flavor)",dairy
"zaru soba noodles (wheat flour, buckwheat flour, yam flour, salt, water)","wheat, gluten"
sugar or high-fructose corn syrup,none
vitamin k-1,none
"vegetable shortening (partially hydrogenated soybean, or cotton seed)",soybeans
"raising agents (ammonium bicarbonate, sodium bicarbonate)",none
yellow #5 and blue #1,none
"organic vegetable broth (water, organic vegetable concentrate blend [organic tomato, organic celeriac, organic onion, organic carrot], organic celery, organic carrot, organic dextrose, organic molasses, yeast extract, organic pear juice concentrate, organic turmeric, organic flavoring, organic onion powder)",celery
"crisp rice (rice, brown sugar, salt, distilled monoglycerides)",none
"gluten free tamari (water, soybeans, salt, alcohol)",soybeans
"bleu cheese (pasteurized milk, cheese cultures, salt, enzymes, penicillium roqueforti, powdered cellulose [prevent caking])",dairy
and red 40,none
"vegan buttery spread [(oil blend (palm fruit, canola, olive), water, salt, natural flavor, sunflower lecithin, lactic acid, annatto extract], organic brown sugar, vegan chocolate (organic sugar, chocolate, cocoa butter, soy lecithin, vanilla bean), water, tapioca syrup, less than 2% of: palm fruit oil, pure vanilla extract (water, alcohol 40%, vanilla beans), cream of tartar, sunflower lecithin, kosher salt, baking soda, guar gum, konjac, xanthan gum","dairy, soybeans"
medium chain triglycerides from coconut oil,none
organic roasted sunflower seed,none
calcium chloride (to promote firmness),none
methyl cellulose,none
enzyme (added for improved baking),none
"chicken base (cooked chicken, salt, chicken fat, sugar, maltodextrin (from corn), hydrolyzed wheat gluten, natural flavoring, potato starch, yeast extract)","wheat, gluten"
"dijon mustard (distilled vinegar, water, mustard seed, salt, white wine, citric acid, tartaric acid, spices)",mustard
"modified egg yolk (egg yolk, salt, phospholipase)",eggs
"cane sugar (brown, white)",none
organic cumin seeds,none
"red peppers (sweet peppers, water, citric acid)",none
7%,none
"sour cream (cream, nonfat dry milk, cultures)",dairy
"enriched malted wheat flour (wheat flour, malted barley flour, niacin, reduced iron, thiamine mononitrate, riboflavin, folic acid)","wheat, gluten"
"soy sauce (water, soybeans, wheat, salt, caramel color)","soybeans, wheat, gluten"
less than 1%: pectin,none
"lemon powder (corn syrup solids, lemon juice solids, lemon oil)",none
"fd&c colors (yellow 5 & 6, red 40, blue 1)",none
"salted caramel (sugar, sea salt, natural flavor)",none
spices (including black pepper),none
riboflavin(vitamin b2),none
ingredients: sweet potato juice from concentrate,none
"stabilizer (xanthan gum, carob bean gum, guar gum)",none
"leavening blend (sodium acid pyrophosphate, baking soda, monocalcium phosphate)",none
creme fraiche,dairy
dried eggs,eggs
high fructose corn syrup and/or dextrose,none
concentrated lemon juice citric acid,none
"dark chocolate (chocolate, sugar, cocoa butter, soy lecithin, natural vanilla extract)",soybeans
whole grain millet flour,none
natural rosemary flavor,none
"organic half & half (organic milk, organic cream)",dairy
"organic pasta (organic corn flour, organic quinoa flour)",none
contains 2% or less of: modified wheat starch,"wheat, gluten"
sunflower oil],none
organic coconut butter,none
"croutons: enriched wheat flour (enriched with niacin, reduced iron, thiamine mononitrate, riboflavin, folic acid)","wheat, gluten"
contains 2% or less of: canolol,none
"sour cream (cultured cream, nonfat dry milk ,gelatin)","dairy, eggs"
contains 2% or less spices,none
organic rolled wheat,none
"white cooking wine (white wine, salt, sulphites)",sulphites
"anti-oxidant containing raisins (rains, vegetable oil)",none
"organic cultured greek yogurt (pasteurized organic nonfat milk, live and active cultures [l. bulgaricus, s. thermophilus, l. acidophilus, b. bifidus, l. rhamnosus, l. casei])",dairy
triticale flour,none
chile guajillo,none
rice flour and rice bran extract,none
"fresh natural white cheese curds (cultured pasteurized milk, salt and enzymes)",dairy
sunflower oil with tocopherol to protect flavor,none
"dark chocolate flavoured coating (sugar, palm kernel oil [rspo certified], cocoa powder, sunflower lecithin, salt) walnuts",tree nuts
polysorbate 80 (emulsifier),none
"sushi vinegar (sugar, rice vinegar, water, salt, citric acid, kelp extract (kelp extract, sorbitol, maltitol, hydrogenated starch hydrolysates, alcohol, salt, xanthan gum), avocado, pickled ginger (ginger, water, salt, sugar, vinegar), sesame seeds, seaweed, lettuce",sesame
"chipotles (chipotles peppers, water, tomato paste, sugar, onion, and vinegar)",none
"fruit center: fruit puree (white grape, pear and blueberry)",none
corn masa,none
sugar and lime juice],none
"tomato crisp (rice flour, pea and/or potato starch, corn flour, pea and/or potato fiber, dried tomatoes, sugar, salt, dried red beets, dried carrots, paprika, turmeric) sunflower oil",**soybeans
garlic in oil,none
sauce: invert sugar,none
tocopherols (added to preserve freshness),none
contains less than 1% of each of the following: soy flour,soybeans
mung bean sprout,none
"blend of vegetable oil (canola, corn)",**soybeans
"enzymes), white pepper, garlic powder",none
( palm oil),none
"contains 2% or less of: tomato puree (tomato paste, water)",none
"milk (milk, ascorbic acid [vitamin c] and vitamin d2)",dairy
"garlic puree (garlic, distilled vinegar)",none
"vegetable shortening (palm, fractionated palm and canola oils)",none
"romano cheese (pasteurized cow's milk, cheese cultures, salt, enzymes, powdered cellulose)",dairy
ascorbic acid and tocopherols (vitamin c and vitamin e to help maintain freshness),none
"dough conditioners (contains one or more of the following: mono & diglycerides, ethoxylated mono and diglycerides, sodium stearoyl lactylate, calcium peroxide, datem, ascorbic acid, enzymes)",none
"poultry seasoning (sage, thyme, black pepper, red pepper, nutmeg)",none
"pepperoni (pork, beef, salt, spices, dextrose, lactic acid starter culture, paprika oleoresin, natural flavoring, sodium nitrite, bha, bht, citric acid)",none
vegetable oil (cottonseed and/or canola and/or soybean),soybeans
"seasoning [{parmesan cheese (made from pasteurized cow's milk, culture, enzymes, salt)}",dairy
"sauce (water, spice [creamer {sunflower oil, corn syrup solids, sodium casienate, mono- and diglycerides, dipotassium phosphate, 2% or less of tricalcium phosphate, soy lecithin, tocopherols added to protect flavor}, maltodextrin, modified food starch, salt, sugar, cultured buttermilk, onion powder, garlic powder, less than 2% of spices, citric acid, lactic acid, xanthan gum, natural & artificial flavor], tomato paste, hot sauce [aged red cayenne peppers, distilled vinegar, salt, garlic])","dairy, soybeans, **gluten"
"yogurt flavored coating (sugar, modified oils [palm kernel and/or palm], nonfat milk powder, whey powder, yogurt powder [whole milk powder, nonfat milk powder, lactic acid, citric acid, bacterial cultures], titanium dioxide color, soy lecithin [emulsifier], lactic acid, vanilla flavor)","dairy, soybeans"
"cream cheese (pasteurized nonfat milk and milkfat, cheese culture, whey protein concentrate, salt guar gum, carob bean gum)",dairy
"cooked italian style meatballs (beef, pork, water, bread crumbs (wheat flour, water, salt, yeast, soybean and/or cottonseed oil, ammonium chloride, potassium bromate, calcium propionate), romano cheese (may contain pasteurized cow's milk, culture, salt, enzymes, or pasteurized sheep's milk, lactic acid, salt, rennet), textured vegetable protein (soy protein concentrate, caramel color), eggs, ricotta cheese (whey, skimmed milk, cream, vinegar, xanthan gum, locust bean gum and guar gum (stabilizers)), salt, garlic, parsley, spices, caramel color, brown sugar, and flavorings)","dairy, eggs, wheat, soybeans"
"brown sugar1 (sugar, molasses)",none
soy lecithin (an emulsifier) whole milk powder,"dairy, soybeans"
"avocado ranch dressing (soybean oil, non fat sour cream [cultured skim milk, corn starch, tapioca starch, carrageenan, locust bean gum], water, avocado, egg yolk, cilantro, less than 2% of dried garlic, dried bell pepper, sugar, distilled vinegar, salt, modified corn starch, dried onion, gluconic acid, apple cider vinegar, spices, lime juice concentrate, seasoning blend (dextrose, salt, natural flavors, modified corn starch], xanthan gum, guar gum, tocopherols, phosphoric acid, ground mustard, fruit juices and turmeric extract [color], dried lemon peel, citric acid, maltodextrin, cultured dextrose), grape tomatoes, turkey breast (turkey breast, water, contains 2% or less of salt, sugar, vinegar, cultured celery juice, cherry powder), bacon bits (bacon cured with water, salt, sodium phosphates, sodium erythorbate, sodium nitrite. may also contain: sugar, brown sugar, and natural smoke flavor), cheddar cheese (cheddar cheese (pasteurized milk, cheese culture, salt, enzymes annatto {vegetable color)], potato starch and powdered cellulose [to prevent caking], natamycin [a natural mold inhibitor]), green leaf lettuce","dairy, eggs, soybeans"
fill: beef,none
organic portobello mushrooms,none
lemon juice concentrate and other natural flavors,none
contains less than 2% of colors (radish),none
soy mono- & diglycerides,soybeans
"artificial flavors (milk, vanillin)",dairy
"chorizo (pork and beef, paprika, salt, sugar, wine, vinegar, spices, garlic, and sodium nitrite)",none
dark chili powder,none
"crust (enriched flour [wheat flour, niacin, reduced iron, thiamin mononitrate, riboflavin, folic acid], water, soybean oil, sugar, yeast, contains 2% or less of: leavening [sodium bicarbonate, sodium aluminum phosphate], salt, corn meal, soy lecithin [processing aid])","**gluten, soybeans"
fire roasted onion,none
textured wheat gluten,**gluten
"cream cheese (pasteurized cultured milk and cream, salt, stabilizers [xanthan and/or caros bean and/or guar gums])",dairy
"greek style yogurt coating (sugar, palm kernel oil, lactose, nonfat dry milk solids, yogurt powder, lactic acid, soy lecithin - an emulsifier and natural flavor)","dairy, lactose, soybeans"
sliced hearts of palm,none
"sherry cooking wine (sherry wine, salt)",none
"organic dijon mustard (organic apple cider vinegar, water, organic mustard seed, salt, organic spices)",mustard
"cheddar cheese (pasteurized milk, cheese culture, salt, enzymes, anticaking blend [potato starch, powder cellulose])",dairy
"salsa picante dressing (water, cultured lowfat buttermilk, soybean oil, cider vinegar, tomato paste, distilled vinegar, sugar, contains less than 2% of salt, egg yolks, corn starch, dehydrated onion, xanthan gum, dehydrated garlic, spices [includes mustard], dehydrated red bell pepper, dehydrated green jalapeno pepper, gum acacia, dehydrated green onion, oleoresin paprika [color])","dairy, eggs, mustard, soybeans"
goji berry extract,none
"enzyme modified cheddar cheese [cheddar cheese (milk, cheese culture, salt, enzymes) and annatto (color)), oleoresin paprika, spice extract, citric acid, milk solids (milk protein concentrate and lactose), onion powder and beta carotene (color)","dairy, lactose"
stevia rebaudiana leaf extract (sweetener),none
mild hot pepper,none
ferrous gluconate (to stabilize color),none
"sour cream powder(cream, non fat milk, cultures)","dairy, lactose"
contains less than 2% of sodium caseinate (a milk derivative),dairy
organic anaheim chilies,none
"jalapeno puree (red jalapeno peppers, salt, citric acid)",none
"pasteurized process horseradish cheddar cheese (aged cheddar cheese [milk, cultures, salt, enzymes], ground horseradish, horseradish flavor, trisodium citrate)",dairy
roasted sesame,sesame
natural mixed tocopherols,none
"chocolate flavored coating (sugar, modified vegetable fat [palm kernel and/ or palm], cocoa powder, cocoa powder processed with alkali, soy lecithin, natural vanilla extract)",soybeans
certified organic grade a nonfat milk,"dairy, lactose"
raisins with sulfur dioxide added as a preservative,sulphur dioxide
enriched pre-cooked long grain white rice [enriched with niacin,none
organic red leaf lettuce,none
"worcestershire sauce (distilled vinegar, molasses, corn syrup, water, salt, caramel color, garlic powder, sugar, spices, tamarind, natural flavor, ammonium sulfite)",none
"chocolate chips (sugar, chocolate liquor, cocoa butter, soy lecithin)",soybeans
"spice leavening (sodium bicarbonate, sodium aluminum phosphate, monocalcium phosphate)",none
"organic egg noodles (organic semolina wheat flour, organic egg white, organic whole egg)","eggs, gluten, wheat"
acesulfame potassium (non-nutritive sweetener),none
contains two percent or less of: artificial flavor,none
sugar dipotassium phosphate,none
"organic multigrain and seed blend (organic spelt flour, organic cracked barley, organic kamut flour, organic cracked brown rice, organic buckwheat flour, organic sunflower kernels, organic milled carmelized rye, organic millet, organic quinoa, organic amaranth)","gluten, wheat"
contains five live active cultures including: s,none
spice extractive,none
gotu kola,none
cookie dough with chips {cookie dough [wheat flour,"gluten, wheat, eggs"
leuconostoc cremoris,none
"baking powder (sodium acid pyrophosphate, sodium bicarbonate, monocalcium phosphate)",none
"cooked egg whites (egg whites, modified starch, canola oil, xanthan gum)",eggs
"pulled pork (pork, seasoning [brown sugar, spices, sea salt, dehydrated garlic, paprika, lemon oil], cider vinegar)",none
"to maintain freshness (sorbic acid, calcium propionate, potassium sorbate)",none
best ingredients: whole wheat flour,"gluten, wheat"
crushed unpeeled tomatoes,none
"sauce (water, catsup [tomato concentrate {water, tomato paste}, sugar, vinegar, sea salt, spices, dried onion, natural flavors, dried garlic], sugar, onions, tomato paste, worcestershire sauce [vinegar, molasses, water, tamarind, natural flavor, sugar, salt, onion, garlic], chicken fat, apple cider vinegar, modified cornstarch, chili pepper, natural malt flavor [flavor, water, sodium bicarbonate], spices, molasses, garlic powder, salt, smoke flavor, cayenne pepper sauce ([cayenne red peppers, vinegar, water, salt, garlic powder], dried onions, dried garlic), sweet potatoes",none
"organic sugared eggs (egg yolks, sugar)",eggs
fresh gotham greens basil,none
"beef stock (water, beef base [cooked beef, salt, autolyzed yeast extract, sugar, dehydrated beef extract, onion powder, canola oil, lactic acid powder {with modified corn starch}, caramel color, garlic powder, soy lecithin, maltodextrin])",soybeans
"pasteurized process cheese spread (american cheese [pasteurized milk, cheese culture, salt, enzymes], water, whey, sodium phosphate, whey protein concentrate, skim milk, salt, milkfat, artificial color)",dairy
vanilla extract],none
"ingredients: enriched egg noodles (enriched flour [durum wheat flour, wheat flour, niacin, ferrous sulfate (iron), thiamine mononitrate (vitamin b1), riboflavin (vitamin b2), folic acid], water, egg)","gluten, wheat, eggs"
"caramel (cream, non-gmo corn syrup, cane sugar, non-gmo soy lecithin, sodium bicarbonate)","dairy, soybeans"
sucralose vitamin blend: sodium ascorbate (vitamin c),none
whey buttermilk,"dairy, lactose"
xanthan gum stabilizer,none
"raisins (raisins vegetable glycerin, vegetable oil [canola and/or sunflower oil])",none
"sesame semolina bread [enriched wheat flour (wheat flour, malted barley flour, niacin, reduced iron, thiamine mononitrate, riboflavin, folic acid)","gluten, wheat, sesame"
scallops (placopecten magellanicus),"fish, shellfish"
natural chicken flavor,none
potassium sorbate (preservative),none
lactococcus sp,none
"vegetable shortening (interesterified soybean oil, fully hydrogenated soybean oil)",soybeans
food,none
less than 2% of iodized salt (contains potassium iodate),none
non-homogenized cow milk,dairy
"m&m's minis [milk chocolate (sugar, chocolate, skim milk, cocoa butter, lactose, milkfat, soy lecithin, salt, artificial and natural flavors)","dairy, soybeans, gluten"
monobasic potassium phosphate,none
dehydrated garlic and natural flavoring,none
"artificial colors (including red 40, blue 2, blue 1)",none
"enriched wheat flour bleached (flour, niacin, iron, thiamine mononitrate, riboflavin, folic acid)",gluten
natamycin (to protect flavor),none
mozzarella cheese [pasteurized milk,dairy
"organic chocolate chips (organic cane sugar, organic chocolate liquor, organic cocoa butter, organic soy lecithin [emulsifier])",soybeans
"lemon compote (12%) (water, sugar, lemon juice concentrate, rice starch, flavoring)",none
organic expeller-pressed palm oil,none
modified corn starch and salt,none
contains 2% or less of: aspartame,none
modified com starch,none
soy lecithin and pgpr (emulsifiers),soybeans
organic celery juice & organic lemon juice,none
"enriched macaroni product (wheat flour, niacin, ferrous sulfate, thiamin mononitrate, riboflavin, folic acid)",gluten
natural flavors (contains soy and wheat),"soybeans, gluten"
and natural flavor (including smoke),none
"beta carotene), cream of tartar, sea salt, spices, garlic powder, natural butter flavor",dairy
organic cocoa powder (processed with alkali),none
"nut & seed flour blend (almonds, sunflower seeds, flax seeds) tapioca starch cassava flour organic sunflower oil sun-dried tomatoes sea salt organic onion organic basil organic garlic organic oregano organic pepper rosemary extract (for freshness)",tree nuts
"less than 2% of: vegetable gums (carob bean, guar, tara)",none
coffee capsule: roast & ground coffee,none
oil of peppermint,none
szechuan peppercorns,none
"corn sticks (yellow corn masa, soybean oil, cajun seasoning [maltodextrin, salt, spices & herbs, onion powder, tomato powder, garlic powder, natural flavoring, green pepper powder, cornstarch-modified])",soybeans
"onion sauce (onion cubes, white wine. sunflower oil)",none
citric acid ascorbic acid,none
"enzymes), onion powder, dextrose, torula yeast, calcium propionate (preservative), sodium stearoyl lactylate, natural flavors (milk), citric acid, parmesan cheese (pasteurized milk",dairy
milk),dairy
"enriched flour (wheat flour with niacin, reduced iron, thiamin mononitrate, riboflavin, folic acid)",gluten
yellow zucchini squash,none
"candied orange peel (orange peel, cane sugar, safflower oil, ascorbic acid, citric acid)",none
"dijon mustard (mustard seed, vinegar, water, salt, spices)",mustard
natural vanilla flavor (wonf),none
"bacon (cured with water, salt, [sodium phosphates, sodium erythorbate, sodium nitrite as preservatives]. may contain sugar, brown sugar, and/or smoke flavoring)",none
natural flavors (including milk),dairy
autolyzed yeast extract (yeast extract),none
organic amaranth sprout,none
"ripptein pea blend (water, pea protein)",none
peanut and/or canola and/or cotton seed oil,peanuts
"calcium sulfate), fd&c yellow #6, soybean lecithin, fd&c red #40 lake, molasses",soybeans
adzuki beans,none
calcium propionate (to retain freshness) potassium sorbate (to retain freshness),none
"filling (rapini [broccoli], mozzarella [milk, salt, rennet], bread crumbs [wheat flour, salt, natural yeast], extra virgin olive oil, grana padano cheese [milk, salt, rennet, egg lysozyme], chili pepper sauce [red chili peppers, sunflower oil, extra virgin olive oil, sun dried tomatoes, basil, garlic, salt], garlic, pecorino romano cheese [sheep's milk, salt, rennet], salt)","dairy, wheat, eggs"
chicken tenderloins containing: up to 18% of a solution of water,none
"cooked seasoned grilled chicken breast strips (boneless chicken breast with rib meat, mirin [water, mirin {water, rice, alcohol, salt, enzyme, koji}, sugar, lactic acid], water, turbinado sugar, less than 2% soy sauce [water, wheat, soybeans, salt], tapioca starch, sea salt, natural flavors)","soybeans, wheat"
"margarine (soybean oil, modified palm oil, canola oil, water, salt, whey powder, soy lecithin, monoglycerides, natural flavor, annatto color, vitamin a palmitate, citric acid, vitamin d3)","soybeans, dairy"
"chicken meat (cooked white chicken meat, water, modified corn starch, salt, sodium phosphate)",none
"enriched cake flour (wheat flour, niacin, reduced iron, thiamine mononitrate, riboflavin, folic acid)","wheat, gluten"
"cheese sauce mix (cheese blend [whey, cheddar cheese {cultured milk, salt, enzymes}, reduced lactose whey, maltodextrin, canola oil, salt, disodium phosphate, blue cheese {cultured milk, salt, enzymes}, nonfat dry milk, citric acid], modified food starch, whey, corn syrup solids, coconut oil, salt, yeast extract, sodium caseinate, potassium & sodium phosphates, annatto extract [color], sugar, mono & diglycerides, citric acid, xanthan gum, disodium inosinate, soy lecithin)","dairy, soybeans"
contains 2% or less of the following: organic expeller pressed canola oil,none
"chocolate chips (dried cane syrup, unsweetened chocolate, cocoa butter, soy lecithin [emulsifier], vanilla)",soybeans
potstickers: chicken,none
reduced mineral whey powder,dairy
"cheddar and blue cheese (cultured milk, salt, enzymes)",dairy
"vegetable oil (contains one or more of the following: canola, palm, soybean, sunflower)",soybeans
"organic ancho stock base (organic flavor, organic cilantro, organic ancho pepper, sea salt, organic cane sugar, organic onion juice concentrate, organic garlic, organic spices, citric acid, organic lime juice concentrate, organic paprika)",none
whey protein concentrate spice,dairy
organic chicken flavor (made from organic chicken),none
spice yeast extract,none
"emulsifier (mono- and diglycerides, soy lecithin)",soybeans
"preservatives (sodium benzoate, potassium sorbate, sodium propionate)",none
organic black garlic,none
"milk chocolate (organic chocolate liquor++, cocoa butter++, nonfat milk, whole milk powder, cane sugar++, organic blue agave inulin, sunflower lecithin, vanilla)","dairy, soybeans"
thiamin hcl (vitamin b1),none
"organic banana slices (organic bananas, ascorbic acid, citric acid [to promote color retention])",none
wheat flour - sugar - whole eggs - leavening: acid sodium pyrophosphate,"wheat, eggs, gluten"
mini beads ingredients: dextrose,none
"cayenne pepper sauce (aged red peppers, vinegar, salt, garlic)",none
"live active yogurt cultures (l. bulgaricus, s. thermophilus, l. acidophilus, bifidus, l. casei)]",dairy
"enriched flour (wheat flour, niacin, reduced iron, thiamine mononitrate, riboflavin, folic)","wheat, gluten"
"organic pasta (organic durum wheat flour, organic eggs, water)","eggs, wheat"
beef powder,none
"dough (soy flour, wheat flour, rice flour, extra virgin olive oil, salt, mother yeast)","soybeans, wheat"
"jasmine rice (water, whole grain brown rice, whole grain red rice, jasmine rice)",none
ascorbic acid added as dough conditioner,none
organic echinacea purpurea extract,none
hatch peppers,none
"red velvet cake (sugar, enriched bleached wheat flour [wheat flour, niacin, reduced iron, thiamine mononitrate, riboflavin, folic acid], dried whole egg, cocoa processed with alkali, soybean oil, nonfat dry milk, emulsifier blend [propylene glycol mono- and diesters of fatty acids, mono- and diglycerides, lecithin, leavening [sodium bicarbonate, sodium aluminum phosphate, monocalcium phosphate], natural and artificial flavor, vital wheat gluten, palm oil, sodium propionate [preservative], food starch-modified, polysorbate 60, sodium stearoyl lactylate, xanthan gum, guar gum, red 40, sorbic acid)","dairy, eggs, wheat, gluten"
grains: black quinoa,none
fumed silica,none
vegetable oil (contains one or more of the following: canola and/or safflower and/or soybean oil),soybeans
"protein blend (pea protein, brown rice protein)",none
"less than 2% of cheddar club cheese (cheddar cheese [pasteurized milk, cheese culture, salt, enzymes], water, salt, annatto [color])",dairy
flax seed,none
dried onion,none
contains 1% or less of: cocoa processed with alkali,none
crushed corn,none
lactic acis,none
"parmesan cheese (pasteurized milk, salt, bacterial culture, lipase, calcium chloride, microbial enzyme, corn starch and/or cellulose (as an anticaking agent))",dairy
orange juice from concentrate (17%),none
sodium benzoate & potassium sorbate (to preserve freshness),none
organic green bell peppers,none
organic apple juice concentrate,none
organic amaranth,none
"butter (cream, salt, natural flavoring)",dairy
water and acid citric,none
less than 2% of the following: dehydrated onions,none
"peanut butter (roasted peanuts, sugar, contains less than two percent of: fully hydrogenated vegetable oils [rapeseed, cottonseed, soybean], salt, corn syrup)","peanuts, soybeans"
"cheddar cheese blend (cheddar cheese [pasteurized milk, cultures, salt, enzymes], maltodextrin, whey, buttermilk, salt, sodium phosphate, citric acid, yellow 6, lactic acid, extract of turmeric)",dairy
dehydrated green chilies,none
"stabilizer (propylene glycol monoester, mono and diglycerides, guar gum, cellulose gum, carrageenan)",none
vitamine e,none
organic fig paste,none
contains less than 2% of annatto extract (color),none
contains less than 1% of salt,none
"diced sweet pickles (contains cucumbers, sugar, water, salt, vinegar, alum, natural and artificial flavors, turmeric, benzoate of soda added)",none
shortening (palm oil and soybean oil),soybeans
"organic dates (dates, oat flour)",none
"cheese blend [cheddar cheese (milk, salt, cultures, enzymes)",dairy
"basil blend (genovese basil, sunflower oil, salt)",none
"light corn syrup (corn syrup, salt, vanilla extract)",none
bht (added to preserve freshness),none
"brownie (sugar, margarine{liquid soybean oil, partially hydrogenated soybean oil, water, salt, whey, soy lecithin, soy mono and diglycerides, sodium benzoate, artificial butter flavor, beta carotene, vitamin a palmitate}, enriched wheat flour {wheat flour, thiamine mononitrate, niacin, riboflavin, reduced iron, folic acid}, fructose, pasteurized egg, cocoa processed with alkali, water, natural cocoa, brown sugar, unenriched wheat flour, partially hydrogenated soybean oil, baking powder{sodium acid pyrophosphate, sodium bicarbonate, corn starch, mono calcium phosphate}, glycerine, powdered sugar{sugar, corn starch}, natural flavor, potassium sorbate, salt)","dairy, eggs, wheat, soybeans"
"pecans), invert sugar, whole milk, nonfat milk solids, molasses, sorbitol, cherries {cherries, corn syrup, water, sugar, citric acid, sodium benzoate and potassium sorbate (preservatives), sulfur dioxide (to promote color retention), fd & c red #401, salt, cocoa powder, raisins, honey, egg albumen, apricots with sulfur dioxide (to promote color retention), natural and artificial flavors, soy lecithin (an emulsifier), spice, tapioca flour, tocopherols (a natural antioxidant), mono am diglyce_rides with citric acid (to help protect flavor), fd & c colors (yellow #5 & #6","peanuts, dairy, sulphur dioxide, sulphites, eggs, soybeans"
vanilla bean specks,none
caramel coloring and natural flavorings,none
baby green leaf lettuce,none
"enriched and bleached wheat flour (niacin, iron, thiamin mononitrate, riboflavin, folic acid)","wheat, gluten"
sweetened dried cranberries: cranberries,none
dill oil,none
"vegetable oil (hydrogenated and/or partially hydrogenated palm kernel, palm and/or coconut oil, soybean, palm, and palm kernel oil with tbhq for freshness)",soybeans
"mozzarella mild white cheddar cheese (pasteurized milk, cheese cultures, salt, enzymes)",dairy
"sunfish (sunfish, water, salt, sodium tripolyphosphate)",fish
"milk chocolate (sugar, cocoa butter, chocolate liquor, milk, soy lecithin as emulsifier, vanilla)","dairy, soybeans"
natural flavors & oleoresin paprika,none
fd&c yellow #6],none
"sesame sticks (unbleached wheat flour [contains malted barley flour as an enzyme additives], soybean oil, sesame seeds, bulgur wheat, salt, beet power [color], turmeric [color])","wheat, soybeans, sesame"
"salted caramel (corn syrup, sweetened condensed whole milk, sugar, water, butter [cream, salt], sea salt, pectin, natural flavor)",dairy
organic granulated garlic,none
5% or less of natural and artificial flavors,none
pre-gelled small red beans,none
raisins with sulpher dioxide added as a preservative,"sulphur dioxide, sulphites"
"pizza sauce: tomato puree (tomatoes, water)",none
"coating (sugar, palm oil, palm kernel oil, cocoa powder processed with alkali, soy lecithin, vanilla extract)",soybeans
yellow #6],none
contains less than 2% strawberry puree concentrate,none
vitamin d3+,none
"durum wheat flour (enriched with iron (ferrous sulfate) and b vitamins (niacin, thiamin, riboflavin, folic acid))","wheat, gluten"
"potatoes (potato, sodium acid pyrophosphate [color retention])",none
"organic tamari soy sauce (soybeans, maltodextrin, salt)",soybeans
lactic acid parsley,none
contains less than 2% of salt,none
vegetable oil (cottonseed and/or canola),none
"flour (wheat flour, niacin, reduced iron, thiamine, mononitrate, riboflavin, folic acid)","wheat, gluten"
"calcium propionate), eggplant, anchovies, sea salt, canola oil / italian olive oil, spice, vinegar, sodium bisulfite, 1/10 of 1% benzoate of soda (as a preservative)","eggs, fish, **sulphites"
"spices (mustard, chili pepper, cumin, coriander)",mustard
spinach puree,none
garlic powder and flavor,none
"9 whole grain granola: nine whole grains (oats, barley, white wheat, rye, triticale, spelt, brown rice, millet, buckwheat)",gluten
chocolate syrup ingredients: sugar,none
all natural fresh lemon,none
natural flavors (milk),dairy
"artificial colors (fd&c yellow #5, fd&c yellow #6)",none
"peanuts [roasted in vegetable oil (peanut, cottonseed, sunflower seed and/or canola)",peanuts
"pouch: hot sauce (aged cayenne peppers, vinegar, salt)",none
"mayonnaise (soybean oil, egg yolks, water, distilled vinegar, salt, mustard flour)","soybeans, eggs, mustard"
"cooked whole grain fusilli pasta (water, whole grain fusilli pasta [whole grain durum wheat flour, semolina (wheat), durum wheat flour, oat fiber], olive oil, sunflower oil, salt, natural flavor)","wheat, gluten"
black truffle juice [water,none
wine,none
"milk (milk, vitamin d3 added)",dairy
rosemary extract and ascorbic acid added to maintain freshness),none
maltodextrin (from potato),none
"vanilla base (sugar, water, modified corn starch, natural vanilla flavor, citric acid and potassium sorbate [preservatives])",none
"cherry jam (cherries, sugar, pectin)",none
organic lime juice from concentrate,none
"semi-sweet chocolate (sugar, chocolate liquor, cocoa butter, soy lecithin, vanilla)",soybeans
yellow capsicum,none
potassium sorbate & sodium benzoate (to preserve freshness),none
habaneros,none
"cheddar cheese (cultured pasteurized milk, salt, enzymes, annatto color)",dairy
cake: cane sugar,none
"romano cheese (pasteurized milk, cheese cultures, salt, and enzymes)",dairy
"brownie crisps (unbleached wheat flour, sugar, canola oil, cocoa [processed with alkali], baking soda, salt, natural flavors)","wheat, gluten"
"peppers (anaheim, jalapeno, serrano)",none
"vegan butter (vegetable oil blend, water, salt, sunflower lecithin, lactic acid, annatto extract [color])",**dairy
"yogurt flavored coating (sugar, rspo hydrogenated palm kernel oil, nonfat milk powder, whey powder, yogurt powder [cultured whey, nonfat milk], titanium dioxide [color], lactic acid, soy lecithin [an emulsifier], vanillin [an artificial flavor])","dairy, soybeans"
brewed vinegar,none
"decorations (sugar, corn starch, palm oil, artificial colors ([fd&c red no. 40 aluminum lake, fd&c yellow no. 5 aluminium lake, fd&c yellow no. 6 aluminium lake, fd&c red no. 3, titanium dioxide and mica], citric acid and potassium sorbate as preservative), baking powder, nonfat dry milk, wheat gluten, propylene glycol mono- and diesters of fats and fatty acids, mono- and diglycerides, lecithin, with bht and citric acid to help protect flavor, artificial flavors (water, propylene glycol, artificial flavors, citric acid), modified food starch, cellulose gum, cellulose gel, modified gum acacia, methylcellulose, soy lecithin (emulsifier)","dairy, wheat, gluten, mustard, soybeans"
brownie bits contain sugar,none
lard and hydrogenated lard with bht added to protect flavor,none
"greek yogurt (cultured pasteurized grade a cream, non fat milk, whey protein concentrate, pectin & salt) parmesan cheese (cultured milk, enzymes, salt)",dairy
bourbon alcohol,none
white pearled sorghum flour,none
"traditional naan (unbleached enriched wheat flour {wheat flour, malted barley flour, reduced iron, thiamine mononitrate, niacin, riboflavin, folic acid}, filtered water, canola oil, sugar, sea salt, yeast, cultured wheat, baking powder {sodium acid pyrophosphate, potato starch, sodium bicarbonate}, enzymes)","wheat, gluten"
ascorbic acid (vitamin c) added to maintain color,none
"pasteurized process yellow cheese product: american cheese (milk, salt, cheese cultures, enzymes)",dairy
banana split base [pineapple,none
thompson raisins (contains palm and/or sunflower oil),none
"smoked provolone cheese (pasteurized milk, cheese culture, salt, enzymes, natural smoke flavor)",dairy
"spices mustard), natural flavors, yeast extract, citric acid, rice concentrate, buttermilk, onion powder, garlic powder, cheddar cheese (cultured milk","mustard, dairy"
"organic uncured ham- no nitrites or nitrates added except for those naturally occurring in cultured celery powder and sea salt (organic pork, water, sea salt, organic honey, cultured celery powder, organic spices)",none
"dough conditioners (mono and diglycerides, sodium and/or calcium stearoyl lactylate, soy lecithin, calcium carbonate)",soybeans
"organic hot pepper jelly seasoning (organic cane sugar, organic bell pepper powder, organic chile peppers, sea salt, organic maltodextrin, organic jalapeno peppers, organic distilled white vinegar citric acid, organic cayenne pepper, organic capsicum extract)",none
and sodium phosphates],none
non-gmo tofu: water,soybeans
cookie: wheat flour,"wheat, gluten"
vitamin d2 bakers yeast,none
phytonadione [vitamin k],none
"cheddar and asiago cheese (milk, cultures, salt, enzymes)",dairy
"preservative (potassium sorbate, sorbic acid)",none
onion and garlic powder blend,none
"mayonnaise (expeller pressed canola oil, whole eggs, apple cider vinegar, water, egg yolks, salt, white mustard [distilled white vinegar, water, mustard seeds, salt], lemon juice concentrate)","eggs, mustard"
topping if present: sesame seeds,sesame
"natural pink sugar (sugar, fruit and vegetable coloring, carnauba wax)",none
"bbq sauce (water, sugar, tomato paste, distilled vinegar, molasses, corn starch, salt, natural smoke flavor, garlic powder, onion powder, chili powder, spices)",none
"casing (caramel, red 3)",none
organic stevia extract,none
l- cysteine hydrochloride,none
"reduction (tarragon, shallots, water, vinegar)",none
"bacon (cured with water, salt, sodium phosphates, sodium erythorbate, sodium nitrite, may also contain: sugar, brown sugar, and natural smoke flavor)",none
"seasoning (salt, dehydrated bell pepper, dehydrated garlic, spices, dehydrated onion, dehydrated parsley)",none
meringue powder,eggs
red wine,none
contains 2% or less of the following: sucralose,none
organic tomato puree,none
"(sodium aliginate, guar gum, calcium chloride)",none
e,none
ascorbic acid & citric acid as anti-oxidant,none
wax,none
ingredients: oats,none
"milk chocolate (sugar, milk, cocoa butter, chocolate, soy lecithin (emulsifier), barley malt powder, vanillin (artificial flavoring))","dairy, soybeans"
coconut gel,none
soy lecithin and canola oil,soybeans
glaze mix ingredients: sugar,none
alcohol vinegar,none
"wafers (wheat flour, sugar, palm oil, caramel color, dextrose, contains 2% or less of the following: corn flour, high fructose corn syrup, corn syrup, food starch-modified, cocoa processed with alkali, salt, baking soda, mono and diglycerides, soy lecithin)","wheat, gluten, soybeans"
"leavening (baking soda, sodium aluminum sulfate, monocalcium phosphate, ammonium bicarbonate)",none
"minced fish blend (pollock, whiting, cod, sole, tilapia)",fish
"lemon powder (corn syrup, lemon juice concentrate, lemon oil)",none
cocoa+,none
"organic vegetable juice blend (organic tomato paste, organic celeriac juice concentrate, water, organic onion juice concentrate, organic carrot juice concentrate)",none
stabilizers {carob bean gum,none
"worcestershire sauce (water, vinegar, soy sauce [water, soybeans, wheat, salt], sugar, salt, garlic powder, onion powder, natural spices)","soybeans, wheat"
cocoa (11% min. in the cream),dairy
mesquite smoke flavor,none
"cocoa drops (sugar, partially hydrogenated vegetable oil [palm kernel, coconut, palm], cocoa processed with alkali, dextrose, cocoa powder, whey powder, soy lecithin [emulsifier], vanillin [artificial flavor])","dairy, soybeans"
"milk chocolate (sugar, cocoa butter, chocolate, skim milk, lactose, milkfat, soy lecithin, artificial flavor)","dairy, lactose, soybeans"
"pretzels (enriched wheat flour [wheat flour, niacin, reduced iron, thiamine mononitrate, riboflavin, folic acid], salt, corn oil, sodium bicarbonate, malt syrup)","wheat, gluten"
"hand pulled rotisserie chicken breast meat - savory fully cooked (chicken breast meat, water, seasoning [salt, maltodextrin, natural flavors, onion powder, yeast extract, garlic powder, canola oil, carrageenan, less than 2% silicone dioxide as an anti-caking agent], sodium tripolyphosphate, salt)",none
"yogurt flavored confectionery coating (sugar, palm kernel oil, whey powder [milk], nonfat dry milk, dry nonfat yogurt [cultured skim milk], titanium dioxide color, soy lecithin [emulsifier], lactic acid powder, natural vanilla extract)","dairy, soybeans"
beet non hydrogenated canola oil,none
"cooked seasoned pizza topping (sausage [pork, mechanically separated chicken, water, spices, salt, sodium phosphates, paprika, modified food starch, natural flavor, autolyzed yeast extract, bha, bht, citric acid, yeast extract, disodium inosinate, soy lecithin], water, textured soy protein concentrate, soy protein concentrate)",soybeans
canola and/or sunflower oil,none
vitamin e (antioxidant),none
"hydrogenated vegetable oil (rapessed, cottonseed, and soybean)",soybeans
roasted blanched almonds (usa),tree nuts
"chocolatey mint cups (sugar, coconut oil, cocoa processed with alkali, palm oil, nonfat milk, milk, cocoa, soy lecithin, natural flavors, propylene glycol, sunflower lecithin, oil of peppermint, red cabbage for color, salt, curcumin for color)","dairy, soybeans"
seasoning blend [chili pepper,none
white wine (contains sulfiting agents),"sulphur dioxide, sulphites"
"provolone cheese (pasteurized milk, cheese cultures, salt, enzymes, natural smoke flavoring, powdered cellulose added to prevent caking)",dairy
organic lime juilce,none
"sweet pickle relish (pickles, high fructose corn syrup, corn syrup, distilled vinegar, salt, xanthan gum, alum, natural spice flavors, polysorbate 80)",none
"sugar cone {bleached enriched wheat flour (wheat flour, niacin, reduced iron, thiamine mononitrate, riboflavin, folic acid)","wheat, gluten"
"spices (including chili pepper, paprika, black pepper)",none
"mayonnaise (soybean oil, distilled vinegar, water, egg yolk, whole egg, contains less than 2% of salt, sugar, lemon juice concentrate, natural flavor, oleoresin paprika [for color], calcium disodium [edta to protect flavor])","eggs, soybeans"
"whey protein isolate (whey protein isolate, non-gmo soy lecithin)","soybeans, dairy"
"fruit (peaches, pears)",none
fresh pork riblets,none
vegetable oil (non-gmo canola or sunflower),none
"cocoa (processed with alkali, invert sugar, leavening (baking soda and/or calcium phosphate), soy lecithin, salt, chocolate, natural flavor",soybeans
and wheat protein,"wheat, gluten"
"sanding sugar sprinkles (sugar, confectioner's glaze, carnauba wax, red 3)",none
"seasoned cream cheese (cream cheese [pasteurized milk and cream, cheese culture, salt, stabilizers {guar gum, carob bean gum, xanthan gum}], unsalted butter [pasteurized cream, natural flavorings], shaved parmesan cheese [pasteurized part-skimmed cow's milk, cheese cultures, salt, enzymes and cellulose {to prevent caking}], granulated garlic, salt, chives, parsley, black pepper, basil, dill, thyme)","dairy, eggs"
ingredients: cashews,tree nuts
vodka,none
"less than 1% of artificial coloring (includes yellow 5 lake, blue 1 lake)",none
ground caraway seeds,none
"chocolate candy curls (sugar, cocoa butter, whole milk powder, chocolate liquor, whey, lactose, soy lecithin, natural vanilla flavor)","dairy, lactose, soybeans"
fd&c blue #1 and fd&c yellow #5,none
calcium disodium edta and rosemary extract added to preserve freshness,none
red lentils,none
100% whole wheat,"wheat, gluten"
dried pumpkin,none
less than 0,none
including fd & c red no,none
"sausage ingredients: pork (including the ham, loin, and tenderloin)",none
"pure vegetable oil (contains one or more of the following: cottonseed oil, palm olein oil, safflower oil)",none
made from: cherries,none
"vegetable oil blend (soybean oil, palm oil, palm kernel oil)",soybeans
"color (red 40, blue 1) pina colada - sugar",none
"organic vegetable base (organic carrots, organic onions, organic celery, sea salt)",none
"food starch-modified (potato, corn)",none
color (red #40),none
onion oil,none
"seasoning blend (salt, brown sugar, sugar, mustard, monosodium glutamate, dehydrated garlic, red pepper, sodium erythorbate, onion powder, spice extractive)",mustard
"cooked black lentils (water, black lentils)",none
live and active cultures: s,none
"pretzel sticks (enriched flour [wheat flour, niacin, reduced iron, thiamin mononitrate, riboflavin, folic acid], water, malt, salt, canola oil, yeast, soda)","wheat, gluten"
natural caramel coloring,none
orange juicea1,none
artificial flavors and artificial colors,none
"farfalle pasta (durum wheat semolina, niacin, ferrous sulfate, thiamine mononitrate, riboflavin, folic acid)","wheat, gluten"
"organic coconut milk (coconut, guar gum)",none
and less than 0,none
thai jasmine rice,none
"dough mixture: enriched semolina flour (semolina flour [niacin, ferrous sulfate, thiamine mononitrate, riboflavin, folic acid])","wheat, gluten"
"niacin (a ""b"" vitamin)",none
"egg patty (whole eggs, whey, soybean oil, nonfat milk, contains 2% or less of: food starch-modified, salt, xanthan gum, citric acid [preservative], natural butter flavor)","eggs, dairy, soybeans"
"jamaican jerk seasoning (onions, garlic, canola olive oil blend, jalapenos, allspice, lime juice concentrate, cilantro, thyme, brown sugar, ginger, salt, cayenne pepper and black pepper)",none
"organic rice pieces (organic rice flour, salt)",none
organic honey,none
"dough conditioners (contains one or more of the following: sodium stearoyl lactylate, calcium stearoyl lactylate, mono- diglycerides, distilled monoglycerides, calcium peroxide calcium iodate, datem, ethoxylated mono- and diglycerides, enzymes, ascorbic acid)",none
"chocolaty caramel filled turtles (sugar, coconut oil, corn syrup, sweetened condensed milk [milk, sugar], nonfat milk, milk, cocoa processed with alkali, heavy cream, butter [cream, salt], palm kernel oil, soy lecithin, natural and artificial flavor, salt)","dairy, soybeans"
mint extract,none
chile pepper,none
tomato powder (4%),none
"soy crisps (soy protein isolate, tapioca starch)",soybeans
"semi-sweet chocolate chips (sugar, unsweetened chocolate, cocoa butter, butterfat [milk], soy lecithin [an emulsifier], vanilla extract)","dairy, soybeans"
fresh garlic crushed red pepper,none
soybean/canola oil,soybeans
"gf soy sauce (water, soybeans, salt, sugar)","soybeans, wheat"
organic gluten free oatsao,none
"(chilli powder, garlic. natural color, natural color[paprica oleoresin])",none
wholegrain brown rice,none
"soy sauce1 (water, soybeans1, wheat1, salt, alcohol1 [preservative])","soybeans, wheat"
"organic toppings: organic chicken (organic chicken breast with rib meat, water, organic cornstarch, salt)",none
contains 2% or less of hydrolyzed corn protein,none
water (as protective ice glaze),none
"baking powder (sodium acid pyrophosphate, baking soda, monocalcium phosphate)",none
"fruit puree (water, cane sugar, coconut cream, coconut, sweetened condensed milk, natural flavors, pectin, locust bean gum, lactic acid)",dairy
dry egg yolk,eggs
shiitake extract powder,none
"cream cheese powder (cream cheese [cream, milk, skim milk, whey, cultures, salt, enzymes], whey, natural flavor)",dairy
pink salt,none
organic flavor blend: organic cacao,none
beta,none
annatto and turmeric extracts (for color),none
onion vegetable oil (may contain canola or soybean oil),**soybeans
organic ground blue corn,none
natural flavor & extractives of paprika,none
"asiago cheese powder (asiago cheese flavor [milk, cultures, salt, enzymes], whey, maltodextrin)",dairy
organic filling: organic pinto beans,none
fd&c yellow # 6 and fd&c red # 40,none
fair trade certified cane sugar,none
organic gluten-free rolled oats,none
"cheddar cheese ([aged over 120 days], pasteurized milk, cheese culture, salt, enzymes)",dairy
and less than 2% of modified cornstarch,none
whole grain hulled millet,none
"less than 2% of margarine (liquid and hydrogenated soybean oil, water, salt, vegetable mono and diglycerides, soy lecithin, natural and artificial flavor, beta carotene [color], vitamin a palmitate added)",soybeans
"cookies (sugar, wheat flour, soybean and palm oil, cocoa processed with alkali, invert sugar, corn flour, corn starch, chocolate, salt, sodium bicarbonate, monocalcium phosphate, artificial flavor, soy lecithin, whey)","wheat, soybeans, dairy"
lactase enzyme+,none
blueberry pureea1,none
"filling ingredients: chicken breast strips (chicken breast with rib meat, water, isolated soy protein product [isolated soy protein, modified food starch, starch, carrageenan, soy lecithin], salt, sodium phosphate, sugar, dextrose, flavorings); buffalo-style sauce (water, pepper sauce, canola oil, nonfat milk powder, garlic puree [garlic, citric acid], salted egg yolk, contains less than 2% of the following: starch-gum blend [modified corn starch, cellulose gel, cellulose gum, xanthan gum], sugar, natural butter flavor [whey solids, enzyme-modified butter, maltodextrin, salt, dehydrated butter, guar gum, annatto and turmeric] and garlic powder); mozzarella & provolone cheese blend (low moisture part-skim mozzarella cheese [pasteurized part skim milk, cheese cultures, salt, enzymes], provolone cheese [pasteurized milk, cheese cultures, salt, enzymes]); parmesan cheese (pasteurized part-skim cow's milk, cheese cultures, salt, enzymes); celery; carrot","soybeans, dairy, eggs, celery"
contains less than 2% of: cornstarch-modified,none
glucose (com syrup),none
"soy sauce (soybean, salt, water)",soybeans
"ketchup (tomato concentrate, distilled vinegar, high fructose corn syrup, corn syrup, salt, spice, onion powder, natural favoring)",none
"(treated with ascorbic acid, citric acid and calcium chloride to preserve color)",none
"tapioca syrup blend (tapioca syrup, sugar, chicory root fiber, coconut oil, water, natural flavor, pectin, soy lecithin, tapioca starch)",soybeans
"soy sauce (water, soybeans, rice, salt)",soybeans
salt and spice extract],none
"vegetable blend (napa cabbage, romaine lettuce, celery, carrots, red cabbage, ingredients may vary by season)",none
ingredients: bleached wheat flour,"wheat, gluten"
himalayan pink salt magnesium citrate,none
"fruit pieces (sugar, dried cranberries, natural flavor)",none
"dijon mustard (grain vinegar, water, mustard seed, salt spices)",mustard
sardines (fish),fish
raw organic agave and organic lemon oil,none
calcium propionate (a preserative),none
chocolate flavored coating: organic dehydrated cane,none
"romano & parmesan cheeses (grated romano cheese [made from sheep's and cow's milk, salt, enzyme], grated parmesan cheese [milk, salt, enzyme])",dairy
yellow 6 [color]),none
"colors (beta-carotene, carmines)",none
breakfast cocoa processed with alkali,none
"anti-oxidant containing raisins (raisins, vegetable oil)",none
contains 2% or less of the following: rice dextrin,none
organic vanilla beans,none
"seasoning (corn flour, wheat flour, salt, dried garlic, dried onion, paprika, corn starch, spices, paprika extract)","wheat, gluten"
"whole grains (corn, whole wheat flour, oat flour, millet, buckwheat, amaranth, triticale, barley, sorghum, spelt, teff, quinoa)","wheat, gluten"
contains less than 2 % of each of the following: cinnamon,none
cornmeal (degerminated),none
"artificial colors (yellow 6 & 5, blue 1, titanium dioxide, red 40 & 3)",none
"dark chocolate (cocoa mass, raw cane sugar, cocoa butter, sunflower lecithin [emulsifier])","soybeans, dairy"
maltitol and sorbitol syrup,none
sulfur dioxide and artificial flavors,sulphur dioxide
"raspberry flavored gelatin (water, high fructose corn syrup, gelatin base [gelatin, sugar, fumaric acid, sodium citrate, citric acid, salt, potassium sorbate {preservative}], gelatin, raspberry type flavor [water, propylene glycol, natural and artificial flavors, red 40], potassium sorbate [preservative])",none
"reduced fat mozzarella cheese (cultured milk and nonfat milk, modified corn starch, salt, vitamin a palmitate, enzyme, ingredient not in regular mozzarella cheese)",dairy
spice extractives for freshness,none
and 100% pure love,none
"chocolate (cane sugar, unsweetened chocolate, cocoa butter, milkfat, soy lecithin, vanilla extract)","dairy, soybeans"
scallop extract,none
"(soybeans, wheat, salt)","soybeans, wheat, gluten"
titanium agar-agar,none
"cheddar cheese (chultured pasteurized milk, salt, enzymes, calcium chloride)",dairy
"chocolate chips (sugar, chocolate liquor, cocoa butter, dextrose, soy lecithin, vanilla powder [maltodextrin, natural vanilla flavoring])","soybeans, dairy"
yellow 5 (e102),none
organic ginger puree,none
caramelized sugar syrup,none
"pumpkin powder (dried pumpkin, maltodextrin, lecithin)",soybeans
natural and artificial raspberry flavor,none
isolate soy protein,soybeans
"pasteurized process white cheddar cheese (cheddar cheese [milk, bacterial culture, salt, microbial enzymes], water, sodium phosphate, milk fat, salt)",dairy
chicken bone broth,none
"cookie pieces (sugar, wheat flour, palm oil, cocoa processed with alkali, high fructose corn syrup, contains 2% or less of: chocolate liquor, salt, natural flavor, baking soda, soy lecithin)",wheat
"ranch dressing (soybean oil, water, cultured lowfat buttermilk, ranch seasoning & spices (salt, food starch-modified, monosodium glutamate, sugar, dried garlic, dried onion, natural and artificial flavor {includes milk, soybean}, whey protein concentrate, corn syrup, spices, xanthan gum, sorbic acid and calcium disodium edta as preservatives, citric acid, calcium stearate), egg yolks, contains less than 2% of distilled vinegar, salt, xanthan gum, phosphoric acid, natural flavor [includes milk])","dairy, soybeans, eggs"
"fructan (nutraflora, a prebiotic dietary fiber)",none
contains 2% or less of: peach puree,none
cows milk,dairy
"natural beer extract (maltodextrin, beer [malted barley, corn syrup, hops, yeast])",none
organic cream,dairy
amaranth seeds,none
grade aa butter,dairy
"speculoos spread (speculoos [wheat flour, sugar, vegetable oils {palm, rapeseed}, candy syrup, raising agent {sodium bicarbonate}, salt, cinnamon], vegetable oil [rapeseed oil], sugar, fully hydrogenated vegetable oils [palm, rapeseed], sunflower lecithin [emulsifier], citric acid esters of mono and diglycerides of fatty acids, citric acid])",wheat
white quinoa,none
"modified egg yolk (egg yolks, salt, enzyme)",eggs
contains less than 1/2% of the following: propylene glycol monoesters,none
"fat free cream cheese (skim milk, whey protein concentrate, sodium tripolyphosphate, sugar, milk, cream, salt, artificial color, xanthan gum, potassium sorbate, calcium propionate [preservatives], carrageenan, cheese culture, sodium phosphate, artificial flavors, carob bean gum)",dairy
ghost pepper,none
"organic yellow and red miso paste (organic whole soybeans, organic rice, sea salt, koji starter [aspergillus oryzae])",soybeans
and tricalcium phosphate,none
"spices (including paprika, chili pepper)",none
wine solids,none
oreo crunch {unbleached enriched flour [wheat flour,wheat
"organic coconut milk (organic coconut, purified water) organic coconut oil",none
canola or corn oil,none
vegetable oil (palm oil and soybean oils),soybeans
"shrimp (shrimp, salt, sodium tripolyphosphate [to retain moisture])",shellfish
"mustard powder (mustard [distilled vinegar, mustard seed, salt, turmeric, paprika], maltodextrin)",mustard
wheat enzymes,wheat
"pretzels (wheat flour, vital wheat gluten, salt, corn syrup, vegetable oil [may contain one or more of the following: corn, canola, cottonseed, soybean)",wheat
"flavour enhancers (monosodium glutamate, e627, e631)",none
natacmyin (a natural mold inhibitor),none
"vegetable oil (hydrogenated and/or partially hydrogenated palm kernel, canola, palm and/or coconut oil)",none
"white chocolatey coating (sugar, fractionated palm kernel oil, whey [milk], non-fat milk, soy lecithin, natural flavor)","dairy, soybeans"
"seasoning (salt, onion powder, yeast extract, torula yeast, garlic powder, spices, disodium inosinate and disodium guanylate, silicon dioxide, flavor (hydrolyzed soy protein, autolyzed yeast extract, natural flavor, hydrolyzed corn protein, natural chicken flavor, maltodextrin, chicken fat, salt, silicon dioxide, safflower oil, thiamine hydrochloride, corn syrup solids, disodium guanylate, disodium inosinate), paprika, spice extractives)",soybeans
contains less than 2% of the following: salt,none
"caramel swirl (corn syrup, milk sugar, cream butter [cream, salt], alginate gum, salt, natural flavor, xanthan gum)",dairy
contains 2 percent or less of calcium phosphate,none
almond oil (100%),tree nuts
organic pasta ( organic durum semolina),none
citric acid and erythorbic acid (to promote color retention),none
full cream milk powder/skim milk powder,dairy
chestnuts kernel,tree nuts
"cookie mix: unbleached enriched wheat flours (wheat flour, niacin, reduced iron, thiamine mononitrate, riboflavin, folic acid, malted barley flour)",wheat
"yeast nutrients (monocalcium phosphate, ammonium sulfate, calcium sulfate)",none
lowfat cocoa powder,none
"seasoning (salt, spices, garlic, onion, mustard seed)",mustard
grill flavor (from sunflower oil),none
sulfur dioxide (sulfites) added as a preservative,"sulphur dioxide, sulphites"
less than 1% of gum acacia,none
duck breast,none
pecorino cheese,**dairy
vegetable oil (sunflower and/or corn and/or canola and/or cottonseed),none
wild caught mahi mahi,**fish
color (red 40),none
organic fair trade coffee extract,none
"garlic cheese sauce (water, corn oil, cider vinegar, parmesan and romano cheese blend (pasteurized cow's milk, enzyme, salt), dehydrated garlic, modified corn starch, salt, natural parmesan cheese type flavor (salt, autolyzed yeast extract, maltodextrin [potato], natural flavor, silicon dioxide [anticaking agent], coconut oil), parsley, romano type flavor powder (salt, autolyzed yeast extract, natural flavor, maltodextrin [potato], silicon dioxide [as an anticaking agent], coconut oil), xanthan gum, sauce (water, tomato puree [water, tomato paste], seasoning (salt, spices, sugar, dehydrated garlic), flavor blend (maltodextrin, dextrose, natural flavor), salt, modified corn starch, soybean oil, xanthan gum))","dairy, soybeans"
sodium caseinate],dairy
guar gum and/or locust bean gum,none
great northern,none
vegetable fat (palm kernel and/or palm),none
pork raised with no antibiotics,none
"organic powdered sugar (organic sugar, organic corn starch)",none
"chocolate layer (corn syrup, sugar, nonfat milk, high fructose corn syrup, palm kernel oil, cream, milk protein isolate, cocoa powder [processed with alkali], natural flavor, salt, soy lecithin, disodium phosphate)","dairy, soybeans"
"mushrooms (salt, citric acid, ascorbic acid)",none
"cheese mixture: whole milk ricotta cheese (milk, whey, cream, vinegar, salt)",dairy
color (paprika extract),none
chicken: white chicken meat,none
dates+,none
"seasoning (corn maltodextrin, nonfat dry milk, onion powder, whey, sour cream (cream, nonfat milk, cultures), salt, lactose, monosodium glutamate, whey protein concentrate, cultured nonfat milk, dehydrated parsley, yeast extract, citric acid, flavor and artificial flavor, buttermilk solids, torula yeast)","dairy, lactose"
natural flavor (contains maltodextrin),none
kale powder,none
chipotle pepper,none
l-cysteine hydrochloride,none
"soy protein nuggets (soy protein isolate, tapioca starch, salt)",soybeans
sodium bicarbonate (leavening),none
sugar cookies (artificially flavored): ingredients: wheat flour,"wheat, gluten"
"organic ketchup spice (organic spices, salt, organic sugar, organic onion, organic vegetable oil)",none
100% whole wheat flour,"wheat, gluten"
cooked enriched macaroni product water,none
2% or less of ascorbic acid,none
coloring includes red 40 lake),none
"tomini 79% (fresh pasteurized cow's milk, fresh starter culture, rennet, salt) sunflower oil 21%",dairy
soy lecithin (emulsifier) and vanillin (artificial flavor),soybeans
coriander and cardamon,none
chili pepper flakes,none
"caramel pieces (sugar, butter, rice syrup, soy lecithin, salt)","**dairy, soybeans"
"cinnamon seasoning (sugar, brown sugar, natural flavors, fructose, spice, sea salt)",none
"vegetable gums (locust bean, guar)",none
cooked brown lentils,none
"sea salt caramel swirl (corn syrup, sweetened condensed skim milk [sugar, water, nonfat milk solids], butter [cream, salt], water, sea salt, carrageenan, sodium bicarbonate)",dairy
soybean oil and/ or palm oil,soybeans
"breadstick mix wheat flour (bleached wheat flour, malted barley flour, niacin, reduced iron, thiamine mononitrate, riboflavin, folic acid)","wheat, gluten"
"vegetable oil shortening (palm oil, canola oil, tbhq)",none
partially hydrogenated vegetable oil (palm kernel oil),none
fine cane sugar,none
"garlic crushed (garlic, citric acid)",none
"dark chocolate (unsweetened chocolate, erythritol, cocoa butter, stevia, sunflower lecithin)","**dairy, soybeans"
"vegetable shortening (interesterified soybean oil, soybean oil, fully hydrogenated cottonseed oil, mono- and diglycerides, polysorbate 60)",soybeans
"pasteurized process cheddar cheese [cheddar cheese (pasteurized milk, cheese culture, salt, enzymes)",dairy
"natural and artificial butter flavor (soybean oil butter, lipolyzed butter oil and natural and artificial flavors)",soybeans
"organic enriched flour (organic wheat flour, niacin, reduced iron, thiamine mononitrate, riboflavin, folic acid)","wheat, gluten"
"crust (enriched flour [wheat flour, niacin, reduced iron, thiamine mononitrate, riboflavin, folic acid], water, soybean oil, degermed yellow cornmeal, baking powder [sodium acid pyrophosphate, sodium bicarbonate, corn starch, monocalcium phosphate], sugar, calcium dihydrogen diphosphate, salt)","wheat, gluten, soybeans"
low-moisture part-skim mozzarella cheese: pasteurized skim milk,dairy
"ranch sauce (water, creamer [sunflower oil, corn syrup solid, sodium caseinate {milk}, mono- and diglycerides, dipotassium phosphate, contains 2% less of: tricalcium phosphate, soy lecithin, tocopherals {added to protect flavor}], maltodextrin, modified food starch, salt, sugar, cultured buttermilk, onion powder, garlic powder, less than 2% of: spices, citric acid, lactic acid, xanthan gum, natural & artificial flavor)","dairy, soybeans"
dioxide (for color retention),none
"bacon (pork cured with water, salt, sugar, sodium phosphates, sodium erythorbate, sodium nitrite, honey)",none
contains less than 2% of distilled vinegar,none
natural color (annatto extract),none
fully cooked flame broiled chopped beef steak (smoke flavoring added): beef,none
"organic romano cheese (pasteurized organic milk, cheese cultures, sea salt, enzymes, cellulose powder)",dairy
scallion water,none
contains 2% or less of chocolate,none
ingredients:sugar,none
"topping (imitation mozzarella blend (water, palm oil, modified potato starch, rennet casein, modified corn starch, sodium citrate, salt, sodium phosphate, natural flavor, carrageenan, lactic acid, artificial color), mozzarella (pasteurized cultured reduced fat milk, salt, enzymes), provolone cheese (pasteurized milk, cultures, salt, enzymes, smoke flavoring))",dairy
"uncured pepperoni no nitrites or nitrates added except that which naturally occurs in sea salt and celery juice powder (pork, beef, sea salt, natural cane sugar, spices, paprika, natural flavorings, garlic powder, lactic acid starter culture)",none
organic cranberry (seed),none
"cultured buttermilk (cultured milk, skim milk, modified corn starch, sodium citrate, locust bean gum, carrageenan, mono- and diglycerides, salt, vitamin a palmitate, vitamin d3)",dairy
ginger powder wrapper: water,none
"bbq seasoning (tomato powder, maltodextrin, dehydrated garlic, dehydrated onion, spices, sugar, white distilled vinegar, natural smoke flavor, extractive of tomato, natural flavor)",none
soynuts,soybeans
less than 2% citric acid,none
contains 2% or less of strawberry juice concentrate,none
"artificial colors (fd&c red 40, yellow 5, blue 1, red 3)",none
black carrot juice extract (color),none
"organic cheddar cheese (cultured milk, salt, enzymes)",dairy
calcium disodium edta to preserve freshness,none
"soy), maltodextrin, mono and diglycerides, calcium stearoyl lactylate, spice, artificial color (including fd&c yellow #5 and #6), sodium acid pyrophosphate (preserve freshness), sodium bisulfite (preserve freshness), citric acid (preserve freshness), sodium caseinate, dipotassium phosphate, disodium inosinate, disodium guanylate, mixed tocopherols (preserve freshness) and less than 2.0% silicon dioxide added as an anti-caking agent","soybeans, **gluten"
"organic capers (organic capers, water, salt, organic wine vinegar, sulfites)",sulphites
contains 2% or less of the following: water,none
iodized salt and vinegar,none
"vital wheat gluten (polysorbate 60, soy flour, sodium stearoyl lactylate)","wheat, soybeans, **gluten"
"sunflower kernels (sunflower kernels, sunflower oil, salt)",none
"cookie dough pieces (wheat flour, brown sugar, butter, sugar, chocolate chips [sugar, chocolate liquor, cocoa butter, soy lecithin, vanilla extract], palm oil, water, corn starch, soy lecithin, vanilla extract, salt)","wheat, soybeans, dairy"
"olives (green olives, kalamata)",none
"cheese spread (sharp cheddar cheese [cultured milk, salt, enzymes, annatto color, potato starch, powdered cellulose, natamycin {a natural mold inhibitor}], mayonnaise [soybean oil, water, eggs, egg yolks, vinegar, salt, sugar, lemon juice, natural flavors, calcium disodium edta {to protect quality}], cream cheese [cultured milk and cream, salt, stabilizers (xanthan, carob bean and/or guar gums)], pimentos, onion, maltodextrin, cultured dextrose, sodium diacetate, salt, nisin preparation, egg white lysozyme, spices, potassium sorbate [preservative])","dairy, eggs, soybeans"
"xanthan gum), pickled ginger (ginger",none
"toasted bread (wheat flour, soy flour, corn flour, vegetable shortening [soybean, cottonseed and/or safflower oil], sugar cane syrup, salt, leavening agents [sodium bicarbonate, ammonium bicarbonate] and soy lecithin)","wheat, soybeans, **gluten"
precipitated amorphous silicon dioxide,none
contains less than 2% of sugar,none
ingredients: cherries,none
"marshmallow graham ripple (corn syrup, water, sugar, graham crumb [wheat flour, whole wheat graham flour, sugar, palm and palm kernel oil, molasses, honey, salt, baking soda], modified cornstarch, titanium dioxide, natural and artificial flavors, potassium sorbate [preservative], citric acid)","wheat, **gluten"
"chicken base (chicken meat including natural chicken juices, salt, hydrolyzed soy protein, natural flavorings, sugar, potato flour, turmeric [color] and carrot powder)",soybeans
sliced garlic,none
"mushroom medley (oyster, shiitake, maitake, baby portobello, porcini)",none
acetic acid (4% acidity),none
"leavening (sodium aluminum phosphate, baking soda, baking powder, aluminum phosphate, aluminum sulfate)",none
invert cane sugar,none
organic white distilled vinegar,none
"pistachios (pistachios, salt)",tree nuts
"dark chocolate (sugar, chocolate liquor,cocoa butter, chocolate liquor processed with alkali, soy lecithin (emulsifier), salt, vanilla)",soybeans
grated parmesan cheese [part skim milk,dairy
anhydrous sodium aluminum sulfate,none
thiamin mononitrate (b1),none
wheat nuggets,"wheat, gluten"
"enriched wheat flour (flour, malted barley flour, niacin, reduced iron, thiamin mononitrate, riboflavin, folic acid)","wheat, gluten"
red onion,none
"worcestershire sauce (distilled white vinegar, molasses, water, sugar, onions, anchovies, salt, garlic, cloves, tamarind extract, natural flavorings, chili pepper extract)",fish
"(vitamin c, lemon juice added to retain color )",none
"(pasteurized milk and cream, cheese culture, salt, stabilizers [carob bean and/or xanthan and/or guar gums])",dairy
less than 1/10 of 1% potassium sorbate & sodium benzoate to preserve flavor,none
mesquite smoke powder,none
"frosting (sugar, shortening (palm oil, canola oil, mono- and diglycerides, polysorbate 60), water, contains 2% or less of: corn syrup, corn starch, modified food starch, natural flavor, salt, preservative (rosemary extract, potassium sorbate), citric acid)",none
natamycin (preservatives),none
"enriched macaroni product (wheat flour, durum flour, niacin, ferrous sulfate, thiamin mononitrate, riboflavin, folic acid)","wheat, gluten"
"dry malt (malted barley flour, dextrose, wheat flour)","wheat, gluten"
confectioners glaze (with beeswax and carnauba wax),none
"worcestershire sauce (distilled white vinegar, molasses, water, sugar, onions, anchovies, garlic, cloves, tamarind extract extract, chili pepper extract, contains anchovies)",fish
and natural hickory smoke flavor,none
organic red palm oil,none
"garlic essence (soybean oil, ethyl maltol, vanillin, 2-methylpyrazine, 4-hydroxy-2, 5-dimethyl-3 (2h) furanone, 2-ethyl-3-methylpyrazine, 3-(methylthio), propionaldehyde)",soybeans
"""""the original one"""" hoptea (carbonated water, organic black tea, hops)",none
"artificial flavors and coloring (fd&c yellow no. 5 y 6, fd&c red no. 40 y fd&c blue no. 1)",none
organic quinoa,none
vegetable oil shortening (palm and canola oil with tbhq and citric acid to protect flavor),none
natural vanilla flavor with specks,none
cherry ingredients: filtered water,none
battered and breaded with: wheat flour,"wheat, gluten"
"seasoned braised beef (beef, water, brown sugar, sea salt, seasoning [onion, garlic, spices], flavorings, olive oil, sunflower lecithin)",soybeans
"milk chocolate (sugar, chocolate, skim milk, cocoa butter, lactose, milkfat, soy lecithin, salt, artificial and natural flavors)","dairy, soybeans, lactose"
"semisweet chocolate (sugar, chocolate, cocoa butter, soy lecithin, vanilla extract)",soybeans
"organic butter blend [organic butter (organic cream, natural flavor)",dairy
pistachio nuts,tree nuts
"color (fd&c red #40, beet powder, fd&c red#3, fd&c yellow #5)",none
lactic acid,none
"organic tomatoes (organic tomatoes, organic tomato pulp, calcium chloride, citric acid)",none
"red bell peppers (bell peppers, water, citric acid, calcium chloride)",none
panca pepper,none
interesterified shortening,none
thiamin mononitrate (vitamin b1) and riboflavin (vitamin b2),none
"worcestershire sauce (distilled vinegar, molasses, corn syrup, water, salt, caramel color, garlic powder, sugar, spices anchovies, tamarind and natural flavor)",fish
100% organic unrefined coconut oil,none
glycerol ester of rosin,none
calcium propionate (a preservative),none
"seasoning (sea salt, dehydrated vegetables [onion, garlic, tomato, chive], sugar, modified corn starch, glucose, spice)",none
"pumpkin seeds (pumpkin seeds, cottonseed and/or canola oil, salt)",tree nuts
extreme olive oil,none
"organic stabilizers (organic guar gum, organic locust bean gum)",none
pasteurized milk and cream honey,dairy
popcorn granola & coconut oil,none
rice vinegar,none
"starch coriander and garlic), diced green chile (green chiles",none
olive oil (all oils are non-gmo),none
"whole milk ricotta cheese (sweet whey, whole milk, sweet cream, culture, vinegar and salt)",dairy
"gingerbread: enriched wheat flour (wheat flour, niacin, reduced iron, ascorbic acid added as a dough conditioner, thiamine mononitrate, riboflavin, enzyme, folic acid)",wheat
with modified cellulose,none
tricalcium phosphate (anti-caking agent),none
and polyphosphate (to retain moisture),none
organic flavor blend: organic cane sugar,none
"plum juice (sugar, natural flavor, plum, water, citric acid, sodium citrate, xanthan gum, caramel color, salt)",none
contains 2% or less of oregano,none
"coated with: sauce (water, sugar, tomato paste, distilled vinegar, molasses, salt, modified food starch, contains 2% or less: natural hickory smoke flavor, sodium benzoate and potassium sorbate (preservatives), caramel color, ground chili pepper, onion powder, garlic powder, yeast extract, spices) and seasoning rub (spices, salt, garlic powder, paprika [color], sugar, chili pepper, onion powder, brown sugar, mustard)",mustard
"reduced fat mozzarella cheese (cultured part-skim milk, salt, vitamin a palmitate, enzymes, potassium chloride)",dairy
organic baby arugula,none
"romano cheese (milk, culture, salt, enzyme)",dairy
"beef flavor (beef extract, natural flavors)",none
redistilled oil of peppermint,none
curry(150g): water,none
"blue cheese (pasteurized milk, cheese culture, salt, enzymes, penicillium roquefortii)",dairy
"margarine (soybean oil, palm oil, water, salt, contains 2% or less of: mono- and diglycerides, soybean lecithin [soy], natural flavor, annatto [color], vitamin a palmitate added)",soybeans
"steamed white rice (water, white rice)",none
and not more than 2% silicon dioxide (anticaking agent),none
contains less than 2% of bourbon,none
may_contain honey,none
select potatoes,none
"vegetable oil (corn, sunflower, and / or cottonseed oil)",none
decaffeinated green tea,none
malt powder,none
"white chocolate (cane sugar, cocoa butter, milk, soya lecithin, natural vanilla)","dairy, soybeans"
sodium citrates; xanthan gum,none
partially hydrogenated soyabean oil,soybeans
"organic reduced fat ranch dressing (organic cultured buttermilk, organic soybean oil, water, organic egg yolk, organic distilled vinegar, salt, organic maltodextrin, less than 2% of organic cane sugar, organic corn starch, organic dried carrot, organic dried garlic, organic skim milk powder, organic dried onion, organic green onion, organic dried bell pepper, organic cultured dextrose, organic black pepper, xanthan gum, organic guar gum, lactic acid, organic parsley, organic mustard flour, citric acid, organic rosemary extract)","dairy, eggs, soybeans, mustard"
"mozzarella cheese (pasteurized cultured part skim milk, salt, enzymes)",dairy
concentrate of belize,none
dry pork stock,none
contains less than 2% of: cellulose gum,none
"huy fong foods sriracha hot chili sauce (chili, sugar, salt, garlic, distilled vinegar, potassium sorbate, sodium bisulfite as preservatives,and xanthan gum)","sulphur dioxide, sulphites"
"crushed chili (spices, vegetable oil [canola])",none
"creaming agent (corn syrup solids, partially hydrogenated soybean oil, whey, sodium caseinate, titanium dioxide)","dairy, eggs"
spices (including paprika for color),none
freeze-dried ginger juice,none
contains 2% or less: egg,eggs
contains less than 2% of baking soda,none
"vegetable oil (coconut, palm kernel) cocoa butter",none
contains less than 2% of: natural flavors,none
organic fennel,none
"sunflower seeds (hulled sunflower seeds, vegetable oil (may contain one or more of the following: peanut, canola, sunflower, soybean))","peanuts, soybeans"
green pepper powder,none
ascorbic and citric acids to promote color retention,none
whole and ground organic flaxseed,none
nonfat milk,dairy
2% or less of the following: jalapeno flakes,none
textured vegetable protein product,none
less than 1% msg per serving,none
rutabaga,none
"ultimate apple pie cookies: bleached enriched wheat flour (wheat flour, niacin, reduced iron, thiamine mononitrate, riboflavin, folic acid)","wheat, gluten"
organic oregano and organic spices,none
organic sprouted brown rice protein,none
orange oil essence,none
"white chocolate coating (sugar, cocoa butter, whole milk powder, coconut oil, butter oil, soy lecithin, salt, vanilla)","dairy, soybeans"
"chocolate cookie crumb (enriched flour [wheat flour, niacin, reduced iron, thiamine monocitrate, riboflavin, folic acid)","wheat, gluten"
"green chili ranch seasoning (onion, garlic, sea salt, green chilis, spices, sour cream powder (cream solids,cultured nonfat milk, tbhq), yeast extract, lactic acid powder (lactic acid, calcium lactate, silicon dioxide), buttermilk (sweet cream buttermilk powder, natural butter flavor, maltodextrin, whole milk powder, cultured buttermilk, salt), citric acid, and sodium diacetate",dairy
coconut oila,none
"butter with natural flavor (cream, natural flavor)",dairy
"gluten free reduced sodium soy sauce (filtered water, organic soy beans, salt)",soybeans
chipotle puree and sugar,none
"leavening agents (sodium aluminum phosphate, sodium acid pyrophosphate, sodium bicarbonate, monocalcium phosphate)",none
contains 2% or less of: celery,celery
fortifiers,none
red 3],none
caffeine (12mg per serving),none
++ nonfat milk,dairy
"honey flavored powder (sugar, maltodextin, honey)",none
"cooked brown rice (water, rice)",none
roasted edamame,soybeans
"chickpea puffs (chickpea flour, chickpea protein, lentil flour, salt) expeller pressed sunflower oil white cheddar seasoning [cheddar cheese (pasteurized milk, cultures, salt, enzymes)","dairy, gluten, wheat"
"ancient grain flour (khorasan wheat, amaranth, millet, quinoa)","wheat, gluten"
chipotle chile powder,none
mandarin juice concentrate,none
hydrolyzed torula yeast proteins,none
"stabilizer (pasteurized grade a organic nonfat milk, organic locust bean gum, agar)",dairy
"butter (cream, salt, color [ annatto])",dairy
manganese chelate,none
cracked cell chlorella powder,none
mushrooms,none
contains 2% or less artificial flavor,none
less than 2% of: whey,dairy
natural extractives of turmeric and annatto,none
organic farro (wheat),"wheat, gluten"
"hazelnuts (hazelnuts, canola oil and/or peanut oil and/or sunflower oil)","tree nuts, peanuts"
"bitter-sweet chocolate chips (unsweetened chocolate, sugar, cocoa butter, milk fat, soy lecithin [emulsifier], vanilla extract)","dairy, soybeans"
"passion fruit juice from concentrate (water, passion fruit juice concentrate)",none
and ground red pepper,none
"dressing (mayonnaise {soybean oil, egg yolks, filtered water, corn syrup, fructose, vinegar, mustard, salt, spice and calcium disodium edta [added to protect flavor]}, chili sauce {tomato puree [tomato paste, water], distilled white vinegar, high fructose corn syrup, salt, corn syrup, dehydrated onions, spice, garlic powder, natural flavoring}, heavy cream {pasteurized manufacturing cream, carrageenan}, sugar, worcestershire sauce {distilled white vinegar, molasses, water, sugar, onions, anchovies, salt, garlic, cloves, tamarind extract, natural flavorings, chili pepper extract}, salt, cayenne pepper)","dairy, eggs, soybeans, mustard, fish"
cottonseed and peanut oil,peanuts
"cheese flavor (parmesan cheese (pasteurized milk, cultures, salt, enzymes), water, salt, disodium phosphate, sodium citrate)",dairy
contains 2% or less of potassium sorbate (a preservative),none
"cheddar cheese(pasteurized milk, cheese cultures, salt, enzymes)",dairy
"minced pimiento (pimiento, sodium alginate, guar gum, calcium chloride)",none
"chicken breast meat with rib meat (chicken breast with rib meat, water, sea salt, vinegar)",none
contains active yogurt cultures l,dairy
"crunchy brownie pieces (sugar, wheat flour, palm oil, cocoa [processed with alkali], cocoa, water, salt, baking powder [sodium acid pyrophosphate, baking soda, corn starch, monocalcium phosphate], natural flavor, mixed tocopherols, soybean oil)","wheat, soybeans"
"dehydrated blend of cheese (granular and blue [milk, cheese culture, salt, enzymes], whey)",dairy
golden flaxseeds,none
simmed milk power,dairy
"pasta (wheat flour, pasteurized eggs, durum wheat semolina, water, spinach paste [spinach, salt], tomato powder)","wheat, eggs"
"ricotta cheese (whey, milk, cream, vinegar, salt, xanthan gum, locust bean gum, guar gum)",dairy
crab extract,fish
"whole milk ricotta cheese (sweet whey, whole milk, sweet cream, cultures, vinegar and salt)",dairy
"spices (paprika, turmeric)",none
fuji apples with peel,none
thiamin mononitrate++,none
pregelatinized corn flour,none
bread mix: whole grain sorghum flour,none
"m&m's milk chocolate candies (milk chocolate [sugar, chocolate, skim milk, cocoa butter, lactose, milkfat, soy lecithin, salt, artificial and natural flavors], sugar, corn starch, less than 1% of corn syrup, dextrin, coloring [includes blue 1 lake, yellow 6, red 40, yellow 5, blue 1, yellow 6 lake, red 40 lake, yellow 5 lake, blue 2 lake, blue 2], carnauba wax, gum acacia)","dairy, soybeans, lactose"
"key west lime juice (water, lime juice concentrates, lime oil)",none
colored with extractives of turmeric,none
v,none
organic raw extra virgin coconut oil,none
"contains less than 2% of: flavoring (yeast extract, salt)",none
"semisweet chips (sugar, chocolate liquor, cocoa butter, soya lecithin)",soybeans
"pickled ginger (ginegar, water, salt, sugar, vinegar)",none
calcium disodium edta (to protect quality),none
mango chunks,none
(glucose),none
st,none
"cranberry sauce (cranberries, high fructose corn syrup, corn syrup, water)",none
"whey)], sweetcream buttermilk, whey, contains less than 2% of: guar gum, mono & diglycerides, xanthan gum, polysorbate 80, cellulose gum, carrageenan, natural flavor, annatto (color)","dairy, lactose"
hydrolyzed beef stock,none
"fish sauce (anchovy extract, water, salt, sugar)",fish
"seasoning (sugar, tomato powder, salt, maltodextrin, dextrose, spices (basil, oregano, thyme), yeast extract, extractives of paprika, citric acid)",none
"sprinkles (icing sugar [sugar, corn starch], palm kernel oil, modified corn starch, corn starch, sunflower lecithin, shellac, fd&c red #40, fd&c yellow #5, fd&c blue #1, mica-based pearlescent pigment [color], fd&c yellow #6, titanium dioxide [color], polysorbate 60)",soybeans
grass-fed and grass-finished beef,none
contains less than 2% of: organic natural flavor,none
contains 2% or less of each of the following: dehydrated tomato,none
gluten-free oat flour,none
"icing: icing sugar (sugar, cornstarch)",none
"tamari soy sauce (water, organic soybeans, salt)",soybeans
bay leaf (3.5%),none
"(soy protein concentrate, caramel color)",soybeans
"toasted sweetened coconut (coconut, sugar, dextrose, salt)",none
pea protien,none
fire roasted corn (supersweet corn),none
"parmesan cheese (pasteurized milk, cheese culture, enzymes, salt)",dairy
non-gmo soy lecithin (emulsifier),soybeans
vegetable oil (palm oil (rspo certified) and/or olive oil),none
"enriched flour (wheal flour, malted barley flour, niacin, reduced iron, thiamine mononitrate, riboflavin, folic acid) water","wheat, gluten"
rendered bacon fat,none
"seasoning blend (dairy product solids, salt, palm oil and/or soybean oil, sugar, food starch-modified, maltodextrin, lactose, potassium chloride, yeast extract, natural flavor, sodium caseinate, citric acid, potassium phosphate, sodium silicoaluminate, color added [annatto extract])","dairy, lactose"
"coloring (red 40 lake, blue 2 lake)",none
"enriched wheat flour (flour, niacin, reduced iron, thiamine mononitrate, riboflavin, and folic acid)","wheat, gluten"
"peanuts (peanuts, peanut oil, salt)",peanuts
green bean,none
chopped pickles,none
"steak sauce (tomato puree (water, tomato paste), vinegar, corn syrup, salt, raisin paste, crushed orange puree, spice, dried garlic, caramel color, dried onions, potassium sorbate (to preserve freshness), xanthan gum, celery seed)",celery
chopped toasted onion,none
"organic chocolate coating (organic cocoa nibs, organic erythritol, organic tapioca fiber, organic cocoa butter, natural licorice flavor, organic stevia extract (leaf), organic sunflower lecithin, organic vanilla bean extract)",none
pepper,none
"grade aa butter (sweet cream, natural flavor)",dairy
and green apple powder,none
naturalflavor,none
"fully cooked grilled natural skinless boneless chicken breast meat strips (skinless boneless chicken breast meat with rib meat, water, rice starch, sea salt, garlic, onion, pepper and celery)",none
"milk chocolate (sugar, cocoa butter, whole milk powder, chocolate liquor, soy lecithin, vanilla extract)","dairy, soybeans"
"vegetable oils (canola, sunflower and/or soybean)",soybeans
"enriched bleached flour (bleached wheat flour, malted barley flour, niacin, iron, thiamin mononitrate, riboflavin, folic acid)","wheat, gluten"
greek yogurt style coated granola [whole grain rolled oats,none
pineapple juice1,none
"white chocolate (+sugar, +cocoa butter, milk powder, soybean lecithin (non-gmo), and +vanilla extract)","dairy, soybeans"
sugar figurines ingredients: sugar,none
polydimethylsiloxane,none
copper amino acid chelate,none
sodium carbonate (acidity regulator),none
contains active yogurt cultures with l,none
"provolone cheese (cultured milk, enzymes, salt)",dairy
"crushed mint topping (sugar, corn syrup, red #40, red #3, blue #1, natural peppermint oil)",none
organic guarana extract,none
natural flavor (contains barley),**gluten
contains 2% or less of: raspberry puree,none
and paprika (for color); calcium lactate,none
contains less than 1% of inulin,none
citric and absorbic acid [to preserve color],none
salt thyme,none
organic topping: organic spinach,none
"enriched flour (wheat flour, niacin. reduced iron, thiamine mononitrate, riboflavin, folic acid)","wheat, gluten"
"sharp cheddar cheese (pasteurized milk, cheese cultures, salt, vegetable enzymes)",dairy
"shrimp powder (dried shrimp, salt)",shellfish
"vegetable oil (may contain one or more of the following: canola, corn, soybean)",soybeans
"rye sourdough (water, fermented rye flour)",none
and onion flavoring,none
"low-moisture part-skim mozzarella and provolone cheese(pasteurized reduced-fat milk, pasteurized milk cheese culture, salt, enzymes, powdered cellulose added to prevent caking, natural smoke flavor, natamycin added as a mold inhibitor)",dairy
annato extract (color),none
water beans,none
chia seed,none
contains 2% or less of food starch,none
"graham cracker crumbs (unbleached enriched flour [wheat flour, niacin, reduced iron, thiamine mononitrate, riboflavin, folic acid], graham flour [whole grain wheat flour], sugar, molasses, canola oil, high fructose corn syrup, palm oil, leavening [baking soda and/or calcium phosphate], salt)","wheat, gluten"
natural & artificial flavor,none
beans,none
vegetable shortening [contains one or more of the following: palm oil and/or corn oil],none
"(radish, carrot, sweet potato, blackcurrant) for color",none
"enriched wheat flour (bleached wheat flour, malted barley flour, niacin, ferrous sulfate, thiamin mononitrate, riboflavin, folic acid)","wheat, gluten"
"cereal (whole grain corn, sugar, corn meal, corn syrup, cocoa processed with alkali, fructose, canola oil, salt, caramel color, refiner's syrup, baking soda, natural flavor. vitamins and minerals: calcium carbonate, tricalcium phosphate, zinc and iron (mineral nutrients), vitamin c (sodium ascorbate), a b vitamin (niacinamide), vitamin b6 (pyridoxine hydrochloride), vitamin b2 (riboflavin), vitamin b1 (thiamin mononitrate), vitamin a (palmitate), a b vitamin (folic acid), vitamin b12, vitamin d3)",none
organic green & red bell pepper,none
"caesar dressing (refined soybean oil, water, parmesan cheese [pasteurized part-skim milk, cheese culture, enzymes], distilled vinegar, salted egg yolk, modified corn starch, salt, red wine vinegar, sugar, spices, yeast extract, soy flour, dehydrated onion, lactic acid powder, lemon juice concentrate, whey powder, dehydrated garlic, xanthan gum, sodium benzoate, potassium sorbate, caramel color, ascorbic acid, worcestershire sauce concentrate [malic acid, molasses, citric acid, food gums {arabic, guar, cellulose}, dextrose, chili pepper, spice extractives and smoke flavor], edta calcium disodium)","soybeans, dairy, eggs"
organic dried kiwi,none
fresh cabbage,none
citric acid to regulate acidity,none
"topping (sugar, palm oil, water, maltodextrin, glucose syrup, dextrose, fructose, cocoa butter, soy lecithin, sucrose fatty acid esters. salt, gluconolactone, whole milk powder, whey powder, lactose, potassium sorbate [preservative], natural flavor, colors [beta carotene, paprika extract],corn starch, rice flour, glycerin, potato starch, disodium diphosphates, sodium carbonates, cinnamon, iodized salt (salt, potassium iodate), nutmeg, caramelized sugar, xanthan gum, potassium sorbate (preservative)","dairy, lactose, soybeans"
natural strawberry extract,none
"white beans (great northern white beans, water, salt, calcium chloride); dark red kidney beans (dark red kidney beans, water, salt, calcium chloride); chick peas (cooked dried chick peas, water, salt); black beans (black beans, water, salt, calcium chloride, ferrous gluconate); champagne vinegar; organic cane sugar; red onions; carrots; celery; red peppers; contains 2% or less of parsley; expeller pressed canola oil; sea salt; cultured dextrose",celery
enzyme modified butter oil,dairy
"bacon (cured with water, salt, sodium phosphate, sodium erythorbate, sodium nitrite, sugar, brown sugar, smoke flavoring)",none
"cheddar cheese sauce (water, cheese whey, palm oil, modified tapioca starch, modified corn starch, maltodextrin, sodium phosphate, cheddar cheese (milk, cultures, salt, and enzymes), salt, natural & artificial flavor, vinegar, sodium stearoyl lactylate, citric acid, mono & diglycerides, phosphoric acid, yeast extract annatto color, carotene color, paprika color)",dairy
spices (contains mustard and celery seed),"mustard, celery"
organic hemp protein powder,none
"margarine (partially hydrogenated soybean oil, liquid soybean oil, water, salt, soy lecithin, mono and diglycerides, sodium benzoate and citric acid as preservatives, artificial flavor, colored with beta-carotene, vitamin a palmitate)",soybeans
partially hydrogenated cottonseed and soy oil,soybeans
contains 2% or less of cocoa processed with alkali,none
organic rosemary extract (to maintain freshness),none
raw cacao,none
"peanut butter cup pieces (sugar, coconut oil, peanut butter [peanuts, salt], partially defatted peanut flour, skim milk, milk, cocoa processed with alkali, salt, soy lecithin, natural flavor)","peanuts, dairy"
enzymes (microbial),none
"meat sauce (water, tomatoes in juice [tomatoes, tomato juice, citric acid, calcium chloride], cooked seasoned beef [beef, salt, natural flavoring], tomato paste, onion, sugar, yeast extract [salt], extra virgin olive oil, garlic powder, salt, onion powder, pecorino romano cheese [pasteurized sheep's milk, cheese culture, salt, rennet], dehydrated garlic, modified corn starch, spices, potassium chloride [rice flour], datem, mono- and diglycerides)",dairy
"milk chocolate (sugar, cocoa butter, unsweetened chocolate, nonfat dry milk, milk fat, soy lecithin [an emulsifier], natural vanilla extract)","dairy, soybeans"
dried cherry juice concentrate,none
"vegan dough: durum organic wheat flour (wheat flour, niacin, ferrous sulfate, thiamin mononitrate, riboflavin, folic acid)","wheat, gluten"
cocoa (processes with alkali),none
"chocolate candy coated popcorn (corn syrup, sugar, popcorn, brown sugar, canola oil, semisweet chocolate [unsweetened chocolate, sugar, cocoa butter, soy lecithin, natural vanilla extract], salt, baking soda, soy lecithin, natural flavor, citric acid and tbhq [for freshness])",soybeans
milk chocolate contains cocoa solids 35 % minimum and milk solids 22 % minimum,"dairy, gluten"
cultured dextrose with maltodextrin,none
honey and egg whites,eggs
"cheddar cheese seasoning (dextrose [from corn], salt, sugar, cheddar cheese [milk, sodium citrate], potato starch, paprika, yeast extract, onion powder, garlic powder, silicon dioxide, sunflower oil)",dairy
"biscuit mix: blended of enriched wheat flour (calcium carbonate, niacin, iron, thiamin mononitrate, riboflavin, folic acid)","wheat, gluten"
"natural wine red color (carmine [e120], and annatto [e160b])",none
propylene glycol alginate,none
"diced potatoes (potatoes, dextrose, disodium pyrophosphate to maintain color, potassium sorbate to protect flavor)",none
less than 2% of: maltitol,none
pyridoxie hydrochloride,none
"semi-sweet chocolate (unsweetened chocolate, sugar, cocoa butter, soy lecithin [an emulsifier], natural vanilla extract)",soybeans
organic chickpeas,none
"natural smoke flavor (water, natural smoke flavor)",none
"potato starch and powdered cellulose added to prevent caking), black olives (olives",none
"crisp rice (rice flour, sugar, malt extract, salt, mixed tocopherols for freshness)",none
"seasoning blend (corn syrup solids, salt, imitation bacon bits [ vegetable protein (soy flour, caramel color, yellow #6, red #3), soybean oil, salt, natural flavors, autolyzed yeast], food starch-modified (corn), garlic powder, natural flavors, onion powder, sugar, soybean oil, potassium chloride, disodium inosinate, disodium guanylate, dehydrated parsley, silicon dioxide)",soybeans
cream yeast,none
"sprinkles (icing sugar [sugar, cornstarch], palm kernel oil, modified cornstarch, cornstarch, shellac, sunflower lecithin, color [fd&c yellow #5, fd&c yellow #6, fd&c blue#1, fd&c red #40], polysorbate 60)",shellfish
"artificial colors (blue 1, blue 2, red 3, red 40, yellow 5 lake, yellow 6 lake)",none
"contains 2% or less of each of the following: cherry-flavored gumbits (sugar, corn syrup, corn cereal, modified food starch, partially hydrogenated soybean and/or cottonseed oil, artificial flavors, red 40)",none
"leavening (yeast, baking soda)",none
"fruit blend (water, black cherries, tart cherries, sugar, fructose, modified corn starch, pectin, guar gum, potassium sorbate added to maintain freshness, citric acid, malic acid, vitamin a acetate, sodium citrate, vitamin d3)",none
"organic cherries (organic cherries, organic cane sugar, organic sunflower oil)",none
artificial color2,none
lactic acid monoesters,none
"korean inspired seasoned beef crumble (beef, water, onion, potato starch, sea salt, sesame oil, garlic, spice)",sesame
"prepared mustard (distilled vinegar, mustard seed, salt, turmeric)",mustard
"white coating (inulin, palm kernel oil, milk protein isolate, sunflower lecithin, vanilla powder, stevia extract)",dairy
"sauce and cooked chicken: (white meat chicken, water, skim milk, green ground tomatoes, monterey jack and cheddar cheese blend (monterey jack cheese [cultured milk, salt, enzymes], cheddar cheese [cultured milk, salt, enzymes, annatto {color}]), onions, buttermilk powder, salt, dried sour cream (sour cream [cultured cream, skim milk]), cornstarch, spices, garlic, sugar, oat fiber, rice starch, tapioca starch, lime juice concentrate, jalapeno peppers, chicken stock, natural flavor, potassium chloride, chicken fat, vinegar)","dairy, gluten, wheat"
chocolate {sugar,none
powdered cellulose (to prevent caking) cranberries: cranberries,none
spice (contains peppercorn),none
yeast food (ammonium sulfate),none
"low-moisture part-skim mozzarella cheese (pasteurized milk, salt, rennet, cultures)",dairy
"leavening (sodium bicarbonate, sodium aluminum phosphate, sodium aluminum sulfate)",none
"light soy sauce (water, soya beans, wheat, salt)","soybeans, gluten, wheat"
"sesame sticks (enriched wheat flour [unbleached wheat flour, malted barley flour, niacin, iron (reduced iron), thiamine mononitrate, riboflavin, folic acid], soybean oil, sesame seeds, bulgur wheat, salt, beet powder [color], turmeric [color])","gluten, wheat, sesame, soybeans"
"desert salt ([contains: sodium and potassium chloride], yeast extract)",none
spice,none
"honey rose proprietary herb blend (honey bush, goji, cardamom, orange peel, cinnamon, ginger, rose petals, tulsi, vanilla bean)",none
"almond base (cascade mountain filtered water, crushed organic almonds)",tree nuts
"sweet tamari sauce (tamari (water, soybeans, salt, alcohol (to preserve freshness), sugar), broccoli, carrot, egg, peanuts (peanuts, sunflower oil, salt), tamarind concentrate (tamarind, water, sodium benzoate (as preservative), cilantro","soybeans, eggs, peanuts"
"confectionery coating (sugar, hydrogenated palm kernel oil, cocoa processed with alkali, cocoa powder, whey [milk] powder, soy lecithin, salt, artificial flavor)","dairy, soybeans"
water and sugar,none
non-genetically engineered expeller pressed canola oil,none
eggs (20%),eggs
"caesar dressing (soybean oil, water, parmesan cheese [milk, culture, salt, enzymes], red wine vinegar, distilled vinegar, dijon mustard [apple cider vinegar, water, mustard seed, salt, spices], salt, cane sugar, lemon juice concentrate, anchovy flavor, mustard flour, xanthan gum, dried garlic, black pepper, acacia gum, lactic acid, citric acid)","soybeans, dairy, mustard, fish"
butternut squash puree,none
glucono-delta-lactone,none
girl scout cookies thin mints pieces {enriched flour [wheat flour,"gluten, wheat"
"chocolate chips (sugar, chocolate liquor, dextrose, soy lecithin)","soybeans, dairy"
shiitake extract (with maltodextrin and salt),none
sodium tripolyphosphate],none
"sodium bicarbonate), peaches, fructose, coconut oil, sugar, less than 2% of: whey, cream, vegetable gums (guar",none
"cooked pasta (water, enriched wheat flour [durum wheat semolina, niacin, ferrous sulfate {iron}, thiamine mononitrate, riboflavin, folic acid])","gluten, wheat"
"stabilizer (calcium carbonate, sugar, calcium, sulfate, dextrose, agar, guar gum, sodium hexametaphosphate, monoglycerides)",none
certified organic hard amber durum wheat,"gluten, wheat"
soybean and canola oils,soybeans
"organic apple juice from concentrate (filtered water, organic apple juice concentrate)",none
"color (fruit juice concentrate, annatto and turmeric, titanium dioxide)",none
roasted sunflower kernels - sunflower seed kernels,none
"nine grain mix (wheat, barley, rye, triticale, corn, millet, brown rice, steel cut oats, soybean, flax seed)","gluten, wheat, soybeans"
contains 2% or less of the following: fruit and vegetable extract,none
"cream cheese (milk, cream, contains less than 2% of salt, carob bean gum, cheese culture)",dairy
"chocolate coating (unsweetened chocolate, cocoa butter, inulin, erythritol, calcium carbonate, milkfat, stevia leaf extract, natural flavor, vanilla extract)",dairy
"organic almonds (organic almonds, organic high oleic sunflower oil, sea salt)",tree nuts
"seasoned salt (salt, sugar, spices [including paprika and turmeric], onion, cornstarch, garlic, tricalcium phosphate [prevents caking], natural flavor, paprika oleoresin [for color])",none
fairtrade coffee,none
sodium bisulfite and sodium benzoate (to preserve freshness),none
red cabbage (color),none
contains less than 2% of rice starch,none
organic portabello mushrooms,none
natural artificial flavors,none
palm and canola oils,none
"vegetable oil (corn oil, sunflower oil, or canola oil)",none
"pretzels (wheat flour, salt, vegetable oil [sunflower, canola and/or rice oil], corn syrup, malt syrup, yeast)","wheat, gluten"
"cooked pasta shells (enriched wheat flour [durum flour, niacin, reduced iron, thiamine mononitrate, riboflavin, folic acid], water)","wheat, gluten"
autolyzed yeast,none
"leavening (contains sodium bicarbonate, and sodium aluminium phosphate, monocalcium phosphate)",none
"breaded with enriched wheat flour (enriched with niacin, ferrous sulfate, thiamine mononitrate, riboflaven, folic acid)","wheat, gluten"
"hickory smoke (water, hickory smoke concentrate)",none
artificial french vanilla flavor,none
prebiotic fiber (from tapioca),none
"parmesan hard grating cheese (parmesan hard grating cheese [pasteurized milk, cheese culture, salt, enzymes], powdered cellulose [to prevent caking])",dairy
"swerve (erythritol, prebiotic oligosaccharides, natural flavors)",none
sliced ripe olives,none
"contains 2% or less: blueberry fruit powder (maltodextrins, blueberry puree)",none
"chili powder (spices, salt, garlic powder)",none
"enriched noodles (durum wheat flour, egg whites, eggs, niacin, ferrous sulfate, thiamin mononitrate, riboflavin, folic acid)","eggs, wheat, gluten"
"tomato concentrate (water, tomato paste, peas, green beans, high fructose corn syrup, contains less than 2% of: potato starch, salt, enriched pasta (wheat flour, water, egg white, niacin, iron [ferrous sulfate], thiamin mononitrate, riboflavin, folic acid), corn, water, monosodium glutamate, soybean oil, celery, dehydrated onions, natural flavor, hydrolyzed soy and wheat gluten proteins, yeast extract, caramel color, garlic powder, oleoresin paprika, citric acid","soybeans, wheat, gluten, celery"
ascorbic acid (vitamin c) to retain color,none
gluten,gluten
natural vegan flavors,none
"natural flavor), raisins coated with less than 1% sunflower oil, gum acacia, sugar, confectioner's glaze), white chocolate marshmallow bits (white chocolate (sugar",none
"butter (pasteurized cream [derived from milk], salt)",dairy
bulgur wheat1,"wheat, gluten"
and less than 2% of whey,dairy
red leaf,none
uncured toscano salami: pork,none
jalapeno peppers spices,none
"roasted salted almonds (almonds, peanut and/or cottonseed oil, sea salt)","tree nuts, peanuts"
"natural flavors (wheat, milk)","wheat, dairy"
and extractives of carrot,none
propylene glycol (preserves freshness) and salt,none
"chocolate flavored coating (sugar, fractionated palm kernel oil, cocoa, whey, nonfat milk, soy lecithin, natural flavor)","dairy, soybeans"
organic sweet basil,none
"chicken salad (white chicken meat, mayonnaise [soybean oil, water, whole eggs and egg yolks, vinegar, salt, sugar, lemon juice {from concentrate}, oleoresin paprika, natural flavors, calcium disodium edta {used to protect quality}], celery, bread crumbs [bleached wheat flour, yeast, sugar, and salt], onions, seasoning [maltodextrin, cultured dextrose, sodium diacetate, salt, egg white lysozyme, nisin preparation], sugar, salt, water, dehydrated onion, tabasco sauce [distilled vinegar, red pepper, salt])","soybeans, eggs, wheat, gluten, celery"
mozzarella cheese: low moisture mozzarella cheese,dairy
"enzymes), whey salt, maltodextrin, spices. tomato powder, buttermilk solids, natural flavors with extractives of paprika (contains milk), autolyzed yeast extract, sodium caseinate (a milk derivative). citric acid, xanthan gum, onion powder, garlic powder. disodium inosinate, disodium cumulate. lactic acid, yellow 5, yellow 6. prefered in vegetable oil",dairy
"cooked bacon (cured with: water, salt, sugar, sodium phosphate, sodium erythorbate, sodium nitrite)",none
almonds and saffron,tree nuts
beet juice from concentrate,none
"fruits (citrus pulp, lemon puree)",none
hydrogenated vegetable oil (cottonseed and/or rapeseed),none
"milk chocolate (sugar, whole milk powder, unsweetened chocolate, cocoa butter, milkfat, soy lecithin, natural vanilla flavor) (milk)","dairy, soybeans"
"bleached enriched flour (bleached wheat flour, malted barley flour, niacin, reduced iron, thiamine mononitrate, riboflavin, folic acid)","wheat, gluten"
bulgarius,none
"fruit preparatiion (sugar, strawberries, modified starch, tricalcium phosphate, strawberry flavor, citric acid, potassium sorbate, sodium benzoate, pectine, colors [red 40, yellow 6])",none
"popping candy (sucrose, lactose [milk], corn syrup solids, processed with carbon dioxide for popping effect)",dairy
"whole milk (milk, vitamin d3)",dairy
blackcurrants,none
"milk derived protein blend (whey protein isolate, milk protein isolate, whey protein concentrate)",dairy
lactose reduced whey,"dairy, lactose"
"honey graham cookie pieces (wheat flour, sugar, whole wheat flour, canola oil, honey powder [maltodextrin, honey], baking soda, salt, annatto extract [color], caramel color)","wheat, gluten"
essential oils of cardamom & black pepper,none
"wheat flour type """"00""""","wheat, gluten"
beet fiber,none
organic wheat flour {thiamine (b1),"wheat, gluten"
organic anise seed powder,none
green chilis,none
sorbic acid and calcium disodium edta (used to protect quality),none
hatch chiles,none
40 (artificial colors),none
"stabilizer (cellulose gum, locust bean gum, carrageenan, guar gum, salt, sugar)",none
"tamarind powder (corn maltodextrin, tamarind, caramel color)",none
liquid egg,eggs
"enriched flour (wheat flour, malted barley flour, iron, niacin, thiamine mononitrate, riboflavin, folic acid)","wheat, gluten"
"gluten free flour (tapioca starch, white rice flour, sorghum flour, corn starch)",none
"seasoning (salt, maltodextrin, garlic powder, yeast extract, onion powder, brown sugar, sugar, natural flavors [including mustard], spice, citric acid, lactic acid)",**mustard
water concentrated apple juice,none
whole clams,shellfish
sunflower seed flour,**tree nuts
"chicken flavor (dehydrated chicken broth, chicken powder, natural flavor)",none
red cabbage,none
"milk chocolate (sugar, cocoa butter, chocolate liquor, whole milk powder, lactose, soy lecithin [an emulsifier], salt, vanillin (an artificial flavor]), pretzels (enriched wheat flour [wheat starch, niacin, reduced iron, thiamine mononitrate, riboflavin, folic acid, silicon dioxide [anti-caking agent], syrup, salt, sodium bicarbonate, yeast])","dairy, lactose, wheat, gluten"
"pastry cream 35% (water, sugar, egg whites, modified potato starch, whole milk powder, whey powder, natural flavor, maltodextrin, thickener : xanthan gum, natural vanilla flavor, color : beta carotene)","dairy, eggs"
radish extract,none
"bread (enriched bleached flour [wheat, niacin, reduced iron, thiamine mononitrate, riboflavin, folic acid], water, yeast, salt, canola oil, sugar)","wheat, gluten"
vegetable: romaine lettuce,none
"coatings contain: blue (fd&c blue 1 lake); green (yellow 5 lake, blue 1 lake); lavender (blue 2 lake, carmine, red 40 lake); orange (yellow 6 lake); pink (carmine, red 40 lake); teal (blue 1 lake, yellow 5 lake); yellow (yellow 5 lake)",none
contains less than 2% of organic cilantro puree,none
dehydrated apples (treated with sodium sulfite to promote color retention),"sulphur dioxide, sulphites"
"vanilla extract (vanilla beans, water, ethyl alcohol)",none
"honey roasted peanuts (peanuts roasted in peanut, cottonseed sunflower seed and/or canola oil, salt, sugar, honey, maltodextrin, fructose, corn starch, calcium stearate, xanthan gum, natural honey flavor)",peanuts
"sweet relish (cucumbers, sugar, corn syrup, high fructose corn syrup, water, vinegar, salt, modified corn starch, xanthan gum, potassium sorbate, calcium chloride, natural flavor, polysorbate 80)",none
"yellow cake pieces (unbleached wheat flour, sugar, palm oil, water, nonfat milk powder, salt, natural flavors)","dairy, eggs, wheat, gluten"
dried whole eggs natural flavor,eggs
artificial color (fd&c red 40),none
dried celery,celery
"folic acid), sugar, pal oil, contains 2% or less of: cocoa, natural & artificial flavors salt, leavening (baking soda",none
titanium dioxide and citric acid,none
"buffalo sauce (red bell pepper, water, white distilled vinegar, sunflower oil, sugar, garlic, organic red chili pepper, rice starch, sea salt, garlic powder, xanthan gum)",none
"corn tortilla chips (yellow corn, safflower oil and/or sunflower oil, sea salt, trace of lime)",none
cherry juice powder,none
"artificial colors (red 3, blue 1, red 40, yellow 5, yellow 6)",none
"paprika color (natural glycerine, natural extractives of paprika, ascorbic acid, natural mixed tocopherols, quillaja extract, sunflower oil, canola oil, rosemary extract)",none
contains 2% or less of: fructose,none
liquid soybean oil,soybeans
canola oil (antidusting),none
vine ripened tomato,none
cranberry seeds,none
crust: unbleached wheat flour,"wheat, gluten"
chocolate extract,none
"smoked shredded turkey thigh meat (turkey thigh meat, water, potassium lactate, salt, sugar, sodium phosphate, sodium diacetate, sodium erythorbate, sodium nitrite)",none
"bread (enriched wheat flour (wheat flour, malted barley flour, niacin, iron, thiamin mononitrate, riboflavin, folic acid], water, yeast, 2% or less of soybean oil, wheat gluten, salt, sugar, acetic acid, lactic acid, fumaric acid, ascorbic acid, enzymes, calcium propionate [preservative]), low-moisture part-skim mozzarella cheese (cultured part-skim milk, salt, enzymes), sauce (water, tomato paste, sugar, soybean oil, modified food starch, garlic, spices, salt, distilled vinegar, onion, cultured dextrose, potassium chloride, garlic powder, paprika, natural hickory smoke flavor), margarine (soybean oil, water, vegetable mono & diglycerides, salt, natural flavor (contains milk), vitamin a palmitate added, vitamin d3)","wheat, gluten, dairy, soybeans"
lactic acid starter cultures [in beef casing],none
lactose and less than 2% silicon dioxide added to prevent caking,lactose
wheat fibers,"wheat, gluten"
pgpr (an emulsifier),none
and organic tapioca maltodextrin de-10,none
carnauba wax yellow 5,none
berry blue ingredients: water,none
"enzyme modified cheddar cheese (cheddar cheese, [pasteurized milk, cheese cultures, salt, enzymes] water, salt, disodium phosphate, sodium citrate, nonfat dry milk, natural flavor)",dairy
"vegetable oil (peanut, cottonseed, soybean, and/or sunflower seed)","peanuts, soybeans"
sodium erthorbate,none
"contains 2% or less of: grated romano cheese from cow's milk (cultured pasteurized part-skim milk, salt, enzymes)",dairy
organic white balsamic,none
white chablis wine,none
"mayonnaise (soybean oil, vinegar, eggs, egg yolks, salt, sugar, water, lemon juice concentrate, ground red pepper, dried garlic, mustard oil)","soybeans, eggs, mustard"
fd&c colors: yellow #6 lake,none
organic roasted red pepper puree,none
contains up to 12% chicken broth,none
"emulsifiers (propylene glycol mono and diesters of fatty acids, mono and diglycerides, sodium stearoyl lactylate)",none
extra virgin oil,none
granolas: certified gluten free oats,gluten
"vegetable oil (contains one of more of the following: soybean oil, canola oil)",soybeans
"yogurt coating (sugar (sugar, corn starch), hydrogenated palm kernel oil, sugar, milk blend (milk, nonfat milk, lactose), yogurt blend (nonfat milk, whey, lactic acid), nonfat milk, yogurt powder (cultured whey, nonfat milk), artificial color, lactic acid, soy lecithin (an emulsifier), artificial vanilla flavor, artificial sour cream flavor)","dairy, soybeans"
bacillus coagulans gbi-30 6086 (probiotic),none
"clam juice (clam juice, salt)",shellfish
"cooked chicken (chicken white meat, water, potassium lactate, sodium tripolyphosphate, salt)",none
pepper flakes,none
organic dried pineapple powder,none
"semi-sweet chocolate chips (evaporated cane juice, natural chocolate liquor (non-alcoholic), non-dairy cocoa butter)",dairy
"cocoa flavored coating (sugar, palm kernel oil, inulin, whole milk powder, cocoa processed with alkali, soy lecithin, vanilla)","dairy, soybeans"
"color (yellow 5, yellow 6, red 40)",none
bacillus coagulans gbi-306086,none
organic agave nectar,none
and up to 2% of the following: isolated oat products,none
"vegetable oil (contains one or more of the following: canola oil, peanut oil, and/or sunflower oil)",peanuts
cold pressed orange oil,none
pure vanilla flavor,none
hot pepper,none
"partially hydrogenated vegetable oil (may contain coconut, soybean, sunflower, palm and/or canola)",soybeans
dehydrated cooked chicken,none
"chili sauce (tomatoes, corn syrup, vinegar, salt, onions, natural flavors)",none
"artificial colors (including fd&c yellow 5, red 40, blue 1)",none
contains 2% or less of: sunflower lecithin,soybeans
vitamin d-3],none
hydrolyzed whey protein (milk),dairy
"enriched flour (wheat flour, niacin, reduced iron, thiamin mononitrate, riboflavin, enzyme, folic acid)","wheat, gluten"
sunflower and/or safflowerr oil,none
spices and microgard (a natural antimicrobial),none
"folic acid), cheese sauce (whey",dairy
natural annatto coloring,none
hydrogenated vegetable oils (palm kernel and coconut),none
"soy sauce (water, wheat, soybeans, salt, alcohol, vinegar, lactic acid, water chestnuts, brown sugar, less than 2% of modified food starch, toasted sesame oil, canola oil, ginger puree (ginger, water), garlic, orange juice concentrate, toasted sesame seeds, rice wine vinegar (water, rice), xanthan gum, spice","soybeans, wheat, sesame"
"unbleached enriched flour (wheat flour, niacin, reduced iron, thiamine mononitrate, riboflavin, folic acid, enzyme)","wheat, gluten"
cheese crunchies,dairy
"creme fraiche sauce (organic creme fraiche [cultured pasteurized organic cream, cheese cultures], water, organic wheat starch, organic canola oil, organic olive oil extra virgin, salt, organic white pepper)","dairy, wheat"
"unbleached flour (wheat flour, malted barley flour, niacin, reduced iron, thiamin mononitrate, riboflavin, folic acid)","wheat, gluten"
organic soy flour,soybeans
yellow 5 and polysorbate 80,none
"semi sweet chocolate (sugar, unsweetened chocolate, cocoa butter, soy lecithin (an emulsifier], natural vanilla extract), roasted whole espresso beans, tapioca starch, sucrose, cocoa powder (processed with alkali), confectioner's glaze","soybeans, dairy"
"dark chocolate (sugar, chocolate liquor (processed with alkali), cocoa butter, milk, butterfat, soy lecithin (an emulsifier), vanilla)","dairy, soybeans"
apple sauce,none
"organic strawberries (organic strawberries, organic cane syrup, pectin, organic locust bean gum, organic lemon juice concentrate)",none
"parmesan cheese (cultured, pasteurized, part skim milk, salt, enzymes) powdered cellulose (to prevent caking)",dairy
chocolate contains: sugar,none
small tomatoes with skin,none
ingredients: pork livers,none
"antioxidant (soy lecithin,amylases,proteases)",soybeans
"salad dressing (soybean oil, water, sugar, distilled vinegar, egg yolks, high fructose corn syrup, modified corn starch, salt, mustard flour, spice, natural flavors, paprika, onion powder, calcium disodium edta {to protect flavor})","soybeans, eggs, mustard"
"sugar cookie mix: enriched bleached flour (wheat flour, malted barley flour, niacin, iron, thiamine mononitrate, riboflavin, folic acid)","wheat, gluten"
"organic vegetable oil (sunflower, safflower and/or canola) and sea salt",none
walnut pieces,tree nuts
"shortening (pure vegetable oil, partially hydrogenated soybean and cottonseed oil)",soybeans
food starch- modified,none
"chicken bone broth (filtered water, chicken bone broth base (chicken bone broth (chicken bone broth, chicken fat), sea salt, blue agave syrup, roasted chicken meat, potato starch, tamarind extract, chicken flavor, nutritional yeast, champignon mushroom powder, guar gum, onion concentrate, bay leaf, tomato powder, turmeric, natural celery seed extract))",celery
and garlic oil,none
"processed american yellow cheese (cultured milk and skim milk, cream, sodium citrate, salt, artificial color, sodium phosphate, sorbic acid [preservative], enzymes, soy lecithin)","dairy, soybeans"
contains five live active cultures including,none
"sprinkles (sugar, corn starch, dextrose, hydrogenated palm oil, dextrin, shellac, carnauba wax, soy lecithin, cochineal extract [color], caramel color, hydroxypropyl distarch phosphate, water, gum arabic, xanthan gum, artificial flavor, titanium dioxide, magnesium stearate, glucose powder, artificial colors [blue 1, blue 2, red 3, red 40, yellow 5, yellow 6])",soybeans
roasted corn,none
"beef (beef, water, organic corn starch, sea salt)",none
ginkgo,none
"rosemary & olive oil seasoning (maltodextrin, sea salt, sugar, spices, yeast extract, onion powder, olive oil, natural flavor)",none
100% usda choice beef round,none
"buffalo seasoning (maltodextrin, frank's redhot cayenne pepper sauce [dry aged cayenne peppers, distilled vinegar, salt and garlic powder], garlic powder, sugar, onion powder, yeast extract, spice, vinegar, citric acid, canola oil [as a processing acid], extractives of paprika, spice extractives, not more than 2% silicon dioxide to prevent caking)",none
cashew butter,tree nuts
organic raw almonds,tree nuts
thiamine mononitrate,none
corn syrup and tapioca dextrin,none
"enriched wheat flour (unbleached wheat flour, niacin, reduced iron, thiamin mononitrate, riboflavin, folic acid, malted barley flour)","wheat, gluten"
lemon essence,none
less than 1%: natural & artificial flavors,none
asian ginseng root extract,none
ground juniper berries,none
natamycin (a natural mold inhibitor); capicola wa: cured with water,none
organic prunes,none
"gums (agar xanthan, acacia, sodium alginate, guar)",none
"pear juice (water, pear juice concentrate)",none
"apple strawberry pieces (fruit [apple puree concentrate, strawberry scan here for more food information juice concentrate], invert sugar, sugar, glycerol, dextrose, wheat fiber, palm fat, pectin, malic acid, natural flavor, elderberry juice concentrate); less than 2% of: guar gum",wheat
"chocolate chips (sugar, chocolate liquor, cocoa butter, dextrose, soy lecithin [an emulsifier], vanilla)",soybeans
niacinamide++,none
"non-gmo project verified tomato paste (tomato paste, naturally derived citric acid)",none
"honey roast seasoning (sugar, fructose, honey solids [refinery syrup, honey], honey, wheat starch, contains 2% or less of: olive oil [added as a processing aid])",wheat
hydrogenated coconut and soybean oils,soybeans
cookie bits {sugar,none
"chicken breast (chicken, water, salt, chicken broth powder, savory chicken seasoning [salt, natural flavor, sunflower lecithin], dextrose)",none
enriched flour {wheat flour,wheat
"ricotta impastata (whole milk, vinegar, salt)",dairy
carrageenan cellulose gel,none
"stick: wheat flour enriched ([wheat flour, niacin, reduced iron, thiamine mononitrate, riboflavin, folic acid], malted barley flour)",wheat
organic fair trade cacao,none
dehydrated apple powder,none
"contains less than 2% of dough conditioner (enriched wheat flour, ascorbic acid, enzymes)",wheat
"fudge brownie pieces (cane sugar, wheat flour, soybean oil, water, cocoa powder, corn starch, sunflower lecithin, salt, natural vanilla extract)","soybeans, wheat"
"strawberry base (strawberries, naturally milled cane sugar, inulin, water, modified food starch, natural flavor, vegetable protein, tricalcium phosphate, purple carrot concentrate and annatto for color, sodium benzoate and potassium sorbate to maintain freshness, sodium citrate, ascorbic acid [vit. c]], sugar, modified food starch, kosher gelatin, live active yogurt cultures [s. thermophilus, l bulgaricus, l lactis, l acidophilus]",**lactose
granulated cane sugar,none
"salted fudge swirl: powdered sugar (sugar, corn starch)",none
"peanuts (peanuts, salt, spices, paprika, dextrose, onion, garlic, natural flavor [contains soy lecithin], with no greater than 2% silicon dioxide and/or palm oil with green tea and rosemary extract [added to prevent caking], peanut oil)","peanuts, soybeans"
vegetable oil spread [hydrogenated palm stearin,none
"dressing (mayonnaise [soybean oil, corn syrup, water, egg yolks, distilled vinegar, salt, spice, calcium disodium edta added to protect flavor] maltodextrin, cultured dextrose, sodium diacetate, egg white lysozyme, nisin preparation glucono delta lactone, potassium sorbate (preservative), black pepper)","soybeans, eggs"
"coconut aminos (organic coconut tree sap, sea salt)",none
"folic acid), water, soybean oil, yeast, sugar, salt, calcium propionate (preservative), enzymes, ascorbic acid. spread: water, soybean oil, dehydrated garlic, palm oil, whey powder, salt, modified corn starch, distilled monoglyceride, dehydrated parsley, modified tapioca starch, xanthan gum, citric acid, natural and artificial flavor, beta carotene (color)","soybeans, dairy"
"ginger puree (ginger root, phosphoric acid, potassium sorbate and sodium benzoate (to preserve freshness))",none
mughlai kofta curry: water,none
powdered cellulose chip strips: corn masa flour,none
"ramen noodle ingredients: enriched wheat flour (wheat flour, niacin, reduced iron, thiamine mononitrate, riboflavin, folic acid)",wheat
sea salt konjac,none
"soy oil blend and soy oil shortening (soybean oil, mono- and diglycerides, propylene glycol mono- and diesters of fatty acids, glyceryl-lacto esters of fatty acids)",soybeans
"textured vegetable protein (water, soy protein concentrate, wheat protein)","soybeans, wheat"
whey (milk) protein concentrate,dairy
soy sauce (hydrolyzed soy protein),soybeans
"grapes (concord grapes, grapes)",none
lowfat yogurt: cultured pasteurized grade a lowfat milk,dairy
konjac gum,none
yellow corn (32.5%),none
dry garlic,none
"natural flavor (including smoke) and bacon (cured with water, salt, sodium erythorbate, sodium nitrite)",none
and potassium sorbate (0.05%) as preservatives,none
fresh buttermilk,dairy
"powdered sugar (cane sugar+, cornstarch)",none
"artificial colors (fd&c red no.40, fd&c yellow no. 5, fd&c yellow no. 6, fd&c blue no. 1)",none
"enriched macaroni product: [enriched flour (wheat flour, malted barley flour, niacin, reduced iron, thiamine mononitrate, riboflavin, folic acid)]",wheat
soybean flour,soybeans
avocados,none
"dehydrated vegetables (bell pepper, shallots, cilantro, onion, garlic, jalapeno pepper)",none
"hydrolyzed soy protein (maltodextrin, disodium inosinate, disodium guanylate)",soybeans
"yellow batter (egg yolk, corn syrup, sugar, water, artificial flavor, salt)",eggs
"organic balsamic dressing (water, organic balsamic vinegar [organic wine vinegar, organic fermented grape], organic sunflower oil, organic extra virgin olive oil, organic blue agave syrup, organic sugar, sea salt, xanthan gum, organic black pepper, organic dried onion, organic dried basil, organic thyme)",none
"fd&c artificial colors (red #40, blue #1, yellow #5 [contains tartrazine])",none
calcium stearate (anti-caking),none
fruit juice and vegetable juice (for color),none
fig paste,none
tumeric,none
ingredients: potatoes,none
dried strawberry puree,none
"vegetable shortening (palm oil, natural flavor, soy lecithin)",soybeans
crust: whole grain stone ground soft wheat flour,"wheat, gluten"
"contains 2% or less of: vegetable oil (palm, soybean, olive and/or canola oil)",soybeans
organic bay leaves,none
d-alpha-tocopheryl acetate (vitamin e),none
"dried cranberries (cranberries, sugar, citric acid, sunflower oil, elderberry juice concentrate [color])",none
"stoneground mustard (apple cider vinegar, water, mustard seed, sea salt, cloves)",mustard
100% whole durum wheat flour,"wheat, gluten"
"cajun and chili lemon corn sticks (yellow corn masa, vegetable oil [soybean], cajun and chili lemon seasoning [maltodextrin {corn}, salt, natural flavoring, citric acid, spices & herbs, garlic powder, onion powder, tomato powder, green pepper powder, spice and coloring {paprika}])",soybeans
vegetable oil (contains one or more of the following: corn and/or soybean and/or cottonseed oil),soybeans
"sharp cheddar cheese powder (pasteurized milk, cheese cultures, salt, enzymes, disodium phosphate, annatto extract)",dairy
"premium 60% dark chocolate (cacao, cane sugar, cacao butter, sunflower lecithin [as an emulsifier], natural vanilla)",soybeans
"peanut butter swirl (peanuts, corn oil, dextrose, salt, mono-diglycerides)",peanuts
rosemary and green tea extract,none
"feta cheese powder (feta cheese [pasteurized milk, cheese cultures, salt, enzymes], disodium phosphate)",dairy
"citric acid), savory flavor (natural flavor",none
peach fruit preparation: organic peaches,none
natural lime flavor and natural flavors,none
organic flaxseeds,none
acetic acid and sodium benzoate as a preservative,none
"yeast (yeast, sorbitan monostearate, ascorbic acid)",none
"seafood mix (imitation crab {fish protein, water, wheat/corn/tapioca starch, egg whites, soybean oil, crab flavor, natural crab extract, sugar, salt, calcium carbonate, carmine, and paprika}, bleached wheat flour, creamer {water, palm oil, corn syrup solids, sodium caseinate {a milk derivative}, mono and diglycerides, dipotassium phosphate, sodium silicoaluminate, soy lecithin, bht to protect flavor},onions, celery, red bell peppers, shrimp, cheddar cheese sauce (water, cheddar cheese {milk, cheese culture, salt, enzymes},contains 2% or less of the following: whole wheat flour, sugar, cane sugar, sea salt, vinegar, corn syrup, modified food starch, paprika, yeast, corn starch, methyl cellulose, egg white powder, xanthan gum, guar gum, whole eggs, citric acid, maltodextrin, hydrolyzed soy and wheat protein, yeast extract, natural flavors {contains crab, lobster and cod}, disodium inosinate and disodium guanylate, rice flour, potassium chloride, celery seed, spices, butter, sodium benzoate{preservative})","fish, wheat, gluten, eggs, soybeans, dairy, shellfish"
contains 2% or less of adipic acid (for tartness),none
"gum blend (cmc gum, wheat starch, xanthan gum)","wheat, gluten"
"salad dressing (soybean oil, water, vinegar, sugar, egg yolks, modified food starch, salt, mustard flour, spice, paprika, natural flavor, dried garlic)","soybeans, eggs, mustard"
organic pasteurized milk and cream,dairy
"organic whole grain crispy rice (organic whole grain brown rice flour, calcium carbonate)",none
"vegetable oil (high oleic soybean, soybean, palm, and/or canola oil with tbhq for freshness)",soybeans
enzymes (wheat),"wheat, gluten"
baby red leaf lettuce,none
"pasteurized process swiss cheese (swiss cheese [cultured milk, salt, enzymes], water, cream, sodium phosphates, salt, lactic acid)",dairy
"strawberry flavored pretzel pieces (sugar, pretzel pieces [enriched wheat flour {wheat flour, niacin, reduced iron, thiamine mononitrate, riboflavin, folic acid}, malt, salt, soybean oil], coconut oil, skim milk, palm kernel oil, milkfat, natural flavor, milk, fruit juice color, annatto color, soy lecithin, salt)","wheat, gluten, dairy, soybeans"
passionfruit juice concentrate,none
calrose rice,none
bleu cheese,dairy
"cream cheese (pasteurized nonfat milk and milkfat, cheese culture, whey protein concentrate, salt, guar gum, carob bean gum)",dairy
hydrolyzed corn torula and brewers yeast,none
"semisweet chocolate chips (sugar, unsweetened chocolate, cocoa butter, milkfat, emulsifier [soy lecithin], artificial flavor)","dairy, soybeans"
"spices and herbs (including paprika, celery seed, red pepper, bay leaves)",none
oyster extract (molluscan shellfish),mollusks
"spicy yellow seasoning (salt, maltodextrin, yeast extract, dehydrated onion and garlic, red and green bell peppers, turmeric [color], sugar, corn starch, natural flavor, spices, oleoresin turmeric [color], saffron [color])",none
"dark chocolate flavored coating (coconut oil, sugar, chocolate liquor, cocoa processed with alkali, soybean oil, soy lecithin, polyglycerol polyricinoleate, artificial flavor)",soybeans
"sourdough bread (enriched flour (wheat flour, malted barley flour, niacin, reduced iron, thiamine mononitrate, riboflavin, folic acid), water, soybean oil, contains 2% or less of: whole wheat flour, salt, oats, active dry yeast, wheat bran, vital wheat gluten, monoglycerides, calcium sulfate, enzymes, lactic & fumaric acid, wheat & corn starch, ascorbic & acetic acid)","wheat, soybeans, gluten"
sharp pasteurized process american cheese: milk,dairy
boneless skinless white meat chicken and water contains 2% or less of: modified food starch,none
"enriched corn meal (corn, niacin, iron, thiamine mononitrate, riboflavin, folic acid)",none
"pretzels (enriched wheat flour (wheat flour, niacin, reduced iron, thiamin mononitrate, riboflavin, folic acid), malted barley flour, salt, soybean oil)","wheat, soybeans, gluten"
"less than 2% of parmesan cheese (pasteurized milk, cheese cultures, salt, enzymes)",dairy
corn syrup natural spice flavor,none
"sweet red peppers (peppers, water, citric acid)",none
"chile pepper (red chile peppers, citric acid)",none
"sweetened condensed skim milk (skim milk, sugar)",dairy
palm],none
organic instant coffee,none
"sour cream (cream, microbial enzymes)",dairy
dried blueberry fruit pieces,none
"fruit & vegetable blend (spinach, broccoli, carrot, beet, tomato.apple. cranberry, orange, blueberry and/or bilberry, strawberry, shiitake mushroom)",none
fumeric acid,none
"toppings: mozzarella cheese (cultured pasteurized milk, salt, enzymes)",dairy
"seafood base (cooked lobster, shrimp, crab and clams, salt, maltodextrin, soybean oil, dehydrated potato, clarified butter oil, hydrolyzed soy protein, wheat gluten protein, natural flavor [extract of shrimp, salt, yeast extract, dextrin, disodium inosinate, disodium guanylate], dehydrated bonito [fish], onion powder, xanthan gum, paprika)","shellfish, fish, soybeans, wheat, gluten"
"boneless skinless chicken breasts (boneless skinless chicken breast fillets containing up to 10% solution of water, food starch, and salt)",none
chai spices,none
vanilla flavour,none
dried fruit and nut blend [cashews,tree nuts
potassium and sodium citrate,none
"caramel swirl (corn syrup, sugar, condensed milk, salt, carrageenan, potassium sorbate [preservative], sodium bicarbonate)",dairy
"dijon mustard (water, mustard seeds vinegar, salt)",mustard
"almond butter (almonds, sea salt)",tree nuts
"vegetable color (annatto, turmeric)",none
"color (vegetable juice, turmeric, paprika oleoresin, fruit juice, spirulina extract)",none
"enriched durum flour (flour, niacin, ferrous sulfate, thiamine mononitrate, riboflavin, folic acid)","wheat, gluten"
"bread (wheat flour, sugar, vegetable shortening [soybean, cottonseed and/or safflower oil], high fructose corn syrup, iodized salt, leavening agents [sodium bicarbonate, ammonium bicarbonate] and artificial flavoring)","soybeans, wheat, gluten"
glycerol ester or wood rosin,none
tilapia fillets batter coating wheat flour,"wheat, gluten"
"roasted cashews (cashews, canola and/or peanut oil)",tree nuts
"noodles (water, rice flour, wheat flour, canola oil, wheat gluten, salt, propylene glycol alginate, xanthan gum)","wheat, gluten"
contains 2% or less of sundried tomatoes,none
natural flavor (including hickory smoke),none
and fd&c blue #1,none
semi-dried tomatoes,none
"beef broth (water, grass-fed beef bones, organic onions, organic carrots, organic celery, organic parsley, organic apple cider vinegar, sea salt, organic black pepper, organic bay leaves, organic thyme, organic rosemary)",none
"natural cheese flavor (parmesan cheese [milk, culture, salt, enzymes], water, salt)",dairy
sodium chloride (salt),none
"tempura chicken (chicken breast meat, water, bleached enriched flour [wheat flour, niacin, iron, thiamine mononitrate, riboflavin, folic acid], corn starch. contains less than 2% of dextrin, dextrose, egg whites, egg yolks, leavening [sodium acid pyrophosphate, sodium bicarbonate, monocalcium phosphate], modified potato starch, nonfat dry milk, rice flour, salt, sodium phosphate, xanthan gum. fully cooked in vegetable oil [canola])","wheat, gluten, dairy, eggs"
"shortening (palm, soybean, modified palm and canola oil)",soybeans
organic moringa leaf powder,none
garlic and natural flavor,none
"(sodium acid pyrophosphate, sodium bicarbonate, non-gmo corn starch, monocalcium phosphate)",none
organic quinoa (sprout),none
"fermented soybeans (water, black soybeans, rice, sea salt, culture)",soybeans
ice cream contains milk,dairy
"romano cheese (part-skim cow's milk, cheese cultures, salt, enzymes)",dairy
granulated onion and other spices,none
less than 1% of: salt,none
"brie cheese (pasteurized cultured milk and cream, salt, enzymes)",dairy
"artificial color (fd&c yellow 5 lake, fd&c blue 1 lake)",none
"toasted bread (flour, safflower oil, iodized salt, leavening [sodium bicarbonate, sodium aluminum sulfate, monocalcium phosphate], soy lecithin)","soybeans, wheat"
dill,none
carob bean and/or guar gums,none
glyceryl monoestearate,none
mold,none
high oleic safflower oil; less than 2% of: glycerin,none
"margarine (palm oil, water, soybean oil, salt, contains 2% or less of: mono and diglycerides, calcium disodium edta [preservative], artificial flavor, annatto [color], vitamin a palmitate)","soybeans, dairy"
sodium nitrite (6.25%),none
saffron,none
"organic whole chicken (contains up to 12% solution of: water, organic chicken, organic chicken broth concentrate, organic honey powder [organic maltodextrin, organic honey], sea salt)",none
"probiotic yogurt raisins (yogurt coating [sugar, fractionated palm kernel oil, whey powder {milk}, colored with titanium dioxide, yogurt powder {cultured whey, non-fat milk powder}, soy lecithin {an emulsifier}, salt, vanilla], raisins [sunflower oil], corn syrup, modified starch [tapioca], confectioner's glaze, probiotic added [bacillus coagulans gbi-30 6086])","dairy, soybeans"
"parmesan and romano cheese (pasteurized part-skim cow's milk, cheese cultures, salt, enzymes)",dairy
apricot (containing sulfur dioxide),sulphur dioxide
"cashews (cashews, vegetable oil (may contain one or more of the following: peanut, canola, sunflower, soybean))","tree nuts, **peanuts"
"contains 2% or less of each of the following: leavening (baking soda, sodium acid pyrophosphate, monocalcium phosphate)",none
"vegetable oil (contains one or more of the following: corn, cottonseed, sunflower, soybean, palm)",**soybeans
propylene glycol mono-and diesters of fatty acids,none
"(cream, salt, modified food starch, wheat flour, soybean oil, roast flavor (sunflower oil, natural flavor, soy lecithin), salt, shrimp stock (shrimp, salt), garlic in oil(garlic, soybean oil, water, citric acid, acefying agent), nisin preparation and spices","**soybeans, shellfish, wheat, eggs"
"natural flavor (enzyme modified egg yolk, salt)",eggs
less than 2% of cream,none
spices (including paprika and turmeric),none
yeast autolyzate,none
citric acid (protect freshness) and mixed tocopherols (protect freshness)],none
almonds (blanched slivered almonds),tree nuts
"tofu (soybeans, water, calcium sulfate)",soybeans
chipotle pepper puree,none
"tomatoes (tomatoes, tomato juice [tomato juice, citric acid, calcium chloride], sugar, salt, seasoning [dehydrated onion, citric acid, celery powder, dehydrated garlic], peppers, vinegar, calcium chloride)",none
ackees,none
contains 2% or less of natural flavorings,none
"crystallized lemon juice (natural lemon flavor, lemon juice powder)",none
organic dried cane sugar,none
organic whey,dairy
"batter (cornflour, rice flour, corn starch, sea salt, cream of tartar, sodium bicarbonate, garlic powder, onion powder, canola oil, xanthan gum, spice)",none
"vegetable oil (palm oil, sunflower oil)",none
"for color (blue 1 lake, red 40, yellow 6, yellow 5, blue 1, red 40 lake, yellow 6 lake, yellow 5 lake, blue 2 lake, blue 2)",none
brown rice flour whole grain yellow corn,none
cheddar cheese [milk,dairy
sugar+,none
"enrichment blend (maltodextrin, ferrous fumarate, vitamin e, zinc oxide, niacin, pyridoxine hydrochloride riboflavin, thiamin mononitrate, magnesium oxide, folic acid, vitamin d3, cyanocobalamin)",none
colored with annatto extract,none
"quiche filling (spinach, jarlsberg cheese (pasteurized part skim milk, rennet, salt, culture. powdered cellulose added to prevent caking), red bell pepper, yellow onion, seasoning (onion, spices (black pepper, parsley, celery seed, basil, bay, marjoram, oregano, savory, thyme, cayenne pepper, coriander, cumin, mustard, rosemary), garlic, carrot, orange peel, tomato, lemon juice powder, citric acid, oil of lemon), thyme)","dairy, celery, mustard"
donut pieces {sugar,none
ghee (clarified butter),dairy
organic peaches,none
organic potato flour,none
"natural flavoring smoked edam cheese (cultured milk, salt, enzymes)",dairy
turmeric and paprika (for color),none
"soy crisps (soy protein isolate, tapioca starch, salt)",soybeans
glucono delta-lactone (acidulant),none
xanthan gum and guar gum (natural gums),none
contains less than 2% of: ascorbic acid,none
"enriched wheat flour (wheat flour, niacin. reduced iron. thiamine mononitrate, riboflavin, folic acid)","wheat, gluten"
peanuts and salt,peanuts
hulled hemp seeds,none
"sauce: (tomato puree, water, oregano, salt, black pepper)",none
ascorbic acid to promote color retention,none
"xanthan gum), fried shallot (shallot",none
"lavash bread (enriched unbleached wheat flour [wheat flour, malted barley flour, niacin, iron, thiamine mononitrate, riboflavin, folic acid], filtered water, canola oil, sea salt, cultured wheat, oat fiber, sugar, baking powder [sodium acid pyrophosphate, potato starch, sodium bicarbonate], yeast)","wheat, gluten"
"beta-carotene color), contains 1 percent or less of: cocoa butter, artificial flavors, salt, lecithin, trisodium phosphate, yeast, monoglyceride,leavening (sodium bicarbonate), polyglycerol polyricinoleate, papain",none
"margarine (palm oil, water, soybean oil, salt, mono & diglycerides, colored with annatto, calcium disodium edta added as a preservative, artificial butter flavor, vitamin a palmitate added)",soybeans
organic canola oil and/or organic sunflower oil and/or organic palm oil,none
"semisweet chocolate (sugar, chocolate, cocoa butter, milkfat, soy lecithin [as emulsifier], ,artificial vanilla flavor, natural flavors)","soybeans, dairy"
"vegetable oil (palm oil, glyceryl monostearate, tocopherols)",none
gelatin mix: sugar,none
ferrous gluconate (iron derivative),none
rice (cooked),none
instant decaffeinated coffee,none
"vegetable oil (may contain soybean, palm, safflower, sunflower and/or canola oil)",**soybeans
"white sub bread (enriched wheat flour [wheat flour, malted barley flour, niacin, reduced iron, thiamin mononitrate, riboflavin, folic acid], water, sugar, yeast, wheat gluten, salt, malted barley extract, calcium propionate [preservatives], dough conditioners [diacetyl tartaric acid esters of mono and diglycerides, sodium stearoyl lactylate, ascorbic acid, enzymes, l-cysteine, azodicarbonamide], malted barley flour)","wheat, gluten"
"chocolate chip (sugar, unsweetened chocolate, dextrose, cocoa butter, soy lecithin, milkfat, vanilla extract)","soybeans, dairy"
fructooligosaccharides (soluble fiber),none
chicory root inulin,none
"prepared horseradish (horseradish, vinegar, salt, natural flavor)",none
onion power,none
"cookie: whole grains (whole wheat flour, oats)","wheat, gluten"
"pepperoni (pork, beef, salt, contains 2% or less of water, dextrose, spices, lactic acid starter culture, oleoresin of paprika, garlic powder, sodium nitrite, bha, bht, citric acid [to protect flavor])",none
"dairy dessert (skim milk, sugar, coconut oil carob bean gum, guar gum, carrageenan, artificial vanilla flavor)",dairy
"natural boneless chicken breast with rib meat vegetarian fed raised without antibiotics (contains up to 17% of a solution of water, less than 2% potato starch, sea salt)",none
hydrogenated vegetable oil (rapeseed and/or cottonseed and/or soybean),**soybeans
pasteurized cultured lowfat milk,dairy
organic peanuts,peanuts
milk proteins sorbitol,dairy
"cultured nonfat buttermilk (water, nonfat dry milk, soybean oil, buttermilk cultures)","soybeans, dairy"
"pulp of tomatoes (tomatoes, citric acid)",none
prefried in vegetable oil,none
"corn tortilla (water, corn masa flour, contains 2% or less or fumaric acid, cellulose gum, sodium propionate, sorbic acid, trace of lime)",none
"enriched unbleached flour (wheat flour, niacin, reduced iron, thiamin mononitrate, riboflavin, folic acid, malted barley flour)","wheat, gluten"
white degermed ground corn,none
salt & enzymes,none
"dried cranberries (cranberries, sigar, sunflower oil)",none
"apple puree (ascorbic acid, potassium sorbate)",none
"freshness preserved with (sodium bisulfite, sodium acid pyrophosphate, citric acid, bha, bht)",**sulphites
no sweetners or preservatives,none
organic turmeric root,none
"coloring includes (turmeric, beta carotene, beet powder)",none
"sweetened dried cranberries (cranberries, cane sugar, sunflower oil)",none
"dark chocolate chips(sugar, cocoa liquor, cocoa butter)",**dairy
food starch-modified (corn and/or wheat),**wheat
canola and soy lecithin (emulsifier),**soybeans
pomegranate extract,none
organic monkfruit extract,none
"crushed tomatoes (tomatoes, salt, citric acid)",none
"animal shortening (contains one or more of the following: tallow, lard, hydrogenated tallow, with preservatives [bht, citric acid])",none
"pasteurized process american cheese (cultured milk, water, cream, sodium phosphates, salt, sorbic acid [for freshness], vegetable color [annatto and paprika extract blend], enzymes)",dairy
live active yogurt cultures including l,**dairy
ingredients: egg whites,eggs
"icing sugar (cane sugar, corn starch)",none
"confectionery coating (sugar, palm kernel and palm oils, cocoa processed with alkali, soy lecithin, salt, vanillin, whey [milk])","**dairy, soybeans"
"liquid margarine (soybean oil and hydrogenated soybean oil, water, salt, contains less than 2% of mono- and diglycerides, soy lecithin, sodium benzoate (preservative), citric acid, natural and artificial flavors, calcium disodium edta added to protect flavor, beta-carotene color, vitamin a palmitate)",**soybeans
folic acid++,none
potato flakes,none
"organic juices (celery, apple, cucumber, spinach, romaine lettuce, kale, lime, lemon, parsley)",celery
"queso blanco cheese (pasteurized milk, cheese culture, salt, enzymes, vinegar)",dairy
"ketchup (tomato concentrate, sugar, distilled vinegar, less than 2% of: salt, natural flavors, potassium chloride, onion powder, citric acid, garlic powder, spices)",none
sodium chloride (fortified with iodine) and artificial vanilla flavor,none
"toasted wheat crumb [enriched wheat flour (wheat flour, niacin, reduced iron, thiamine mononitrate, riboflavin, folic acid)","wheat, gluten"
"enriched wheat flour bleached (flour, malted barley flour, niacin, reduced iron, thiamine mononitrate, riboflavin, folic acid)","wheat, gluten"
pineapple juice (from concentrate) and citric acid,none
"vegetable oil (contains one or more of the following: palm, canola, soybean with tbhq for freshness)",**soybeans
chocolate flavored chunks [sugar,none
"honey biscuit: enriched bleached wheat flour (bleached wheat flour, niacin, reduced iron, thiamine mononitrate, riboflavin, folic acid)","wheat, gluten"
contains 2% or less of caramel color,none
mayonnaise soybean oil,**soybeans
sour culture,none
white jasmine rice,none
organic chipotle powder,none
green chili flavor (with safflower oil),none
"vegetable blend (onion, red bell pepper, green bell pepper)",none
"pretzels (soft red winter wheat flour, salt, sunflower or canola oil or rice oil, corn syrup, malt syrup, yeast)","wheat, gluten"
"roasted pumpkin seeds (pumpkin seeds, safflower oil, salt)",**tree nuts
natural flavor soybean lecithin,**soybeans
"peanut butter (peanuts, palm oil, salt)",peanuts
seasoning: water,none
full cream milk,**dairy
fine pulp,none
organic balsamic vinegar,none
"organic gluten free tamari soy sauce (water, organic soybeans, salt)",**soybeans
ingredients: garbanzo beans,none
vitamins and minerals: iron (ferric orthophosphate),none
monterey jack pepper cheese: pasteurized milk,**dairy
whole grain corn masa,none
"contains 2% or less of: leavening (sodium acid pyrophosphate, baking soda [sodium bicarbonate])",none
organic palm fruit oil,none
concentrated butter,**dairy
sodium stearoyl lactate,none
cayenne peppers,none
cinnamon flakes [sugar,none
coated with spices,none
"organic grain mix (organic hard red wheat, organic rye, organic barley, organic spelt, organic soft white wheat, organic corn)","wheat, gluten"
contains less than 2% of: dried onions,none
almond protein,tree nuts
"cheddar cheese (milk, salt, cheese cultures, enzymes)",dairy
"sauce (water, tomato puree [water, tomato paste], seasoning (salt, spices, sugar, dehydrated garlic), flavor blend (maltodextrin, dextrose, natural flavor), salt, modified corn starch, soybean oil, xanthan gum)",soybeans
"cheddar and provolone cheese (cultured pasteurized milk, salt, enzymes)",dairy
"ascorbic acid), dough conditioners (fumaric acid",none
folic acid). cheddar cheese (pasteurized milk,dairy
galangal 3%,none
"worcestershire sauce (white vinegar, molasses, sugar, water, salt, onions, anchovies, garlic, cloves, tamarind extract, natural flavorings, chili pepper extract)",fish
"enriched pasta (durum wheat flour, water, egg white, whole egg, niacin, ferrous sulfate (iron), thiamine mononitrate, riboflavin, folic acid)","eggs, wheat, gluten"
"cake mix (sugar, bleached enriched flour [wheat flour, niacin, reduced iron, thiamine mononitrate, riboflavin, folic acid], modified food starch [corn], soybean oil, contains 2% or less of the following: salt, emulsifier [propylene glycol esters of fatty acids, distilled monoglycerides, sodium stearoyl lactylate], nonfat dry milk, sodium aluminium phosphate, sodium bicarbonate, natural and artificial flavor, sodium caseinate, xanthan gum, egg white, soy flour)","dairy, eggs, soybeans, wheat, gluten"
white miso,none
whole grain rice flour,none
2% or less of red onion,none
food coloring (caramel),none
ascorbic acid (for color retention),none
"seasoning (maltodextrin, dehydrated turkey broth, onion powder, salt yeast extract, carrot powder, dextrose, natural flavors, garlic powder, annatto (color))",none
coconut milk (coconut),tree nuts
in hog casing,none
white wine,none
"pork flavor (maltodextrin, pork stock, rendered bacon fat, salt, autolyzed yeast extract, flavors and tocopherol)",none
"fudge swirl (corn syrup, water, sugar, cocoa [processed with alkali], modified cornstarch, cocoa, chocolate liquor, salt, vanilla, potassium sorbate [preservative], citric acid)",none
"grana padano cheese (cow's milk, salt, enzymes)",dairy
fruit extracts (apple and carob's sugars),none
sulfur dioxide as a preservative,sulphur dioxide
"seasoning (sugar, salt, garlic powder natural flavors oueoresin paprika (colob), garlic oil,) water",none
ingredients: filtered water,none
extractives of spices,none
chocolate flavored coatings: dry roasted peanuts,peanuts
expeller pressed sunflower,none
caramel color disodium inosinate and guanylate (flavor enhancers),none
sodium bisulfite (to protect color and flavor),sulphites
"multi colored flakes (sugar, partially hydrogenated vegetable oil [palm, palm kernel, coconut, cottonseed, soybean oil], nonfat milk powder, soy lecithin, mono and diglycerides, titanium dioxide (color), artificial flavor, yellow 5, blue 1, red 40)","dairy, soybeans"
monodiglyceride with ascorbic acid and citric acid,none
"leavening (ammonium bicarbonate, sodium bicarbonate, monocalcium phosphate)",none
"organic apples (from fresh, whole, triple washed, ripe organic apples. )",none
yellow 5 & 6 lake,none
"salt]), sugar, tapioca flour., soy ginger sauce ingredients: soy sauce (soybeans","soybeans, wheat, gluten"
irish moss (sea vegetable) extract and rubbed sage,none
sodium metabisulphite (a preservative),sulphites
chick-pea,none
dried contains: wheat,"wheat, gluten"
"breadcrumb (wheat flour, potato starch, salt, sugar, yeast, natural food coloring)","wheat, gluten"
rice flour (60%),none
wheat grits,"wheat, gluten"
and less than 2% of sugar,none
raspberry juice (from concentrate),none
"brewed tea (filtered carbonated water, spearmint. green tea, tulsi)",none
filling: cream cheese [pasteurized cultured cream and milk,dairy
matcha,none
"ginger puree1 (ginger, water)",none
"cooked enriched long grain rice (water, rice, iron, niacin, thiamine mononitrate, folic acid)",none
acacia fiber,none
"parmesan cheese (pasteurized milk, cultures, salt, enzymes)",dairy
"vegetable oil (contains one or more of the following: canola oil, palm oil, soybean oil)",soybeans
butter flavored salt,none
"milk chocolate (sugar, chocolate, milk, cocoa butter, soy lecithin, vanilla)","dairy, soybeans"
"chili powder (chili peppers, spices)",none
"lactic acid starter culture), tomato, parsley",none
vanilla ice cream: skim milk,dairy
ham flavor,none
strawberry ingredients: water,none
shelled almonds,tree nuts
"disodium guanylate), chicken breast meat with rib meat (chicken breast meat with rib meat",none
high-fructose corn syrup,none
"artificial color (yellow 5 lake, blue 1 lake)",none
aromatic erbs,none
"crust (flour blend [enriched flour {wheat flour, malted barley flour, niacin, reduced iron, thiamine mononitrate, riboflavin, folic acid}, whole wheat flour, certified organic spelt, multi-grain flour {whole white wheat flour, golden flaxseed meal, whole oat flour, rye meal}], water, breadcrumbs [wheat flour, sugar, yeast, salt], fresh yeast, honey, whole eggs, salt, soybean oil, olive oil (imported refined and extra virgin olive oil), sugar, whey)","wheat, gluten, soybeans, dairy"
chopped scallions,none
organic boneless,none
organic chicken liver,none
monoglycerides,none
"seasoning (water, soy sauce [water, soybeans, wheat, salt], sesame seed oil, sugar, ginger powder, white vinegar, sea salt, modified cornstarch, garlic powder, white pepper)","soybeans, wheat, sesame"
dressing: soybean oil,soybeans
saturated sunflower oil,none
"spice blend (corn starch, salt, monosodium glutamate, sugar, yeast extract, natural flavor, onion powder, spice, celery extract.)",celery
contains 2% or less of: modified food starch,none
seasoned cooked beef,none
"cooked seasoned chicken breast with rib meat (chicken breast meat with rib meat, water, rice starch, salt, vinegar)",none
"unbleached and enriched wheat flour (niacin, iron, thiamine, riboflavin, folic acid)","wheat, gluten"
"monterey jack cheese (pasteurized milk, cheese cultures, salt, enzymes, potato & corn starch [to prevent caking)",dairy
paprika and turmeric extracts (color),none
"dough conditioner (gum arabic, wheat flour, mono- and diglycerides, salt, contains 2% or less of the following: soybean oil, cellulose gum, guar gum, enzymes)","wheat, soybeans"
and sucralose,none
"spices (including chili pepper, oregano, annatto)",none
"ascorbic acid), bell pepper, spinach, red onion",none
(soybean and/or cottonseed),none
"cultured sour cream (nonfat milk, cream, corn starch-modified, guar gum, sodium citrate, carrageenan, locust bean gum, cultures)",dairy
"pretzel (wheat flour, water, canola oil, potato flour, salt, oat fiber, yeat, soda)",wheat
contains 2% or less than the following: salt,none
"graham flavored crunch (unenriched wheat flour, margarine [soybean oil, partially hydrogenated soybean oil, water, salt, whey, soy lecithin, soy mono- and diglycerides, sodium benzoate, artificial butter flavor, beta carotene, vitamin a palmitate], sugar, graham flour, brown sugar, partially hydrogenated soybean oil, honey powder [honey, high fructose corn syrup, wheat starch, corn syrup, soy flour], soy lecithin, water, artificial and natural flavors, salt, baking soda)","wheat, soybeans, dairy"
baby portabella mushrooms,none
"protein blend (whey protein isolate, milk protein isolate, whey protein concentrate, pea protein)",dairy
"raspberry juice (water, raspberry juice concentrate)",none
cooked red potatoes,none
certified organic crisp brown rice,none
"reduced fat cheddar cheese (pasteurized part-skim milk, cheese culture, salt, enzymes, annatto [vegetable color], vitamin a palmitate)",dairy
contains less than 2% of the following: garlic,none
chardonnay wine (with salt),none
stevia leaf extract (reb m),none
"stabilizer (mono & diglycerides, cellulose gum, carrageenan, xanthan gum, maltodextrin)",none
"raspberry juice (filtered water, fruit juice concentrates)",none
resinous glaze,none
"colors (red 40, blue 1)",none
ingredients: organic sprouted fermented pea protein powder,none
fruit and vegetable juice and beta carotene for color,none
organic romaine lettuce,none
contains 1% or less of peppermint oil,none
"hummus (fresh steamed chickpeas, water, sesame tahini, sunflower oil, olive oil, sea salt, garlic, citric acid, cumin, guar gum)",sesame
whole milk powder hydrogenated soybean oil,"dairy, soybeans"
whole grain mustard [black mustard seeds,mustard
"asiago cheese (cultured pasteurized part skim milk, salt, enzymes)",dairy
organic wheat germ,"gluten, wheat"
"non-gmo baking powder (sodium phosphate, sodium bicarbonate [baking soda], non-gmo corn starch)",none
"mayonnaise (soybean oil, egg yolks, water, distilled vinegar, sugar, salt)","soybeans, eggs"
"color (titanium dioxide, yellow 5, yellow 6)",none
contains 2% or less of sorbitol,none
onion and garlic powders,none
vegetable oil containing one or more of soy,soybeans
"parmesan cheese (pasteurized part-skim milk, cheese culture, salt, enzymes)",dairy
"decorations (sugar, corn starch, egg albumen)",eggs
"filling (sauteed kale [kale, extra virgin olive oil, onion, sunflower oil, garlic, salt, black pepper], cannellini beans, breadcrumbs [wheat flour, salt, natural yeast], roasted tomatoes, extra virgin olive oil, basil paste [basil, sunflower oil, salt, baking soda], lactose, red chili pepper sauce [red chili peppers, sunflower oil, extra virgin olive oil, sun dried tomatoes, basil, garlic, salt], salt)","wheat, lactose"
turmeric extract (color),none
natural flavor lactic acid,none
"unbleached wheat flour enriched (niacin, reduced iron, thiamine mononitrate, riboflavin, folic acid)","gluten, wheat"
corn syrup (from corn),none
"honey coating (sucrose, honey, wheat starch)","gluten, wheat"
"peppermint bits (powdered sugar [sugar, corn starch], coconut oil, vegetable juice [color], sunflower lecithin, salt, natural flavor, annatto extract [color])",none
"kombucha (water, sugar, active culture, black tea)",none
"leavening (sodium bicarbonate, ammonium bicarbonate, sodium acid pyrophosphate, monocalcium phosphate)",none
ascorbic acid (vitamin c) to protect color citric acid,none
"crust (enriched flour [wheat flour, malted barley flour, niacin, ferrous sulfate, thiamine mononitrate, riboflavin, folic acid], water, modified food starch, yeast, sugar, contains 2% or less of each of the following: palm oil, natural butter flavor, soy lecithin, salt, sodium bicarbonate, cellulose gum, guar gum, xanthan gum, wheat flour, ascorbic acid, enzymes, may contain: silicon dioxide, wheat starch, vital wheat gluten, soybean oil, monocalcium phosphate monohydrate)","gluten, wheat"
"strawberry filling (corn syrup, sugar, water, strawberries, modified cornstarch, pectin, citric acid, sodium citrate, sodium benzoate [preservative], artificial flavor, blue 1, red 40])",none
"milk chocolate (sugar, cocoa butter, nonfat dry milk, chocolate, butterfat [milk], soy lecithin, natural flavor)","dairy, soybeans"
bleached wheat flour and malted barley flour,"gluten, wheat"
organic coriander,none
"vegetable base (vegetable puree [onion, carrot, celery, garlic], salt, corn syrup corn starch, yeast extract, corn oil, sugar, tomato powder, natural flavor, wine [contains sulfites])","celery, **sulphites"
vegetable-sourced enzymes,none
"enriched flour (bleached wheat and malted barley flour, niacin, reduced iron, thiamine monitrate (vitamin b1), riboflavin (vitamin b2), folic acid)","gluten, wheat"
"dough conditioners (one or more of: sodium stearoyl lactylate, calcium stearoyl lactylate, monoglycerides, mono- and diglycerides, distilled monoglycerides, calcium peroxide, calcium iodate, datem, ethoxylated mono- and diglycerides, enzymes, ascorbic acid)",none
sodium hosphates,none
hydrolyzed wheat bran,"gluten, wheat"
brainpack: omega 3 dha (algal oil),none
cooking salt,none
(powdered cellulose to prevent caking)],none
"contains 2% or less of the following: tamari soy sauce (water, soybeans, salt, alcohol)",soybeans
"vitamins & minerals (ferric orthophosphate, niacinamide, zinc oxide, cyanocobalamin, folic acid, thiamine mononitrate, pyridoxine hydrochloride, riboflavin)",none
contains less than 2% of each of the following: potato starch,none
cultures},none
"garlic (garlic, water, soybean oil, phosphoric acid, sodium benzoate and potassium sorbate (preservatives))",soybeans
organic degerminated yellow corn flour,none
"fruit and vegetable juices for color (carrot, apple, blackcurrant)",none
"spices (chili pepper, red chili powder, cumin, oregano)",none
"enzymes]), sauce (water tomatoes salt spices",none
vegetable oil (palm and/or canola and/or soybean oil with tbhq for freshness),soybeans
seasoning blend [onion,none
"dijon mustard (grain vinegar, water, mustard seed, salt, spices)",mustard
dehydrated sweet red peppers,none
crunch topping: bleached wheat flour,"wheat, gluten"
color: fd&c red# 40,none
barley flakes,gluten
cultured pasteurized light cream and nonfat milk,dairy
smoked sausage with cheese: pork,dairy
contains 2% or less of the following: maltodextrin,none
barbeque flavor (natural hardwood smoke flavor),none
"precooked long grain enriched parboiled white rice (rice enriched with niacin, iron [ferric orthophosphate], thiamine [thiamine mononitrate], and folic acid)",none
"less than 2% of: parmesan cheese (part skim cow's milk, cheese cultures, salt, enzymes)",dairy
"dried soup stock (hydrolyzed soy protein, yeast extracts, flavor, natural flavoring, dried yeast, glycine, citric acid, sugar, salt, spice, maltodextrin)",soybeans
lactate,lactose
"vegetable oil (palm soybean, canola and/or palm kernel)",soybeans
"bleached enriched wheat flour (bleached flour, malted barley flour, niacin, reduced iron, thiamine mononitrate [vitamin b1], riboflavin [vitamin b2], folic acid)","wheat, gluten"
"potassium chloride), molasses, modified corn starch, sunflower oil, yeast extract, onion powder, natural smoke flavor and citric acid], sodium lactate, natural flavorings, and black pepper",none
sunflower and/or canola oil (contains ascorbic acid and rosemary extract for freshness),none
milk powder (skimmed),dairy
guava flavor,none
organic brown rice crisps,none
dipotassium phosphate,none
organic raw apple cider vinegar,none
contains less than 2% of the following: egg whites,eggs
"leavening (sodium acid pyrophosphate, sodium bicarbonate, monocalcium phosphate)",none
"leavening (sodium bicarbonate, sodium acid pyrophosphate, sodium aluminum phosphate)",none
"soup base (corn starch, sea salt, dried cane syrup, whey, onion, garlic, maltodextrin, spices, chicken broth, chicken fat, natural flavor, turmeric, black pepper)",dairy
rhamnosus coconut quinoa preparation: water,none
"imitation crabmeat [fish protein (pollock, whiting, cod and/or threadfin bream)",fish
contains less than 2% of food starch - modified,none
"milk chocolate candies (milk chocolate [sugar, cocoa butter, chocolate liquor whole milk powder, soy lecithin, salt, vanilla], sugar, less than 1% artificial coloring [includes red 40 lake, red 3, blue 2 lake, yellow 5 lake, blue 1 lake, yellow 6 lake], gum acacia, corn syrup, carnauba wax)","dairy, soybeans"
"cheddar cheese (milk, cultures, salt, enzymes)",dairy
"vegetable oil (contains one or more of the following: canola oil, corn oil, safflower oil, and/or sunflower oil)",none
"sour cream (cultured nonfat milk and cream, cornstarch, whey, guar gum, carrageenan, carob bean gum, enzymes)",dairy
paprika citric acid,none
"sweetened condensed milk (milk skim milk, sugar)",dairy
turmeric powder (for color),none
yogurt powder (skim milk and lactic acid),dairy
coconut meat,tree nuts
and active cultures with l acidophilus and b,none
"caramel pieces (sugar, glucose syrup (wheat))",wheat
"whipped topping (water, partially hydrogenated palm kernel oil, high fructose corn syrup, sugar, contains less than 2% of the following: carbohydrate gum, polysorbate 60, polyglycerol esters of fatty acids, salt, soy lecithin, sodium citrate, natural and artificial flavors, disodium phosphate, xanthan gum, modified corn starch, potassium sorbate and sodium benzoate to protect flavor, gelatin, citric acid, colored with beta carotene)",soybeans
"tomatoes (vine-ripened fresh tomatoes, salt, calcium chloride and citric acid)",none
"seasoning (dried turkey broth, salt, flavoring, instant coffee, sesame oil, sunflower oil)",sesame
"canadian style bacon water added chunked and formed from pork sirloin hips (cured with water, salt, potassium lactate, sugar, sodium phosphates, smoke flavoring, sodium diacetate, sodium erythorbate, sodium nitrite)",none
sugar ester,none
"brewed tea (water, organic black tea, spice extracts [cassia, ginger, cardamom, clove, anise, nutmeg, black pepper], natural flavors)",none
"dehydrated vegetables (garlic, onion, green bell pepper, tomato)",none
"jalapeno peppers (contains salt, acetic acid)",none
"flatbread strips (wheat flour, water, yeast, palm oil, salt, sugar, sunflower oil, onion powder, garlic powder, maltodextrin, spices, tomato powder, natural butter flavor [milk], carrot powder, yeast extract, celery powder, ascorbic acid, rosemary extract)","wheat, dairy, celery"
"candies (sugar, chocolate, nonfat dry milk, cocoa butter, hydrogenated palm kernel oil, lactose, milkfat, yogurt powder [cultured whey and nonfat dry milk], corn syrup, soy lecithin [an emulsifier], salt, natural and artificial flavors, corn starch, shellac, titanium dioxide [color], lactic acid, almonds, egg whites, honey, glycerin, dextrin, tapioca dextrin, red 40, yellow 5, blue 1, red 40 lake, yellow 5 lake, blue 1 lake, yellow 6, yellow 6 lake, blue 2 lake, blue 2, red 3, carnauba wax, gum arabic, white mineral oil, coconut oil)","dairy, lactose, eggs, peanuts, tree nuts"
pasilla peppers,none
whole passion fruit,none
"roasted butternut squash (butternut squash, canola oil)",none
ground chia,none
"semi-sweet chocolate chips (sugar, unsweetened chocolate, cocoa butter, soy lecithin, vanilla extract)",soybeans
"granola (whole grain oats, whole grain wheat, brown sugar, sunflower oil, invert sugar, coconut, honey, baking soda, natural flavor, whey and whey protein concentrate)","wheat, dairy"
contains 2% or less of whole wheat flour,wheat
le mongrass,none
spices (including chili pepper and thyme),none
dough conditioners,none
"artificially flavored vanilla wafers (wheat flour, sugar, soybean oil, palm oil, high fructose corn syrup, corn syrup, contains 2% or less of the following: food starch-modified, soy lecithin, salt, artificial flavor, baking soda, annatto and turmeric for color)","wheat, soybeans"
butter (cultured pasteurized cream) salt,dairy
less than 2%: sea salt,none
rice bran extract,none
glucono delta lactone as acidity regular,none
"bacon (cured with water, salt, sodium phosphate, sugar, sodium erythorbate, sodium nitrite, caramel color, natural and artificial flavoring)",none
"aged white cheddar cheese (milk, non-fat milk, whey, cream, bacterial culture, salt, microbial enzyme)",dairy
contains less than 2% of oat bran,none
skimmed milk power,"dairy, lactose"
"enriched degermed yellow corn meal (degermed yellow corn meal, niacin, iron [ferrous sulfate], thiamine mononitrate, riboflavin, folic acid)",none
"tomato (roasted tomato, diced tomato [tomatoes, calcium chloride, citric acid])",none
color (includes beta carotene) vitamins and minerals: calcium sulfate,none
organic brown rice vinegar,none
coating sugar,none
a potassium sorbate solution is added to protect the quality,none
"spinach tortilla (enriched bleached wheat flour [flour, niacin, reduced iron, thiamin mononitrate, riboflavin, folic acid], water, vegetable shortening [interesterified soybean oil, fully hydrogenated soybean oil], contains 2% or less of the following: spinach flavoring [maltodextrin, spinach powder, garlic powder, onion powder, spices, salt, modified food starch, dehydrated spinach, natural flavors, yeast extract, citric acid, sugar, yellow 5, yellow 6, blue 1, red 40], salt, mono- and diglycerides, dextrose, leavening [sodium bicarbonate, sodium aluminum phosphate, sodium aluminum sulfate], fumaric acid, yeast, preservatives [calcium propionate, potassium sorbate)","wheat, soybeans"
"bbq sauce (distilled vinegar, tomato paste, sugar, corn syrup, salt, mustard bran, natural hickory smoke flavor, molasses, spices, onion powder, sodium benzoate [preservative], garlic powder, celery seed, natural flavor)","mustard, celery"
"sweetened dried cranberries (cranberries, grape juice, blueberry juice concentrates)",none
organic cold-pressed pink grapefruit juice,none
"aged cayenne peppers (contains distilled vinegar, salt)",none
"filling: tomato puree (water, tomato paste)",none
"turmeric oleoresin), citric acid, disodium guanylate, disodium inosinate, blue cheese (cultured milk",dairy
sodium metabisulfite (to prevent discoloration),"sulphur dioxide, sulphites"
alpha-tocopherols preservative,none
chunk white albacore tuna,fish
olive oil garlic,none
"ginger paste (ginger, water)",none
mono diglycerides,none
"chicken base (cooked chicken with natural juices, salt, maltodextrin, chicken fat, sugar, dried whey, natural flavoring (dehydrated onion and spice extractives), turmeric)",**dairy
"dark chocolate flavored flakes (sugar, coconut oil, cocoa powder processed with alkali, palm kernel oil, cocoa powder, soy lecithin, salt, vanilla extract)",**soybeans
evaporated cane invert syrup,none
living yogurt cultures: l,**dairy
china,none
and natural and artificial flavor,none
tomato & cumin sauce: water,none
salt and ferrous gluconate to stabilize color,none
extractives of paprika & other spices,none
coffeeberry whole coffee fruit extract,none
roasted yellow bell peppers,none
guajillo peppers,none
organic edamame,none
"sweet onion dijon vinaigrette dressing (water, canola oil, sugar, dijon mustard [distilled vinegar, water, mustard seed, salt, white wine, citric acid, turmeric, tartaric acid spices], onion, sweet onion [sweet onion, vinegar, salt], white wine vinegar, salt, lemon juice concentrate, dried onion, spices, xanthan gum, natural flavor)",mustard
"organic buttermilk (organic buttermilk, organic skim milk)","dairy, gluten"
pure vegetable soya oil,**soybeans
"ginger puree (ginger, water, citric acid)",none
less than 2% of: canola oil,none
"coloring (caramel, annatto, turmeric)",none
sodium bisulfite and potassium sorbate added as preservatives,none
"partially hydrogenated vegetable oil (soybean, cottonseed, corn and/or canola oils)",**soybeans
amer pulp,none
onion juice,none
"artificial flavour (mango, strawberry, orange, pineapple)",none
"cherry flavor (water, modified food starch, artificial flavors, red 40, medium chain triglyceride, citric acid, sodium benzoate, blue 1, natural flavors)",none
crisp brown rice,none
and ascorbic acid added to maintain color,none
"peanut butter (ground peanuts, salt)",peanuts
tomatoes [water,none
palm kernel and hydrogenated palm kernel oil,none
"organic black beans ([water, organic black beans], salt)",none
"cooked white meat chicken (cooked white meat chicken, water, potassium lactate, sodium tripolyphosphate, salt)",none
"blue crabs (callinectes sapidus, callinectes bellicosus or callinectes toxotes)",fish
sodium carboxymethylcel- lulose,none
vegetable oil (contains one or more of the following soybean and/ or cottonseed),**soybeans
"protein crisps (isolated soy protein, tapioca starch, salt)",**soybeans
"turkey meatball (turkey, water, egg whites, bread crumbs [unbleached wheat flour, salt, yeast], parmesan cheese [pasteurized nonfat milk, salt, cheese cultures, microbial enzymes], dehydrated onions, cane sugar, salt, garlic powder, black pepper, parsley)","eggs, wheat, dairy"
pgpr (emulsifier)],none
cream cheese [pasteurized milk and cream,dairy
"honey toasted peanuts (peanuts, sugar, butter, honey & sea salt)","peanuts, dairy"
sodium erythorbate (made from sugar),none
purple carrot extract color,none
sodium phosphates,none
"salty caramel ribbon (corn syrup, water, sweetened condensed milk, [condensed milk, sugar], sweetened condensed skim milk [condensed skim milk, sugar], sugar, sea salt, pectin, sodium bicarbonate)",**dairy
"enriched flour (wheat flour, niacin, reduced iron, thiamin mononitrate, riboflavin. folic acid)",gluten
"peanuts (as defatted peanut flour, peanut butter and natural peanut oils)",peanuts
cold brew coffee concentrate,none
dried apple,none
"dough conditioners (sodium stearoyl lactylate, monoglycerides, ethoxylated mono and glycerides, mono and diglycerides, ascorbic acid, enzymes)",none
"wasabi (wasabi, horseradish, sorbitol, rapeseed, oil, salt, natural mustard oil)",mustard
"lemon cake (sugar, wheat flour, eggs, soybean oil, water, modified food starch sunflower oil, natural flavors wheat starch leavening {sodium acid pyrophosphate, sodium bicarbonate, corn starch monocalcium phosphate] dried soy milk, salt, wheat gluten, wheat protein isolate, distilled monoglycerides, cellulose gum, sunflower, lecithin [emulsifier])","wheat, eggs, soybeans, gluten"
ammonium bicarbonate},none
anchovy sauce,fish
"live probiotic cultures (bifidobacterium lactis bb-12 l. acidophilus la-5, l. casei, l. rhamnosus lb3)",none
"semi-sweet chocolate chips (sugar, unsweetened chocolate, dextrose, cocoa butter, soy lecithin, vanilla extract)",soybeans
cotton seed oil,none
"homimy grits (com, niacin, reduced iron, thiamin mononitrate, riboflavin, folic acid)",none
oil of peppermint},none
luke's organic potatoes,none
"vegetable oil blend (liquid soybean oil, partially hydrogenated soybean oil, may contain hydrogenated cottonseed oil)",soybeans
calcium disodium edta (to preserve color),none
"natamycin [natural preservative]), mild cheddar cheese (pasteurized milk",dairy
diced jalapeno peppers,none
"bacon (cured with: water, salt, sugar, sodium phosphates, sodium erythorbate, sodium nitrite and may contain one or more of the following: honey, soy sauce (water, wheat, soybeans, salt), hydrolyzed soy protein, flavorings, smoke flavoring, spice extractives)","soybeans, wheat"
vanillin (artificial flavoring),none
"soy sauce (water, sugar, salt, hydrolyzed corn and soy protein, caramel color, natural flavor, cultured dextrose, lactic acid, green tea extract, mustard oil)","soybeans, wheat, mustard"
"milk chocolate nonpareils (milk chocolate [sugar, cocoa butter, chocolate liquor, whole milk powder, lactose, soy lecithin, salt, vanilla], nonpareils [sugar, cornstarch, confectioner's glaze, red 3, red 40, carnauba wax, yellow 6, blue 2])","dairy, lactose, soybeans"
live & active cultures (l. bulgaricus & s. thermophilus),none
sea salt aged mozzarella cheese ingredients: pasteurized part skim cow's milk,dairy
"chocolatey chips (sugar, hydrogenated palm kernel oil, cocoa, cocoa processed with alkali, polysorbate 60, sorbitan monostearate, soy lecithin, salt, artificial flavor) modified corn starch",soybeans
sun dried tomato powder,none
"oatmeal cookies (brown sugar, wheat flour, palm oil, rolled oats, water, non-gmo corn starch, vanilla extract, salt, cinnamon) dextrose",wheat
"naturalboneless chicken breast with rib meat (boneless chicken breast with rib meat, water, less than 2% potato starch, sea salt)",none
soy and cottonseed oil,soybeans
"and beef (pork, mechanically separated chicken, beef, salt, spices, dextrose, lactic acid starter culture, oleoresin of paprika, sodium ascorbate, flavoring, sodium nitrite, bha, bht, citric acid)",none
"vegetable juice (black carrot, red cabbage) for color",none
"cultured whey (cultured whey, maltodextrin)",dairy
"emulsifier (propylene glycol mono- and diesters of fats and fatty acids, mono-and diglycerides, soybean lecithin, citric acid [preservative])",soybeans
"creamer (partially hydrogenated vegetable oil [coconut and soybean oils], corn syrup solids, sodium caseinate [a milk derivative], sugar, dipotassium phosphate, mono- and diglycerides, sodium silicoaluminate, sodium stearoyl lactylate, soy lecithin, artificial flavor, annatto, turmeric)","dairy, soybeans"
"creamy enchilada sauce (water, green chiles [green chile peppers, water, calcium chloride, citric acid, salt], onion, cooking wine [wine, salt], chicken base [chicken meat with chicken juices, corn oil, autolyzed yeast extract, sugar, salt, maltodextrin, natural flavoring, potato starch, turmeric {color}], heavy cream [carrageenan], swiss cheese [part-skim milk, cheese cultures, enzymes, salt], modified corn starch, garlic [garlic, citric acid], soybean oil, dehydrated soy sauce [soy sauce {wheat, soybeans, salt}, maltodextrin, salt], spices, cilantro concentrate [cilantro, maltodextrin, sugar, salt, natural flavoring, canola oil, corn starch])","dairy, soybeans, wheat"
"clam base (clams and clam stock, salt, maltodextrin, butter [cream salt], dried whey, sugar, dried potatoes, hydrolyzed soy and wheat proteins, dried soy sauce [(wheat, soybean, salt), maltodextrin, salt], potato starch, natural flavoring, onion powder, disodium inosinate and disodium guanylate, yeast extract)","fish, wheat, soybeans, dairy"
sprouted chia seed,none
contains 2% or less turmeric (color),none
"peanuts (peanuts, canola and/or peanut and/or cottonseed oil, sea salt)",peanuts
"truly grass fed protein blend (whey protein isolate 91%, milk protein 9%)","dairy, lactose"
white flour,"gluten, wheat"
organic chicken protein concentrate,none
(fd&c) yellow no,none
(cyanocobalamin),none
"asian-style sesame dressing (expeller pressed soybean oil, water, sugar, soy sauce [water, soybeans, wheat, salt], distilled vinegar, sesame seed oil, salt, pineapple juice concentrate, sesame seeds, xanthan gum, spice, carrageenan, oleoresin rosemary)","soybeans, wheat, sesame"
"enriched wheat flour bleached (flour, niacin, reduced iron, thiamine mononitrate, riboflavin, folic acid)","gluten, wheat"
natural lemon flavors,none
pizza spice blend [salt,none
contains 2% or less of the following: whole grain rye flakes,none
and fd&c certified food color,none
soybean oil and onion,soybeans
an anti-foam agent,none
"pasteurized processed cheddar cheese (cheddar cheese [cultured milk, salt, enzymes], water, cream, sodium phosphates, salt, beta carotene [color], natamycin)",dairy
dried chicken meat,none
leavenings (sodium bicarbonate and amonium bicarbonate),none
dried seaweeds,none
sunflower oil (expeller pressed),none
arborio wide grain rice,none
sugar salt,none
"toasted rounds ingredients: enriched flour (wheat flour, malted barley flour, niacin, reduced iron, thiamine mononitrate, riboflavin, folic acid)","wheat, gluten"
hydrogenated vegetable oil [palm kernel oil and soybean oil],soybeans
tapioca fiber syrup,none
"buns: enriched flour (wheat flour, malted barley flour, niacin, reduced iron, thiamine mononitrate, riboflavin, folic acid)","wheat, gluten"
"color (fd&c blue #2 lake, fd&c red #40 lake, fd&c red #3, fd&c yellow #6)",none
filling: white meat chicken,none
"peanuts (peanuts, cottonseed and peanut oil, salt)",peanuts
tomatoes juice,none
vegetable oil (peanut and/or cottonseed and/or palm),peanuts
"thiamine [thiamine mononitrate] and folic acid), chicken flavor (salt",none
"enriched unbleached flour (wheat flour, malted barley, niacin, iron, thiamine, riboflavin, folic acid)","wheat, gluten"
pretzel: wheat flour,"wheat, gluten"
sorbitol syrup,none
"""""parmigiano reggiano"""" cheese 5%",dairy
dextrose food starch-modified,none
roasted red & green peppers,none
natural flavors,none
ingredients may vary; bacon ranch dressing: canola oil,none
organic peach juice concentrate,none
carbometylcellulose,none
dried orange pulp,none
raw sunflower seed,none
d-alpha tocopherol (natural vitamin e),none
strawberry ice cream ingredients: milk,dairy
cake also contains: soybean oil,soybeans
butter (cow's milk),dairy
contains less than 2% of whey solids,dairy
"strawberry base (strawberries, fruit juice (for color), citric acid)",none
5 and fd&c yellow no,none
contains 1% or less of: natural and artificial flavor,none
"kalamata olives (kalamata olives, water, salt, red wine vinegar, olive oil)",none
reb-a (stevia extract),none
confectioner's glaze carnauba wax,none
monk fruit sweetener (erythritol and monk fruit extract),none
peaches and/or apricots (preserved with sulfur dioxide),**sulphur dioxide
"medium asiago cheese (milk, salt, cheese culture, enzymes)",dairy
ingredients: diced tomatoes in tomato juice,none
dried butter (cream),dairy
yellow sweet corn,none
"cream cheese (pasteurized milk and cream, cheese culture, salt, carob bean gum, xanthan gum, guar gum)",dairy
jack daniel's tennessee honey liqueur,none
"batter: enriched wheat flour (wheat flour, niacin, reduced iron, thiamine mononitrate, riboflavin, folic acid)","wheat, gluten"
"seasoning (sugar, salt, spices, brown sugar, onion powder, garlic powder, vinegar, salt, sodium phosphate",none
"manchego cheese (pasteurized sheep's milk, cheese cultures, enzymes, salt)",dairy
corn syrup and sodium bicarbonate,none
fire roasted bell peppers,none
organic ice cream: pasteurized organic milk,dairy
"flour (enriched wheat flour (niacin, reduced iron, thiamine mononitrate, riboflavin, folic acid], malted barley flour), vegetable oil (highly refined palm oil, highly refined peanut oil), cocoa powder (processed with alkali), contains 2% or less of highly refined hazelnut oil, vanilla bean, rice flour, soy flour, whey (milk), sugarcane molasses, soy lecithin, salt, corn starch, natural flavors","wheat, soybeans, dairy, peanuts, tree nuts"
high oleic soybean oil,soybeans
"vegetable oil (contains one or more of the following: corn, cottonseed, sunflower, or canola oil)",none
vegetable oil (palm and/or soybean and/or canola oil),soybeans
"air-dried veggies (spinach, potatoes, onions) garlic",none
"yogurt raisins (yogurt coating (sugar, partially hydrogenated vegetable oil (palm kernel, coconut, palm), nonfat milk, yogurt powder (cultured whey and nonfat milk), artificial color (titanium dioxide), lactic acid, soy lecithin (an emulsifier) and vanillin (an artificial flavoring)), raisins, confectioner's glaze (shellac), gum arabic, corn syrup)","dairy, soybeans, tree nuts"
convectioner's glaze,none
tricalcium phosphate (lemonade only),none
contains 2% or less of: natural peppermint flavor,none
cane sugar syrup,none
"cutting board collection cheddar and mozzarella style shreds (filtered water, tapioca starch, coconut oil, expeller pressed: canola and/or safflower oil, vegan natural flavors, chickpea protein, salt, potato protein, tricalcium phosphate, lactic acid (vegan), konjac gum, xanthan gum, yeast extract, annatto color, turmeric color, fruit and/or vegetable juice color, inactive yeast, potassium chloride)",dairy
inverted sugar,none
paprika and extract of turmeric (color),none
contains less than 1% of acai juice powder,none
organic granulated onion,none
"turkey sausage (turkey, water, potato starch, salt, dextrose, sugar, spices)",none
diacetyl tartaric acid esters of monoglycerides,none
"enriched flour (wheat flour, malted barley flour, niacin, ferrous sulfate or reduced iron, thiamine mononitrate, riboflavin, folic acid)",wheat
high oleic canola oil and/or sunflower oil,none
"chili powder (chili pepper, spices, salt, dehydrated garlic)",none
starter culture (rhizopus oligosporus),none
organic vegetable oil (organic sunflower and/or organic safflower),none
contains: wheat,"wheat, gluten"
organic sprouted amaranth,none
"colors (blue 1 lake, annatto (color), red 3, red 40, blue 1, blue 2 lake, red 40 lake, yellow 5, yellow 5 lake, yellow 6, yellow 6 lake)",none
"contains less than 2% of the following: enriched unbleached wheat flour (flour, niacin, reduced iron, thiamine mononitrate, riboflavin, folic acid)",wheat
"bridge mix: milk chocolate (sugar, cocoa butter, milk, chocolate liquor, soy lecithin [an emulsifier], artificial flavoring and salt)","dairy, soybeans"
whole cultivated blueberries,none
organic whole quinoa,none
colors (titanium dioxide),none
paprika [color],none
"blue 1 lake), hydrogenated vegetable oil (coconut and palm kernel oils), salt, contains less than 0. 5% of natural and artificial flavor, red 40, red 3, blue 1, yellow 6. vitamins and minerals: niacinamide, reduced iron, zinc oxide (source of zinc), vitamin b6, vitamin a palmitate, riboflavin (vitamin b2), thiamin mononitrate (vitamin b1), folic acid, vitamin b12, vitamin d",none
black tea kombucha culturea1,none
contains less than 2% of: green bell peppers,none
"pepperoni (pork, salt, contains 2% or less of spices, dextrose, seasoning [extractives of paprika, flavoring, citric acid], garlic powder, sodium ascorbate, lactic acid starter culture, sodium nitrite, bha, bht)",none
"sesame sticks (enriched wheat flour [wheat flour, malted barley flour, niacin, reduced iron, thiamine mononitrate, riboflavin, folic acid], soybean oil, sesame seeds, bulgur wheat, salt, beet powder [color], turmeric [color])","wheat, sesame"
"pinto beans (water, pinto beans, soybean oil, onion, sea salt, serrano peppers, onion powder, garlic powder)",soybeans
"seasoning (sugar. maltodextrin, salt, garlic powder white distilled vinegar, citric acid, malic acid, oil of dillweed, spice extractives)",none
"natural sprinkles (cane sugar, palm kernel and palm oil, corn starch, vegetable juice, sunflower lecithin, annatto extract, spirulina extract, turmeric, beta-carotene, paprika oleoresin, maltodextrin, carnauba wax, cellulose gum)",none
"sugar cookie mix: enriched wheat flour (wheat flour, malted barley flour, niacin, reduced iron, thiamine mononitrate, riboflavin, folic acid)",wheat
hydrolyzed wheat gluten protein,"wheat, gluten"
gelling agent: pectins; corn starch,none
basil,none
natural grain vinegar,none
"jalapeno (jalapeno, water, vinegar, salt)",none
non-gmo cane sugar,none
hot banana peppers,none
"metamyosyn protein blend (whey protein isolate, milk protein isolate, whey protein concentrate, dried egg white)","dairy, eggs"
sugar and halves of cherry with carmine colorant,none
"stabilizer (food starch modified, cellulose gum, dextrose, carrageenan, gum arabic, citric acid, tricalcium phosphate, silicone dioxide)",none
dough conditioner,none
outside shell: wheat flour,"wheat, gluten"
"mozzarella cheese and modified cornstarch (mozzarella cheese [cultured milk, salt, enzymes], modified cornstarch, sodium citrate, flavors, annatto)",dairy
salt added,none
food service fresh potatoes,none
"lemon powder (dextrose, lime powder)",none
fresh potatoes flakes 86%,none
sea salt & cracked black pepper,none
natural black licorice flavor,none
organic grass-fed whey protein,dairy
fresh pasilla peppers,none
"vegetable oil spices (cumin, pepper)",none
"sour cream (cultured grade a milk, grade a cream, contains 2% or less of modified food starch, sodium phosphate, guar gum, carrageenan, sodium citrate, locust bean gum, gelatin, potassium sorbate {to maintain freshness})",dairy
glycolipids (to maintain freshness),none
"modified food starch (corn, potato, tapioca)",none
"white chocolate (sugar, cocoa butter, milk, nonfat milk, milkfat, soy lecithin, vanilla extract)","dairy, soybeans"
contains 2% or less of hemp protein,none
glutamate,none
canola oil and/or coconut oil and/or soybean oil,soybeans
palm oil and less than 2% of malic acid,none
egg whites (98%),eggs
"baking powder (calcium acid pyrophosphate, sodium bicarbonate, cornstarch, monocalcium phosphate monohydrate, calcium sulphate)",none
citric acid (ph regulator),none
habanero puree,none
organic white rice flour,none
contains less than 2% of peanut oil,peanuts
organic dextrose (from tapioca),none
cage free eggs,eggs
"""""gravy"""" - water",none
added: red 40,none
"caramel (corn syrup, sugar, nonfat milk, partially hydrogenated vegetable oil [soybean and cottonseed], butter [cream, salt], salt, natural flavor, mono and diglycerides, soy lecithin [emulsifier], artificial flavor, xanthan gum) candy cane (sugar, corn syrup, titanium dioxide, pure peppermint oil, fd&c red 40)","dairy, soybeans, wheat"
hard red wheat,"wheat, gluten"
"semisweet chocolate chips (sugar, chocolate liquor, cocoa butter, dextrose, soy lecithin, salt, artificial flavor)",soybeans
soy lecithin as an emulsifier,soybeans
"pasteurized process cheddar cheese (cheddar cheese [pasteurized milk, cheese culture, salt, enzymes], water, milkfat, sodium phosphate, sodium hexametaphosphate, salt, artificial color)",dairy
less than 1% of: dipotassium phosphate,none
omega oil,none
yellow summer squash,none
"cooked chicken roll (chicken, water, salt, sodium tripolyphosphate)",none
annatto color},none
"colors (yellow 5 & 6, red 3 & 40, blue 1, titanium dioxide)",none
80% goat's milk,dairy
active dry yeast with sorbitan monostearate,none
"sodium bicarbonate), xanthan gum, salt, and spice extract. par-fried with clear liquid frying shortening (fully refined soybean oil",soybeans
"cinnamon honey roasted sesame sticks [enriched wheat flour (unbleached wheat flour, malted barley flour, niacin, reduced iron, thiamine mononitrate, riboflavin, folic acid)","wheat, gluten, sesame"
"cheddar cheese (pasteurized cultured milk, salt, enzymes)",dairy
sodium propionate and potassium sorbate and sodium benzoate and sorbic acid (preservatives),none
cilantro and vanilla extract,none
hickory smoke flavoring],none
"gravy mix (food starch-modified, palm oil, maltodextrin, enriched bleached flour [wheat flour, niacin, reduced iron, thiamin mononitrate, riboflavin, folic acid], salt, corn syrup solids, sugar, contains less than 2%: black pepper, high oleic sunflower oil, sodium caseinate [a milk derivative], hydrolyzed vegetable protein [corn, soy, and/or wheat], autolyzed yeast extract, mono glycerides, natural and artificial flavor, sodium citrate, potassium chloride, carrageenan, disodium guanylate, disodium inosinate, color added)","wheat, dairy, soybeans"
"crackers (unbleached enriched flour [wheat flour, niacin, reduced iron, thlamino mononitrate (vitamin b1), riboflavin (vitamin b2), folic acid], canola oil, palm oil, sugar, salt, leavening [calcium phosphate, baking soda] high fructose corn syrup, soy lecithin, natural flavor)","wheat, soybeans"
vegetable annatto color,none
white meat chicken water,none
"soy sauce (water, wheat, soybeans, salt, sodium benzoate [as preservative])","wheat, soybeans"
"margarine (partially hydrogenated soybean and cottonseed oils, salt, mono and diglycerides, colored with annatto/turmeric, calcium disodium edta as a preservative, artificial flavor, vitamin a palmitate)",soybeans
"seasoning (water, sunflower oil, potato starch, casein, salt)",dairy
"organic vegetables (organic carrot, organic celery, organic onion)",none
contains less than 2% of: paprika and other spices,none
maltodextrin (derived from corn starch),none
grade a skim milk,dairy
whole grain yellow corn,none
"monocalcium phosphate) soy lecithin, salt, mono- and diglycerides, butter (made from milk), distilled monoglycerides, natural and artificial flavor, caramel color, propylene glycol mono-and diesters of fats and fatty acids, caffeine, xanthan gum, lactylic esters of fatty acids, calcium sulfate, cinnamon, nutmeg, sorbic acid and potassium sorbate (to retard spoilage)","dairy, soybeans, wheat"
apo-carotenal for color,none
lactis dn 173-010/cncm 1-2494,none
"contains less than 2% of: hot sauce (aged peppers, vinegar, salt)",none
soluble cornfiber,none
"organic chicken broth (water, organic concentrated chicken broth)",none
approved spices,none
"spices (including chili pepper, black pepper, and celery seed)",none
"filling (ricotta (whey, whole milk, cream, vinegar), dried cherry tomatoes (tomatoes, salt), whey, tomato paste (tomatoes, citric acid), burratta cheese (pasteurized milk, pasteurized cream, vinegar, enzymes, salt), mozzarella cheese (pasteurized cultured milk, salt, enzymes), chicory root fiber, bread crumbs (wheat flour, yeast, salt), heavy cream (cream), unsalted butter (cream), cornstarch, parmesan cheese (pasteurized cultured milk, salt, enzymes), 2% or less of basil blend (genovese basil, sunflower oil, salt), vegetable fiber, salt, nonfat dry milk, garlic, natural flavors)","dairy, wheat"
curry (proprietary),none
dextrose & salt,none
"dehydrated vegetables (corn, onion, bell peppers, tomatoes and parsley)",none
"shortening (canola, palm, fractionated palm and palm kernel oils, monoglycerides, polysorbate 60)",none
"raspberry puree (sugar, red raspberry puree, glucose syrup, raspberry puree concentrate, coloring food [concentrates of carrot & black currant], pectin [gelling agent], citric acid [acidifier], potassium sorbate [preservative], carmine [color], natural flavor)",none
small white beans,none
red and green bell peppers (dried),none
"waffle style bread (whole wheat flour, enriched flour [wheat flour, malted barley flour, niacin, reduced iron, vitamin b1 (thiamin mononitrate), vitamin b2 (riboflavin), folic acid], sugar, water, soybean oil, yeast, wheat starch, yellow corn flour, brown sugar [sugar, molasses], salt, natural flavors, nonfat milk, buttermilk solids, modified corn starch, fructose, dough conditioner [isolated soy protein, mono- and diglycerides, modified cellulose, soy lecithin], dried molasses, carrot juice concentrate for color, apple juice concentrate for color)","wheat, dairy, soybeans"
organic soluble fiber (from tapioca),none
nonfat,none
hemp seed,none
citric acid and sodium benzoate 0,none
organic high oleic sunflower and/or safflower oil,none
edta added as a preservative,none
"butter toffee peanuts (roasted peanuts [peanuts, expeller pressed oils {canola, peanut and/or safflower seed}], cane sugar, butter [cream, natural flavors], sea salt)","peanuts, dairy"
raising agent [ammonium bicarbonate e503,none
"artificial colors (yellow 6 lake, blue 1 lake, yellow 5 lake, yellow 5, red 3, red 40, blue 1)",none
sprouted pumpkin seeds,none
less than 2% of cilantro,none
natural flavor (with maltodextrin and succinic acid),none
"dark chocolate (unsweetened chocolate processed with alkali, cane sugar, soy lecithin)",soybeans
partially hydrogenated soybean and/or cottonseed oils,soybeans
coffee carob bean gum,none
"all natural ingredients: diced tomatoes (citric acid, calcium chloride)",none
organic expelled pressed sunflower oil,none
contains 1% or less of: artificial flavors,none
"strawberry topping (high fructose corn syrup, strawberries, apple powder, citric acid, pectin, natural flavor, calcium citrate, sodium benzoate [preservative], red #40)",none
mixed tocopherols (vitamin e for freshness),none
"stabilizer (guar gum, sorbitol and vegetable glycerine)",none
orange peel paprika oleoresin (color),none
organic expeller pressed sunflower seed and/or organic expeller pressed safflower seed oil,none
berry bomb: citric acid,none
cocoa [processed with alkali],none
"yogurt coating (sugar, palm kernel oil, nonfat milk, yogurt culture, soy lecithin, salt, vanilla, titanium dioxide, gum arabic, confectioner's glaze)","dairy, soybeans"
"color (caramel, turmeric)",none
cultured cream & milk,dairy
guacamole: hass avocado,none
non-fat dried milk,dairy
"seasoning (corn starch, modified cornstarch, garlic, maltodextrin, onion, sugar, methylcellulose, tomato powder, fructose, yeast extract, chipotle chili pepper, spice, parsley, soybean oil, citric acid, lime juice powder [contains lime juice & lime oil], white distilled vinegar, paprika extract [color])",soybeans
"broth base (soy sauce (water, soybeans, wheat, salt, alcohol), water, concentrated chicken broth, pork extract, salt, soybean oil, hydrolyzed corn protein, fermented wheat protein (wheat protein, salt, maltodextrin), sugar, alcohol, oyster juice concentrate, yeast extract, bonito extract, caramel color, disodium inosinate, disodium guanylate, xanthan gum, onion powder, garlic powder, spice, succinic acid)","soybeans, wheat"
"color added (includes: yellow 5, red 40, blue 1)",none
canadian spring water,none
instant black tea,none
"organic mixed berry puree (organic strawberry, organic blackberry, organic raspberry)",none
"candy gems (dark chocolate [sugar, chocolate liquor, cocoa butter, milk fat, soy lecithin, vanillin (artificial flavor)], sugar, artificial coloring (red 40 lake, yellow 5 lake, yellow 5, blue 1, blue 1 lake), corn syrup, gum arabic, confectioner's glaze)","dairy, soybeans"
"rainbow sugar (sugar, confectioner's glaze [shellac], red 3, carnauba wax, yellow 6, red 40, blue 2, yellow 5, blue 1)",none
bisulfites,"sulphur dioxide, sulphites"
"caramel flavored confectionery spread (corn syrup, sweetened condensed milk [condensed milk, sugar], water, palm oil, cream, glycerin, pectin, salt, disodium phosphate, soy lecithin, natural and artificial flavor, carrageenan, preservative [potassium sorbate])","dairy, soybeans"
stone ground blue corn,none
water distilled vinegar,none
"high fructose corn syrup and 2% or less of each of the following: concentrated juices (pineapple, apple, concord grape, orange, passionfruit)",none
organic garlic powder organic black pepper,none
whole grain sorhum,none
citric and malic acids from fruit,none
"vegetable oil (contains one or more of the following: corn oil, cottonseed oil, or sunflower oil)",none
pimento paste [water,none
"dough conditioners (fumaric acid, sodium metabisulfite and/or mono- and diglycerides)",**sulphites
dry vinegar,none
creamer: corn syrup solids,**dairy
"color (fd&c yellow #6, fd&c blue #1, fd&c red #40)",none
"strawberry puree (strawberries, sugar, water, natural flavors, guar gum, citric acid, carrageenan)",none
"reconstituted vegetable juice blend (water and concentrated juices of tomatoes, carrots, celery, beets, parsley, lettuce, watercress, and spinach)",none
"enriched bleached wheat flour (bleached wheat flour, niacin, reduced iron, thiamine mononitrate [vitamin b1], riboflavin [vitamin b2], folic acid)","wheat, gluten"
potassium benzoate (to ensure freshness),none
"pasta (durum wheat, water, egg white)","eggs, wheat"
split baby garbanzo beans,none
organic cracked wheat,none
contains 2% or less of ground cinnamon ground ginger ground cloves,none
"sweet & sour sauce (water, sugar, white wine vinegar, pineapple juice concentrate, cornstarch, contains 2% or less of hot sauce (aged cayenne red peppers, vinegar, salt and garlic), salt, ginger, garlic, extractive of paprika, xanthan gum, natural flavors)",none
riboflavin vitamin b2,none
"coconut water from concentrate (water, coconut water concentrate)",none
matcha green tea powder,none
"cinnamon sugar coating (dextrose, corn starch, palm oil, cinnamon, titanium dioxide [color], wheat starch, hydrogenated cottonseed oil, artificial flavor, potassium sorbate and calcium propionate [preservatives])",wheat
organic tapioca dextrose,none
"biscuit crumb (22%): (fortified wheat flour (wheat flour, calcium carbonate, iron, vitamin b3: nicotinamide, vitamin b: thiamine), wholemeal wheat flour, vegetable shortening (palm rspo oil, rapeseed oil), sugar, partially invert sugar syrup, raising agents (sodium bicarbonate), salt)",wheat
chocolate [unsweetened chocolate (processed with alkali),none
organic yogurta (organic cultured pasteurized milk),dairy
"pizza sauce (crushed tomatoes [water, crushed tomatoes], tomato paste, salt, sunflower oil, extra virgin olive oil, citric acid, spices, granulated garlic, sodium benzoate and potassium sorbate added as preservatives)",none
shredded toasted coconut,tree nuts
freeze dried boysenberries,none
organic palm shortening,none
"baking powder (sodium acid pyrophosphate, sodium bicarbonate, wheat flour1)","wheat, gluten"
contains less than 2%: sorbitol,none
monoglycerides with ascorbic acid and citric acid (antioxidants),none
"lime juice (water, lime juice from concentrate)",none
fennel seed powder,none
carboxymethylcellulose sodium,none
"organic diced tomatoes (tomatoes calcium chloride, citric acid)",none
annatto (vegetable color)],none
fried onion,none
calcium chloride added as a firming agent and calcium disodium edta added to promote color retention,none
"cheddar cheese (milk, cheese cultures, salt, enzymes)",dairy
annatto (vegetable extract),none
organic celery juice concentrate,celery
natural flavor and turmeric oleoresin,none
"lemon garlic herb butter (pasteurized cream, roasted garlic, canola oil, garlic puree [garlic, citric acid], lemon juice, parsley, onion salt, garlic salt, black pepper, oregano, basil, chives)",dairy
100% canola oil,none
"semisweet chocolate chips (sugar, unsweetened chocolate, anhydrous dextrose, cocoa butter, soy lecithin)",soybeans
"dough conditioners (may contain one or more of the following: mono- and diglycerides, ethoxylated mono- and diglycerides, sodium stearoyl lactylate, calcium peroxide, datem, calcium iodate, ascorbic acid, azodicarbonamide, enzymes)",none
white peppercorn ground,none
"contains 2% or less of leavening (baking soda, yeast)",none
chicken meat,none
cobalamine [vitamin b pyridoxine hydrochloride [vitamin b6],none
organic schizandra berry,none
spelt kernels,gluten
contains less than 1% of: artificial color++,none
water and carbon dioxide,none
red wheat bran,gluten
"milk chocolate chips (sugar, cocoa butter, whole milk powder, chocolate liquor, soy lecithin, vanillin [an artificial flavoring])","dairy, soybeans"
contains less than 2% of carob bean gum,none
vegetable oil (soybean oil or canola oil),soybeans
"color (titanium dioxide, fd&c red #40, fd&c yellow #5, fd&c blue #1, fd&c yellow #6)",none
fruity gummies: sugar,none
"sherry wine (sherry wine, salt)",none
"lemon juice (water, lemon juice powder [corn syrup solids, lemon juice solids, natural flavor, bht])",none
"seasonings (spices, jalapeno peppers, dextrose, sodium phosphates, garlic powder)",none
"sweet cooking rice wine (water, mirin [rice, alcohol, salt, enzymes, koji {aspergillus oryzae}], dextrose, corn syrup solids, lactic and succinic acids)",none
"sweet pickle relish (cucumber, sugar, distilled vinegar, salt, calcium chloride, xanthan gum, natural flavors, and gum arabic)",none
"romano cheese (milk, bacterial culture, salt, rennet and/or and/or microbial enzyme, lipase, cellulose, sorbic acid, (may contain calcium chloride), spices, citric acid",dairy
"distilled vinegar (ethyl alcohol, dextrose, water)",none
anchovy (fish),fish
sodium acid pyrophosphate (added to preserve color),none
"grapefruit puree (water, orange pulp, concentrated grapefruit juice, citric acid, beet extract [color], natural flavors)",none
romano cheese [milk,dairy
pesto vinaigrette canola oil,none
"chocolate candy pieces (semi-sweet chocolate chips [sugar, chocolate liquor, cocoa butter, soy lecithin, natural flavor], sugar, cocoa, yellow 5 lake, red 40 lake, blue 2 lake, confectioner's glaze [shellac] carnauba wax)",soybeans
"turkey (turkey breast meat, turkey broth, contains 2% or less salt, vinegar, sodium lactate, corn syrup solids, modified food starch, sugar, sodium phosphate, pepper)",none
"parmigiano reggiano cheese (part-skimmed cow's milk, salt, rennet)",dairy
cracked barley,none
bht added as a preservative,none
disodium dihydrogen pyrophosphate (to retain color),none
butternut squash (usa),none
honey evaporated cane sugar,none
tex-mex seasoning [salt,none
"fully cooked sliced chicken breast (chicken breast, water, salt, sugar, soybean oil, rice starch, sodium bicarbonate, dry vinegar, dextrose, potassium lactate, natural flavorings, dehydrated chicken broth, dehydrated yeast, chicken fat, canola oil, cottonseed oil)",soybeans
enzyme modified blue cheese,dairy
mono & diglycerides (vegetable),none
"milk chocolate (pure cane sugar, full cream milk, cocoa butter, cocoa beans, soys lecithin-an emulsifier, vanilla beans)","dairy, soybeans"
organic cold pressed sunflower seed oil,none
"folic acid), sugar, leavening (baking soda",none
and artificial color (yellow #5 and yellow #6),none
"crust (enriched wheat flour [wheat flour, ferrous sulfate, niacin, thiamine mononitrate, riboflavin, folic acid, enzyme], water, beer [water, barley, malt, corn, maltose, yeast, hops], rye flour, soybean oil, yeast, vital wheat gluten, contains 2% or less of the following: honey, butter [pasteurized cream, natural flavors], vinegar, oat bran, salt, encapsulated baking soda [sodium bicarbonate, palm oil, hydrogenated soybean oil], cultured whey, whey, seasoning [fractionated coconut oil, flavors, ethylalcohol, triethyl citrate, and propylene glycol], molasses, sour flavoring (corn starch, wheat flour, fumaric acid, salt, sodium silico aluminate (a processing aid), lactic acid, acetic acid, soy lecithin and canola oil, dough conditioner [wheat flour, ascorbic acid, enzymes]), beer cheese sauce (water, beer cheese seasoning [whey, modified corn starch, beer flavor {maltodextrin, beer (malted barley, corn syrup, hops, yeast)}, creamer powder {coconut oil, corn syrup solids, sodium caseinate, dipotassium phosphate, mono and diglycerides}, salt, natural flavors, torula yeast, sugar, onion powder, extractives of annatto and turmeric]), whole milk mozzarella cheese (pasteurized milk, cheese cultures, salt, enzymes), hot italian sausage (pork, spices and spice extractives, water, salt, corn syrup solids, dextrose, garlic, paprika, sodium phosphates, caramel color, bha, bht, citric acid), pepperoni (pork, beef, salt, contains 2% or less of spices, dextrose, lactic acid starter culture, oleoresin of parika, sodium nitrite, bha, bht, citric acid, may contain: dehydrated garlic, flavoring, sodium ascorbate), parmesan and romano cheese blend (parmesan cheese [pasteurized milk, cheese cultures, salt, rennet), romano cheese [pasteurized cow's milk, cheese cultures, salt, rennet])","wheat, gluten, dairy"
maltodextrin almonds,tree nuts
milk powder,dairy
mixed tocopherols (preservative),none
corn flour (processed with lime),none
sodium benzoate & potassium sorbate (as preservatives),none
"mozzarella cheese (pasteurized cow's milk, cheese culture, salt, enzymes)",dairy
"vegetable base (carrots, onions, celery, salt, sugar, maltodextrin, corn oil, yeast extract, natural flavorings, potato starch)",none
garlic pepper,none
carrot juice and salt,none
carbonated water,none
contains 2% or less of: red wine vinegar,none
canola/soybean oil,soybeans
"chipotle cheese powder (sea salt, tomato powder, whey, evaporated cane sugar, cheddar cheese (milk, salt, cheese cultures, enzymes), garlic powder, rice flour, yeast extract, onion powder, buttermilk, salt, green bell pepper, chipotle powder, maltodextrin, disodium phosphate, spices, lactic acid, citric acid, extractive of paprika color, calcium lactate, extractive of tomato, natural flavors, nonfat milk)",dairy
"leavening (sodium aluminum phosphate, sodium bicarbonate, sodium acid pyrophosphate, monocalcium phosphate)",none
beta carotene and vegetable juice (for color),none
carrageenan red 40,none
whey protein concentrate (milk),dairy
"mustard (water, vinegar, mustard seed, salt, sugar, soybean oil, turmeric, and paprika, annatto, garlic, spices, xanthan gum, calcium disodium edta; retains product freshness, natural flavor, citric acid)","mustard, soybeans"
"enriched durum flour (durum flour, iron, niacin, thiamine, riboflavin, folic acid)",gluten
fresh red ripe tomatoes,none
"salsa verde (tomatillos, jalapeno peppers, onions, iodized salt, cilantro and citric acid)",none
"fudge swirl (corn syrup, sugar, water, palm oil, unsweetened chocolate processed with alkali, cocoa processed with alkali, pectin, mono & diglycerides, polysorbate 80)",none
blue #1,none
ingredients: butter (cream),dairy
"protein blend (milk protein isolate, whey protein isolate)",dairy
"roasted red pepper hummus (chickpeas [chickpeas, water, salt], vegetable oil [canola oil, olive oil], roasted red peppers [red pepper, water, salt, citric acid, calcium chloride], tahini [ground sesame], cultured dextrose and maltodextrin, garlic, citric acid, paprika [color], salt, spice [cumin])",sesame
"caramel chips (sugar, palm kernel and palm fruit oil, nonfat dry milk solids, whole milk solids, caramel color, beta carotene and annatto [for color], soy lecithin, salt, natural flavors)","dairy, soybeans"
[parmesan,dairy
"garlic and herb tortilla (enriched bleached wheat flour [flour, niacin, reduced iron, thiamine mononitrate, riboflavin, folic acid], water, soybean oil, vegetable mono- and diglycerides, tocopherols [vitamin e] [antioxidants for freshness], and vitamin c palmitate [antioxidants for freshness], contains less than 2% of each of the following onion and garlic seasoning [dextrose, spices, dehydrated bell peppers, parsley, extractives of garlic], salt, monoglycerides, leavening [sodium acid pyrophosphate, sodium bicarbonate, corn starch, monocalcium phosphate], potassium sorbate [preservative], calcium propionate [preservative], fumaric acid, guar gum, xanthan gum, sodium metabisulfite [preservative], microcrystalline cellulose, dicalcium phosphate)","wheat, gluten, soybeans"
"unbleached enriched flour (wheat flour, niacin, reduced iron, thiamine mononitrate { vitamin b1}, riboflavin {vitamin b2}, folic acid)",gluten
cheese: low moisture mozzarella cheese [pasteurized part-skim milk,dairy
"vegetables oil (contains one or more of the following: canola oil, peanut oil, and/or sunflower oil)","peanuts, soybeans"
wild sockeye alaskan salmon,fish
"sriracha lime base (cayenne pepper sauce [water, aged red peppers, distilled vinegar, salt, garlic], garlic powder, chili pepper, salt, corn oil, sugar, spices, onion powder, natural flavors, citric acid, lime oil, white distilled vinegar solids)",none
ammonium sulfate,none
sorbic acid (to retain freshness),none
"gluten free matzo (tapioca starch, water, potato starch, potato flour, palm oil, natural vinegar, honey, egg yolks, salt)",eggs
"sea salt caramel filling (sweetened condensed skim milk [skim milk,sugar,corn syrup], corn syrup, sugar, water, butter [cream, salt], modified corn starch, sea salt, gellan gum, mono and diglycerides, baking soda, xanthan gum)",dairy
"bacon pieces (bacon cured with water, salt, sugar, sodium phosphate, sodium erythorbate, sodium nitrite)",none
soybean and palm kernel oils,soybeans
"cheese blend (maltodextrin, whey, sunflower oil, cheddar cheese [pasteurized milk, cheese culture, salt, enzymes], salt, monosodium glutamate, sodium phosphate, butter [cream, salt], natural flavor, citric acid, lactic acid, yellow 5, yellow 6, enzymes)",dairy
clarified watermelon concentrate,none
cooked adzuki beans,none
partially hydrogenated and modified soybean oil,soybeans
cheese sauce mix: dairy product solids,dairy
"pumpkin spice flavored base (sugar, water, pumpkin, modified corn starch, cinnamon, annatto extract [for color], natural flavor, citric acid, nutmeg, ginger, salt, ground cloves, malic acid)",none
almond flour,tree nuts
"cinnamon roll (water, tapioca starch, brown rice flour, dried cane syrup, canola oil, resistant corn starch, egg whites, tapioca syrup, tapioca maltodextrin, yeast, gum (xanthan gum, sodium alginate, guar gum), salt, pea protein, sugarcane fiber, cinnamon, cultured corn syrup solids and citric acid (natural mold inhibitor), baking powder (sodium acid pyrophosphate, sodium bicarbonate, corn starch, monocalcium phosphate), enzymes)",eggs
dried minced garlic,none
alfalfa powder,none
additionally: watermelon: artificial flavor,none
turmeric and annatto colors,none
"organic cheddar cheese (organic cultured pasteurized milk, enzymes, salt)",dairy
"chicken (chicken tenderloin, water, olive oil, contains 2% or less of: isolated soy protein product [isolated soy protein, modified potato starch, corn starch, carrageenan, soy lecithin, dextrose, potassium chloride, salt, sodium phosphate, paprika, caramel color, flavoring)",soybeans
soy vitamins & minerals: vitamin b1 (thiamin mononitrate),none
"smoked turkey breast (turkey breast, water, vinegar, potato starch, contains 2% or less of each: sea salt, potassium chloride, celery powder, carrageenan, natural flavoring [rosemary extract], smoked ham (pork ham, water, vinegar, contains 2% or less of each: sea salt, potassium chloride, turbinado sugar, celery powder, cherry powder, natural flavoring [rosemary extract]), swiss cheese (swiss cheese [pasteurized milk, cheese culture, salt, enzymes], potato starch and powdered cellulose [to prevent caking], natamycin [mold inhibitor])","celery, dairy"
"greek yogurt powder (milk ingredients, bacterial cultures)",dairy
"malt (malted barley, corn grits)",gluten
stone ground corn,none
"vegetable oils (sunflower oil, cottonseed oil or canola oil)",none
"diced tomatoes (diced tomatoes, tomato juice, citric acid, calcium chloride)",none
"fruit (cranberries, raisins, oranges, apples)",none
"blueberry compote (non-gmo sugar, blueberries, lemon juice, water)",none
"vanillin [artificial flavor)],peanut butter candy pieces (sugar",peanuts
cheese powder [romano,dairy
"molasses powder (molasses, identity preserved maltodextrin)",none
"cake mix (sugar, enriched bleached wheat flour (wheat flour, niacin, reduced iron, thiamine mononitrate, riboflavin, folic acid), vegetable oil shortening (palm oil), cocoa powder processed with alkali, wheat starch, leavening (baking soda, dicalcium phosphate, monocalcium phosphate, sodium aluminum phosphate), dextrose, emulsifier (propylene esters, mono and diglycerides, sodium stearoyl lactylate), salt, red 40, artificial flavor, xanthan gum, cellulose gum)","gluten, wheat"
"cooked tri-color rotelli (semolina [wheat], tomato powder, spinach powder, niacin, ferrous sulfate [iron], thiamin mononitrate, riboflavin, folic acid)","gluten, wheat"
"vegetable protein (soy, pea)",soybeans
seasoning {dextrose,none
"dark chocolate (cocoa liquor, sugar, cocoa butter, soy lecithin, vanilla extract)",soybeans
shredded coconut coconut oil,none
clarified pineapple juice concentrate,none
"chocolatey chunks (powdered sugar [sugar, cornstarch], coconut oil, cocoa [processed with alkali], butter oil, soy lecithin, natural flavor, milk)","dairy, fish"
"pineapple (pineapple, sugar, citric acid, sodium metabisulphite)",sulphur dioxide
"enriched flour (wheat flour, niacin, reduced iron, thiamine mononitrate (vitamin b1), riboflavin {vitamin b2}, folic acid)","gluten, wheat"
turkey breast water,none
pea protein,none
"strawberry preserves (strawberries, cane sugar syrup, natural strawberry flavors, citric acid, potassium sorbate, red 40)",none
peptidase,none
corn syrup; less than 2% of: natural and artificial flavors,none
"romano cheese (pasteurized milk, cheese culture, salt, enzymes)",dairy
natural flavor,none
caramel paste [sugar,none
hazelnut 15%,tree nuts
"imitation crab (fish protein [pollock and/or whiting], water, wheat starch, sugar, potato starch, sorbitol, contains 2% or less of: natural and artificial crab flavor, egg whites, soybean oil, salt, sodium tripolyphosphate, tetrasodium pyrophosphate, color added, carmine, paprika oleoresin)","fish, wheat, eggs, soybeans"
"peanut butter (dry roasted peanuts, hydrogenated cottonseed/rapseed oil, soy oil, salt)","peanuts, soybeans"
whole grain teff,none
"organic tomatoes (organic tomatoes, sea salt)",none
"peanut butter (roasted peanuts, sugar, salt, hydrogenated vegetable oil [rapeseed, cottonseed, soybean], molasses, monoglycerides)","peanuts, soybeans"
sorbic acid (as a preservative),none
simmer sauce: water,none
"parmesan & romano cheese blend (parmesan cheese [made from cow's milk, salt, enzymes], romano cheese [made from cow's milk, salt, enzymes], powdered cellulose/starch blend added to prevent caking)",dairy
"mango cilantro vinaigrette (sugar, mango, soybean oil and/or canola oil, water, white wine vinegar, tequila, cilantro, contains less than 2% of: garlic, lime juice concentrate, natural flavors, orange juice concentrate, red onion, salt, xanthan gum)",soybeans
"asiago cheese (pasteurized cow's milk, cheese cultures, salt, enzymes)",dairy
soy protein concentrate (with caramel color),soybeans
"teriyaki sauce (mirin blend [water, mirin {water, rice, alcohol, salt, enzyme, koji}, sugar, lactic acid], water, sugar, brown sugar, soybeans, salt, organic ketchup [organic tomato concentrate, organic distilled vinegar, organic sugar, salt, organic onion powder, organic spice, natural flavoring], xanthan gum, ginger, garlic, citric acid)","soybeans, **gluten"
oyster broth,**fish
organic navel oranges,none
cream (contains carrageenan),dairy
acerola cherry juice,none
natural apple pectin,none
"sauce (distilled vinegar, aged cayenne red peppers, salt, water, canola oil, paprika, xanthan gum, butter type flavor, garlic powder)",dairy
chocolate cupcake pieces [unbleached unenriched wheat flour,**gluten
rush powder (with wheat flour and baker's yeast),**gluten
decaffeinated black tea,none
tomatos,none
"crust (wheat flour, water, yeast, salt, canola oil, malted wheat flour, sugar)",**gluten
"confectioner's glaze (carnauba wax, beeswax, shellac)",**shellfish
organic pumpkin seed powder,none
spirulina extract,none
soybean oil),soybeans
black walnuts,tree nuts
citric acid an sodium benzoate 0,none
white corn meal,none
banana flour,none
hydrogenated cottonseed oil],none
"dough conditioners (calcium sulfate, l-cysteine, wheat flour, enzymes, yellow corn meal",**gluten
simmer sauce: organic tomato,none
"vegetarian refried beans (cooked beans, water, less than 2% of: canola oil, salt, distilled vinegar, chile pepper, onion powder, spices, garlic powder, natural flavor)",none
blueberry and strawberry juice concentrates,none
lemon peel powder,none
dried onions,none
"graham cracker swirl (graham cracker crumb [wheat flour, whole wheat flour, sugar, palm and palm kernel oil, molasses, honey, salt, baking soda], soybean oil, powdered sugar [sugar, corn starch], coconut oil, mono and diglycerides, soy lecithin, salt)","**gluten, soybeans"
"honey granules (cane sugar, honey)",none
emulsifier (mono and diglycerides),none
snow peas (peru),none
"contains one or more of (organic whey, organic buttermilk, organic nonfat milk)",dairy
apple juice from apple juice concentrate,none
high oleic soybean and/or soybean oil,soybeans
"seasoning (nonfat dry milk, whey powder, corn maltodextrin, buttermilk, salt, sugar, wheat flour, onion powder, torula yeast, natural flavor, titanium dioxide, xanthan gum, disodium inosinate and disodium guanylate, spice, jalapeno pepper powder)","dairy, **gluten"
"french fries (potatoes, vegetable oil [may contain one or more of the following: canola oil, sunflower oil, cottonseed oil, palm oil, corn oil, soybean oil], salt, disodium dihydrogen pyrophosphate [to promote color retention], dextrose)",soybeans
sorbitols[tilde],none
disodium inosinate,none
"sriracha chili sauce (red chili, sugar, salt, garlic, fish extract [anchovy], acetic acid, ascorbic acid)",**fish
"tomato juice (tomatoes, water)",none
"spice extractive (includes turmeric extract, mustard oil)",mustard
corn starch),none
cooked navy bean powder,none
calcium propionate [ preservative],none
"mustard sauce (water, distilled vinegar, soybean oil, invert sugar, mustard, egg yolk, horseradish [horseradish, water, distilled vinegar], sugar, less than 2%: modified corn starch, salt, honey, nonfat milk, turmeric, whey [milk], concentrated lemon juice, paprika, xanthan gum and guar gum, soy lecithin, onion powder, garlic powder, sodium alginate, paprika oleoresin)","mustard, eggs, soybeans, dairy"
"organic tamari (water, organic soybeans, organic alcohol [to preserve freshness], salt)",soybeans
"bitersweet chocolate pieces(chocolate, cocoa butter, sugar)",none
"caramelized hazelnut pieces (sugar, hazelnuts)",tree nuts
tuna ingredients: ahi tuna,fish
expeller pressed oil (sunflower and/or safflower),none
adds a trivial amount of fat,none
soy lecithin mono- and diglycerides,soybeans
"orange and yellow decorative curls (sugar, cocoa butter, milk, nonfat milk, soy lecithin, natural flavor, yellow 5 lake, yellow 6 lake)","dairy, soybeans"
golden raisins with sulfur dioxide (as preservative),sulphur dioxide
"caramel base (milk, sugar, corn syrup, cream, coconut oil, pectin,salt,natural flavor, soy lecithin)","dairy, soybeans"
"salt), water, tomato puree (water",none
"bread crumbs (rice flour, glutinous rice flour, soybean oil, yeast, sugar, dextrose, salt, ascorbic acid)","gluten, soybeans"
"parmesan cheese (cultured milk, enzymes, salt)",dairy
natural flavor (walnut),none
"moose tracks fudge swirl {powdered sugar (sugar, corn starch)",none
"parmesan cheese (skim milk, salt, cheese culture)",dairy
1% of oat flour,none
"enrichment blend (ferrous sulfate, niacin, thiamine mononitrate, riboflavin, folic acid)",none
"confectionary chips (sugar, palm kernel oil, natural flavor, sunflower lecithin, salt)",none
contains less than 2% of the following: green chilies,none
"colors (annatto [color], blue 1, blue 1 lake, blue 2, blue 2 lake, red 3, red 40, red 40 lake, yellow 5, yellow 5 lake, yellow 6, yellow 6 lake)",none
"and iron sulfate), eggs, water",eggs
colored with beetroot juice,none
"unsmoked provolone cheese (pasteurized milk, cheese culture, salt, enzymes)",dairy
soybean vegetable oil,soybeans
sodium stearoyl lactylate (oil emulsifier) and sodium phosphate,none
"toppings: semi-sweet chocolate chips (cane sugar, unsweetened chocolate, cocoa butter)",none
"chocolate (sugar, cocoa butter, nonfat milk powder, cocoa powder, whole milk powder, chocolate liquor, soy lecithin [emulsifier], natural vanilla flavor)","dairy, soybeans"
citric acid and salt,none
"clam juice (water, extract of clams)",shellfish
"creaming agent (corn syrup solids, partially hydrogenated vegetable oil [may contain soybean, palm and/or canola], whey, sodium caseinate, artificial color, dipotassium phosphate, tocopherols)","dairy, soybeans"
beetroot extract,none
"enriched wheat flour (wheat flour, malted barley flour, niacin, iron, thiamin mononitrate, riboflavin. folic acid)",gluten
"cheese sauce (water, cheddar club cheese [pasteurized cultured milk, salt, enzymes, annatto {color}], margarine [liquid and hydrogenated soybean oil, water, salt, contains less than 2% of vegetable mono-and diglycerides, soy lecithin, sodium benzoate {a preservative}, citric acid, natural and artificial flavor, calcium disodium edta added to protect flavor, beta carotene {color}, vitamin a palmitate added], pasteurized process cheese spread [cheese {pasteurized milk, cheese culture, salt, enzymes}, water, whey, sodium phosphate, whey protein concentrate, skim milk, salt, milkfat, artificial color], cheddar cheese flavor [cheddar cheese {pasteurized milk, cheese culture, salt, enzymes}, water, butterfat, phosphates, and lactic acid], salt, wheat flour, modified corn starch, soybean oil, cheddar cheese powder [dehydrated cheddar cheese blend {cheddar cheese (pasteurized milk, cheese culture, salt, enzymes), cream, salt, sodium phosphate, lactic acid}], whey protein concentrate, disodium phosphate, sugar, carrageenan, spice, beta carotene and extractives of paprika [color])","dairy, wheat, soybeans"
dehydrated tomato,none
"leavening/raising agent (ammonium bicarbonate, sodium bicarbonate)",none
"marshmallow-flavored bits (sugar, vegetable oil [palm, palm kernel], enriched wheat flour [flour, niacin, reduced iron, thiamine mononitrate, riboflavin, folic acid], xanthan gum, artificial flavor, titanium dioxide, soy lecithin)","gluten, soybeans"
farina,none
sodium benzoate and potassium sorbate (to maintain freshness),none
"forto cold brew coffee (water, fair-trade & organic coffee extract)",none
orange peel,none
"sweet cooking rice wine (water, dextrose, rice, corn syrup, salt)",none
contains less than 2% of liquid egg yolk,eggs
vegetable oil (canola/ sunflower),none
organic sprouted whole grain corn flour,none
organic cracked chickpeas,none
dehydrated potato [potatoes,none
phosphoric acid (preservative),none
contains 2% or less of the following: distilled vinegar,none
xanthan and guar gum (standardized with dextrose),none
"chocolate flavored chips (sugar, partially hydrogenated vegetable oil [palm kernel, coconut, palm], cocoa powder [processed with alkali], dextrose, cocoa powder, whey powder [milk], soy lecithin [emulsifier], vanilla)","dairy, soybeans"
contains 2% or less of cane sugar,none
fine lemon pulp,none
5% of: onion,none
less than 2% of: food starch-modified,none
granulated garlic 1,none
pasteurized- milk,dairy
"dry vermouth (wine, salt, sulphites)","sulphur dioxide, sulphites"
crab apple 52%,none
black pepper and crushed red pepper,none
"confectionary coating (sugar, palm kernel oil, natural flavor, sunflower lecithin, salt)",**soybeans
"tomatoes (water, tomatoes, tomato paste)",none
"organic cheddar cheese (organic milk, cultures, salt, enzymes)",dairy
piquillo peppers,none
"sour cream (cultured milk, cream, whey)",dairy
vegetable oil (palm and or canola),none
lymph nodes and fat,none
pasteurized process gouda cheese: cultured milk,dairy
contains 2% or less of the following: organic expeller pressed soybean oil,soybeans
silicon dioxide (an anti-caking agent),none
cashews roasted in peanut oil,"peanuts, tree nuts"
natural flavors (contains milk derivatives),dairy
acidophilus and bifidus,none
spices (including black pepper and fennel),none
vegetable starch,none
calcium citrate malalte,none
seasoning: corn flour,none
emulsifier,none
liquid eggs white,eggs
cheese sauce mix maltodextrin,"**wheat, dairy"
"gorgonzola cheese ([pasteurized milk, cheese cultures, salt, & enzymes], powdered cellulose [added to prevent caking], natamycin [to protect flavor])",dairy
"riboflavin and folic acid), contains two percent or less of: cornstarch, salt, artificial colors (yellow #5",none
cold brew coffee,none
"butter (unsalted pasteurized cream, lactic acid)",dairy
and colored with annatto,none
seeds,none
acids: malic acid,none
"natural flavor (natural flavor, caramel color, nutmeg)",none
gradea pasteurized cultured low fat milk,dairy
"peanut flavored coating (sugar, nonfat dry milk, palm kernel oil, peanuts, partially defatted peanut flour, soy lecithin, salt)","peanuts, dairy, soybeans"
(used to retain color.),none
"chicken breast meat with rib meat (chicken breast meat with rib meat, water, less than 2% rice starch, salt, vinegar, sugar)",none
dry roasted blanched peanuts,peanuts
"granulated soy sauce [(wheat, soybeans, salt)","wheat, soybeans"
contains 2% or less of organic acai puree,none
tbhq to maintain freshness],none
"sauce (water, olive oil, parmesan cheese [part skim milk, cheese culture, salt, enzymes], red wine vinegar, tapioca starch, basil, honey, garlic, contains 2% or less of: garlic puree, salt, sugar, parsley, lemon juice concentrate, black pepper)",dairy
contains less than 2% of: unmodified food starch,none
live and active cultures: bifidus,none
"shortening (interesterified soybean oil, soybean oil, hydrogenated cottonseed oil and/or palm oil, with mono- and diglycerides and polysorbate 60, tbhq, citric acid.)",soybeans
organic dehydrated dates,none
"aromatic bitters (water, alcohol, sugar, caramel color, gentian, natural flavorings, added colors)",none
coated with: water,none
"cream cheese (pasteurized cultured milk and cream, whey, salt, tara gum, guar gum)",dairy
"cookie (wheat flour, sugar, canola oil, cocoa processed with alkali, salt, baking soda)","wheat, gluten"
"dairy free mozzarella style shredded cheese (filtered water, tapioca and/or arrowroot flour, non-gmo expeller pressed canola and/or non-gmo expeller pressed safflower oil, coconut oil, pea protein, salt, vegan natural flavors, inactive yeast, vegetable glycerin, xanthan gum, citric acid, titanium dioxide)",none
"fruit and vegetable juice blend from concentrate (pear, apple, carrot)",none
onion powder and xanthan gum,none
ingredients: butternut squash,none
canola oil roasted sesame seeds,sesame
natural butter flavoring,dairy
niacin [vitamin b-3],none
less than 1%: vanilla extract,none
"caramel (cane sugar, water, glucose syrup,sweetened condensed skim milk [milk, sugar], coconut oil, butter [milk, salt], non fat dry milk, corn starch, natural flavors, sea salt, sunflower lecithin, xanthan gum)",dairy
vegetable proteins,none
paprika (color) annatto (color),none
artificial vanilla and pure vanilla,none
contains less than 2% of the following: invert sugar,none
dehydrated garlic and not more than 2% silicon dioxide to prevent caking,none
distilled vinegar garlic,none
"dark chocolate (sugar, chocolate mass, cocoa butter, soy lecithin)",soybeans
"seasoning blend (chili pepper, paprika, spices, maltodextrin, dextrose, torula yeast, onion, tricalcium phosphate, garlic and natural flavors)",none
"strawberries (sugar, water, citric acid, carob bean gum, xanthan gum and natural flavors)",none
"fd&c (yellow #5, yellow #6, red #40, blue #2 and blue #1)",none
contains less than 2% of beef fat,none
skim milk protein concentrate,dairy
raspberry juice (15%),none
split matpe beans,none
"capers (capers, water, salt, distilled vinegar)",none
water 21,none
contains 2% or less of: whole wheat flour,"wheat, gluten"
"wild blueberry spread (organic cane sugar, wild blueberries, pectin)",none
pureed onions,none
folicacid,none
"non-aluminum baking powder (sodium acid pyrophosphate, sodium bicarbonate, corn starch, monocalcium phosphate) sea salt",none
"leavening agents (ammonium bicarbonate, sodium bicarbonate)",none
"leavening (baking soda, sodium acid pyrophosphate, monocalcium phosphate,sodium aluminum phosphate)",none
organic cilantro,none
100% coconut mct oil,none
"cheddar cheese (pasteurized milk, cheese culture, salt, enzymes, anti-caking blend [potato starch, powder cellulose])",dairy
"roasted peanuts (peanuts, salt, non-gmo canola oil)",peanuts
"sunfood protein blend (pea protein, hemp seed protein, almond protein, pumpkin seed protein)",tree nuts
herb and spice,none
dried pears,none
vegetable oil (non-hydrogenated palm oil with bha & bht for freshness),none
"unbromated unbleached enriched wheat flour (malted barley flour, niacin, reduced iron, thiamin mononitrate, riboflavin, folic acid)","wheat, gluten"
romaine lettuce mix (a blend of green romaine lettuces),none
"vegetable oil (contains one or more of the following: sunflower, corn or safflower oil)",none
"cheese sauce (maltodextrin, dairy product solids, salt, whey, food starch modified, cheddar cheese [pasteurized milk, cheese cultures, salt, enzymes], natural flavor, buttermilk powder, lactic acid, titanium dioxide [color], disodium phosphate, yellow 5, yellow 5 lake, yellow 6, silicon dioxide)",dairy
"organic cheese blend [organic cheddar cheese (organic cultured pasteurized milk, salt, enzymes)",dairy
marjoram,none
radishes,none
maltitol powder,none
"vegetable oil (contains one or more of the following: cottonseed oil, palm oil, corn oil, canola oil, and/or soybean oil)",soybeans
"enriched macaroni product (wheat flour, durum flour, niacin, ferrous sulfate, thiamine mononitrate, riboflavin, folic acid)","wheat, gluten"
yellow corn masa (corn treated with lime water),none
"sweetener blend (invert syrup, molasses)",none
monoester,none
expeller pressed canola oil and/or sunflower oil,none
sodium benzoate and sodium metabisulfite (as preservatives),**sulphites
cherrie sours tart cherries,none
and black pepper],none
alpha-tocopheryl acetate (vitamin e),none
"edamame hummus (soybeans, chick peas, sesame seed paste, filtered water, lemon juice, canola oil, garlic puree, parsley, sea salt, spices, citric acid)","soybeans, sesame"
organic malted barley flour,none
basmati pilaf rice (53%) [water,none
and calcium hydroxide,none
"garbanzo beans (water, garbanzo beans, salt)",none
"hydrolyzed vegetable protein (hydrolyzed corn gluten, thiamine hydrochloride and partially hydrogenated soybean oil)",**gluten
"chlorella vulgaris cracked whole cell), papaya extract, probiotics (bacillus coagulans (provides 1 billion cfu/serving])",none
organic brown flax seeds,none
"red miso (water, organic whole soybeans, rice, sea salt, koji starter (aspergillus oryzae))",soybeans
"cheese blend (nonfat milk, cellulose gum, lactic acid, cultures)",dairy
ingredients: organic hemp protein powder,none
xanthan and guar gum polysorbate 60,none
butter [includes milk],dairy
"organic caramel (organic tapioca syrup, organic cane sugar, organic milk, organic cream, organic butter (cream, salt), salt, carrageenan, sodium citrate, organic vanilla, organic soy lecithin, vitamin e (mixed tocopherols))","dairy, soybeans"
amarnath,none
yeast extract & extractives of paprika,none
natural flavors leavening (ammonium bicarbonate),none
"vanilla and chocolate ice cream (milk, cream, sucrose, corn syrup, cocoa powder (cocoa processed with alkali, sugar, salt, carrageenan, vanilla), nonfat dry milk, whey powder, stabilizer (mono & diglycerides, guar gum, locust bean gum, calcium sulfate, polysorbate 80, carrageenan), natural and artificial flavors)",dairy
"vegetables: (red peppers, green peppers)",none
"red 40), mixed nuts (cashews",tree nuts
orange essence,none
strawberry: natural & artificial flavors,none
vitamin mineral mix: tricalcium phosphate,none
"dried worcestershire sauce (maltodextrin, distilled vinegar, molasses, salt, caramel color, dried garlic, sugar, spices, tamarind, natural flavor, corn syrup)",none
alcohol,none
"cranberries (cranberries, apple juice concentrate, sunflower oil (<1%))",none
"cashews (cashews, safflower oil)",tree nuts
"milk chocolate (sugar, cocoa butter, chocolate liquor, whole milk powder, soy lecithin - an emulsifier, natural vanilla flavor)","dairy, soybeans"
pineapples,none
"romano cheese (cow's milk, cheese cultures, salt, enzymes)",dairy
"coconut creme (coconut extract, water)",none
natural flavor dipotassium phosphate,none
caramelized sugar (for color),none
atlantic sea salt,none
"glazing agent (coconut oil, beeswax)",none
sliced red bell pepper,none
cooked turkey giblets,none
"vitamin a palmitate), invert sugar, eggs, cocoa (processed with alkali), contains 2% or less of: fructose, modified food starch, leavening (baking soda",eggs
acesulfame potassium (a sweetener),none
"smoked gouda cheese spread ingredients: gouda cheese (pasteurized milk, cheese cultures, salt, enzymes)",dairy
cooked chicken leg meat,none
vegetable shortening (partially hydrogenated soybean and/or cottonseed oils),soybeans
ascorbic acid (as dough conditioner),none
"apple cider vinegar (maltodextrin, apple cider vinegar, modified food starch)",none
mono & diglycerides annatto extract (color),none
"soy sauce (water, soybeans, salt, alcohol)","soybeans, wheat"
anchovies,fish
teriyake bbq sauce [sugar,none
cultured grade a skim milk,dairy
pure organic ground skinless turkey,none
"contains 2% or less of leavening (sodium bicarbonate, sodium aluminium sulfate, sodium aluminum phosphate)",none
"enriched flour (wheat flour, malted barley flour, niacin, ferrous sulfate or reduced iron, thiamine mononitrate, riboflavin, folic acid)]","wheat, gluten"
vegetable juice concentrates (for color),none
"seasoning mix packet (corn starch, whey, salt, maltodextrin, sugar, modified corn protein, palm and/or soybean oil, sodium protein, palm and/or dry milk, cheese culture, salt, enzymes)",dairy
powdered onion,none
"enriched pasta (wheat flour, tomato, spinach, iron, niacin, thiamin mononitrate, riboflavin and folic acid)","wheat, gluten"
filling: blueberries,none
"enriched wheat flour (wheat flour, niacin, iron, thiamine mononitrate, riboflavin, folic acid, ascorbic acid added as a dough conditioner, enzyme added for improved baking)","wheat, gluten"
"honey sesame sticks (unbleached wheat flour [ contains malted barley flour], soybean oil, sesame seeds, honey coating [ sucrose, wheat starch, honey], bulgur wheat, maltodextrin, slat, beet powder, turmeric, xanthan gum)","wheat, sesame"
"enriched bleached flour (bleached wheat flour, niacin, iron, thiamine mononitrate, riboflavin folic acid)","wheat, gluten"
"mayonnaise (soybean oil, water, corn syrup, egg yolk, contains less than 2% distilled vinegar, salt, mustard flour, calcium disodium edta [to protect quality])","soybeans, eggs, mustard"
"bacon (pork, water, salt, sugar, smoke flavoring, natural flavors, lactic acid starter culture)",none
"almonds and cashews (almonds and cashews, peanut and/or sunflower oil, salt)","peanuts, tree nuts"
contains 2% or less of the following: buttermilk powder,dairy
contains 2% or less of organic canola oil,none
"gruyere cheese (milk, salt, rennet)",dairy
"parsley), salt, monosodium glutamate, hydrolyzed corn gluten, partially hydrogenated cottonseed and soybean oil, spices, sugar, latodextrin, celery extract, torula yeast, artificial coloring including f.d.&c. yellow no. 5, f.d. & c., red no. 3), jalapeno, saffron, sodium alumino (anti-caking agent)",celery
"dark confection (sugar, palm kernel oil, cocoa processed with alkali, lactose (from milk), soy lecithin, sorbitan tristearate, natural vanilla extract)","dairy, soybeans"
"bourbon sauce (high fructose corn syrup, water, onions, brown sugar, molasses, soy sauce [water, soybeans, salt, alcohol, wheat], modified corn starch, bourbon whiskey, distilled vinegar, cellulose gel, cellulose gum, whiskey flavor with other natural flavors [whiskey, water, and natural flavor], onion powder, caramel color, garlic powder, carrageenan, spices, dried egg yolks)","soybeans, wheat, eggs"
"vegetable broth (soybean flakes, carrots, celery extracts)","soybeans, celery"
"cooked organic brown rice (organic brown rice, water)",none
soy lecithin (emulsifier)],soybeans
soy and wheat],"soybeans, wheat"
sun-dried tomato,none
"raising agents (ammonium bicarbonate e 503ii, sodium hydrogencarbonate e 500ii)",none
"and vanilla extract), and almonds",tree nuts
mono & diglycerides natural flavor,none
"pretzel bun (enriched bleached wheat flour [bleached wheat flour, malted barley flour, niacin, reduced iron, thiamine mononitrate, riboflavin, folic acid], water, shortening (palm oil), brown sugar, yeast, white vinegar, malt, salt, bicarbonates of soda)","wheat, gluten"
contains less than 2% of: bell pepper,none
contains 2% or less of the following: organic black pepper,none
"concord grape juice (water, concord grape juice concentrate)",none
cheese: mozzarella,dairy
gravy: water,none
cheese cultures,dairy
soy and milk products,"soybeans, dairy"
organic hazelnuts (17%),tree nuts
if decorated with colored icing or gel may also contain: modified cornstarch,none
40 (color),none
pineapple in pineapple juice,none
organic fresh arugula,none
sunflower and/or organic canola oil,none
contains less than 2%: natural flavors,none
mixed tocopherols (contains sunflower oil),none
ascorbic acid (vitamin c to retain color),none
"bittersweet chocolate (unsweetened chocolate, cocoa butter, sugar, milk fat, soy lecithin - an emulsifier)","dairy, soybeans"
contains less than 2% of sodium caseinate,dairy
less than 2% of: yellow corn flour,none
baking soda polyglycerol ester,none
"chocolate chip (cocoa butter, cocoa liquor, sugar)",none
"to preserve freshness (potassium sorbate, propylene glycol)",none
"demi glace concentrate (corn oil (tbhq and citric acid added to protect flavor), modified corn starch, palm oil, water, maltodextrin, salt, sugar, beef stock, hydrogenated cottonseed oil, beef fat, contains 2% or less of soy sauce (water, soybean, wheat, salt), hydrolyzed soy, corn and wheat proteins, onion powder, caramel color, garlic powder, yeast extract, mono- and diglycerides, disodium inosinate/disodium guanylate, natural flavors, beef extract, lactic acid, sulfites)","soybeans, wheat, sulphites"
agar carob bean gum,none
"predust: enriched wheat flour (wheat flour, niacin, reduced iron, thiamine mononitrate, riboflavin, folic acid)","wheat, gluten"
"color (vegetable juice, fruit juice, and spirulina extract)",none
black truffle pieces,none
organic hibiscus,none
"mashed potatoes (potatoes, whole milk, butter [sweet cream, salt], salt, nisin preparation)",dairy
"vitamins from whole food concentrates (spinach, broccoli, carrot, tomato, beet, shiitake mushrooms)",none
ingredients: organic chocolate liquor,none
"honey solids (refinery syrup, honey)",none
parmesan cheese [pasteurized milk,dairy
sodium erythrobate,none
"low fat ricotta (whey, milk, cream, vinegar)",dairy
red 40 caramel color,none
potassium sorbate and citric acid (preservatives),none
natural and artificial flavors (contains strawberry juice concentrate),none
grade a organic cream,dairy
whole grain parboiled brown rice,none
parsely,none
"multigrain bread (enriched wheat flour (with niacin, reduced iron, thiamine mononitrate, riboflavin, and folic acid), water, grains, soybean oil, whole wheat flour, sugar, yeast, molasses, salt enzyme, coloring, caramel, calcium propionate (as a mold inhibitor). gluten, strengthener, (enriched wheat flour (wheat flour, niacin reduced iron, thiamine mononitrate, riboflavin, folic acid), enzymes. dough conditioner (enriched wheat flour (wheat flour, niacin reduced iron, thiamin mononitrate, riboflavin, folic acid), ascorbic acid, wheat gluten, enzymes), topping with sesame seed and poppy seed), egg salad (hard cooked peeled eggs (hard cooked eggs), mayonnaise (soybean oil, water, corn syrup, egg yolk, distilled vinegar, salt, mustard seed, calcium disodium edta (to protect flavor)), dill pickle relish (cured cucumbers, water, distilled vinegar, salt. xanthan gum, potassium sorbate (as a preservative), polysorbate 80 and fd&c yellow #5), purac (cultured sugar), yellow mustard water, vinegar, mustard seed. salt, turmeric, spices), onion, salt granulated onion, granulated garlic)","wheat, gluten, soybeans, eggs, mustard"
"(freshness preserved with sodium acid pyrophosphate, sodium bisulfite and citric acid)","sulphur dioxide, sulphites"
brown sugar (vegan),none
wheat flour and malted barley extracts,"wheat, gluten"
garlic1,none
"whole and cracked peppercorns (red, white, green, black)",none
fresh tomatoes,none
"spices cheese: feta cheese (pasteurized milk, cheese culture, salt, enzymes)",dairy
"organic chicken broth concentrate (organic chicken broth [organic chicken stock, sea salt], organic flavors, organic chicken fat, sea salt, yeast extract, organic vegetables [organic celery, organic carrot, organic onion], organic tomato paste, organic spice, organic carrot powder, organic onion powder, organic potato flour, flavor, organic canola oil)",none
turmeric and vinegar solids,none
"chocolate flavored coating (coconut oil, sugar, chocolate liquor, cocoa, nonfat milk, soy lecithin, vanilla)","dairy, soybeans"
coffeea,none
"lowfat yogurt (cultured pasteurized nonfat milk, cream)",dairy
penicillium candidum (harmless white mold),none
"dough conditioners (mono- and diglycerides, calcium sulfate, enzymes, l-cysteine monohydrochloride)",none
toppings: red bell peppers and onions,none
sodium diacetate (preservative),none
"romano cheese (milk, culture, salt, enzymes)",dairy
artificial blueberry flavor,none
"chicken base (roasted chicken meat with natural juices, salt, chicken fat, corn syrup, yeast extract, whey, natural flavor, wine and turmeric)","dairy, soybeans"
lemongrass,none
"flatbread: enriched wheat flour (wheat flour, malted barley flour, ascorbic acid added as a dough conditioner, niacin, reduced iron, thiamine mononitrate, riboflavin, folic acid)","gluten, wheat"
"(sodium bicarbonate, calcium acid pyrophosphate, monocalcium phosphate)",none
fair trade cocoa powder (processed with alkali),none
glyceryl monooleate,none
"passion fruit sorbet base (water, passion fruit concentrate, sugar, lemon juice concentrate, natural flavor, locust bean gum)",none
sodium silico aluminate as anti-caking agent,none
"lemon juice (lemon juice from concentrate (water, concentrated lemon juice), lemon oil)",none
dried organic lemon peel,none
"premier proteina shake protein blend (milk protein concentrate, calcium caseinate, whey protein concentrate)",dairy
"kelp extract (water, kelp extract, dextrin, alcohol, salt, xanthan gum)",none
annatto and turmeric colors,none
"cake base (sugar, bleached wheat flour, food starch-modified, soybean oil, leavening [baking soda, sodium aluminum phosphate, monocalcium phosphate], natural and artificial flavor, whey, soy flour, salt, vital wheat gluten, propylene glycol monoesters [an emulsifier], monoglycerides [an emulsifier], sodium stearoyl lactylate [an emulsifier])","gluten, wheat, soybeans, dairy"
"dried molasses (refinery syrup, molasses)",none
reb a (a stevia leaf sweetener),none
artificial color (including fd&c yellow 6) frosted cupcake - sunflower lecithin,sesame
and ferrous gluconate (an iron derivative),none
milk butter,dairy
"disodium phosphate), salt, spinach powder, tomato powder, sugar, turmeric, red beet",none
"honey sesame sticks: (unbleached wheat flour [wheat flour, malted barley flour], soybean oil, sesame seeds, bulgur wheat, oat bran, honey coating [sugar, wheat starch, honey], salt, beet powder [color], turmeric [color], maltodextrin, xanthan gum)","gluten, wheat, soybeans, sesame"
"apple jelly (sugar, water, apple juice concentrate, caramel (corn syrup, sweetened condensed milk (milk, skim milk, sugar), water, sugar, palm oil, modified food starch, natural and artificial flavors, sodium citrate, sodium alginate, mono-and diglycerides, soy lecithin, salt, potassium sorbate (preservative). sodium phosphate, and tartaric acid), pectin citric acid, malic acid, spice (cinnamon and nutmeg), preserved with sorbic acid)","dairy, soybeans"
linseeds,none
chili powder salt,none
"chocolate (unsweetened cocoa, cocoa butter, erythritola , chicory root fiber, dextrina , whole milk powder (rbst free), milk fat (rbst free), organic soy lecithin, sunflower lecithin, stevia extract, vanilla extract)","dairy, soybeans"
ancho chili powder,none
maple sugar,none
"bread crumbs (unbleached wheat flour, natural cane sugar, yeast, sea salt)","gluten, wheat"
"lemon juice (filtered water, lemon juice concentrate, sodium bisulfite [preservative], sodium benzoate [preservative], lemon oil)",none
less than 2% of: dehydrated garlic,none
organic onion (bulb),none
sodium citrate (preservative),none
"beef base (roasted beef and concentrated beef stock, salt, hydrolyzed soy, corn and wheat protein, corn oil, sugar, autolyzed yeast extract, flavorings [contains oleoresin of celery seed], maltodextrin, whey, dextrose, caramel color)","soybeans, wheat, dairy, celery"
red cayenne peppers,none
"bread: enriched wheat flour (wheat flour, niacin, reduced iron, thiamine mononitrate, riboflavin, folic acid)","gluten, wheat"
organic red jalapeao peppers,none
"legvening (sodium acid pyrophosphate, sodium bicarbonate)",none
"chocolate chips and chunks (sugar, chocolate liquor, cocoa butter, dextrose, soy lecithin, vanillin)",soybeans
chicken legs,none
"goat cheese (pasteurized goat's milk, sea salt, potassium sorbate [preservative], microbial enzyme, bacterial culture)",dairy
pure honey,none
"spring mix (baby lettuces [lollo rossa, tango, red and green oak, red leaf, parella], baby greens [tatsoi, mizuna, red and green chard, red and green mustard, frisee], baby spinach, radicchio. ingredients may vary by season)",none
crushed orange puree,none
"milk chocolate (sugar, cocoa butter, dry whole milk, chocolate liquor, soy lecithin and pgpr (emulsifiers), vanilla flavor)","dairy, soybeans, gluten"
natural flavors (coconut),none
"leavening (baking soda, sodium acid pyrophosphate sodium aluminum phosphate, aluminum sulfate)",none
caramel cups [sugar,none
"seasoned potatoes (russet potatoes [potatoes, dextrose], soybean oil, salt, garlic powder, black pepper)",soybeans
r,none
and wheat flour,"gluten, wheat"
organic garlic powder,none
"fontina cheese (cultured milk, enzymes, salt)",dairy
lecithin,soybeans
"relish (cucumbers, water, vinegar, dehydrated onions, salt, dehydrated garlic, alum, calcium chloride, xanthan gum, sodium benzoate (preservative), turmeric (color), high fructose corn syrup, water, egg yolks, vinegar, food starchmodified, nonfat dry milk, salt, mustard flour, xanthan gum, sodium benzoate (preservative), natural flavors, calcium disodium edta (preservative)","eggs, dairy, mustard"
5% of: soy protein isolate,soybeans
fudge swirl [corn syrup,none
emulsifier [water,none
contains up to 12% solution of water,none
"fish sauce (anchovy extract (fish), salt, sugar)",fish
"pasta (white rice, brown rice, cauliflower)",none
dried green bell pepper,none
bifidus and l,none
fd & c yellow # 5,none
"noodle: enriched wheat wheat flour (niacin, iron, thiamin mononitrate, riboflavin, folic acid)","gluten, wheat"
vegetable oil (soybean oil and/or palm oil),soybeans
red pepper (canada),none
potassium sorbate and calcium disodium edta (to protect quality),none
"dark chocolate (cacao beans, pure cane sugar, cocoa butter, sunflower lecithin, vanilla beans)","dairy, soybeans"
vegetable oils (from palm and shea),none
"dough conditioner (calcium sulfate, wheat starch, wheat flour enzymes, salt)","gluten, wheat"
"polishing wax (carnauba wax, white mineral oil, beeswax)",none
"chicken flavor (chicken meat including chicken juices, salt, sugar, hydrolyzed soy and corn protein, potato flour, flavor, disodium inosinate/disodium guanylate and turmeric)",soybeans
"egg roll filling (cabbage, seasoned sliced beef with water and binder product (beef, water, wheat flour, rice flour, soy sauce (water, wheat, soybeans, salt, alcohol, vinegar, lactic acid, contains 2% or less of: potato starch, sugar. salted seasoning sake (sake (water, rice, koji (aspergillus oryzae), sugar, water, salt, yeast extract), beef type flavor (maltodextrin, torula yeast, sugar, yeast extract, spices, natural flavor (contains smoke)), black malt extract (malted barley, water), garlic, natural flavor (natural extractive of rosemary with canola oil) spices, onion powder, eggs. fried in. vegetable oil), carrots, teriyaki seasoning (sugar, salt, soy sauce powder [(soybeans, salt), maltodextrin, salt), natural flavors, maltodextrin, white distilled vinegar powder (maltodextrin, white, distilled vinegar), onion powder, garlic, powder, spice), kale, contains 2% or less of: salt, sugar, soy protein concentrate, corn starch, potassium chloride, spices.), wrapper (wheat flour, water, palm oil, contains 2% or less of: salt, soy lecithin). fried in vegetable oil. sweet & sour sauce (water, sugar, white wine vinegar, pineapple juice concentrate, cornstarch, contains 2% bor less of: hot sauce (aged cayenne red peppers, vinegar. salt and garlic), salt, ginger, garlic, extractive of paprika, xanthan gum, natural flavors)","eggs, soybeans, gluten, wheat"
mixed italian olives,none
and parsley,none
degermed corn,none
"minced pimiento (pimiento, sodium alginate, guar gum, calcium chloride, potassium sorbate)",none
pepper & basil,none
star aniseed and nutmeg,none
"basmati rice (water, basmati rice, expeller pressed canola oil, ginger, garlic)",none
apple filling [apples,none
"chili sauce (aged cayenne pepper, water, red bell pepper, garlic, vinegar, salt, chili de arbol pepper, potassium sorbate [preservative], sodium metabisulfate [preservative])","sulphur dioxide, sulphites"
"pumpkin spice puree (pumpkin puree, water, natural flavors, annatto extract [color], salt, cinnamon, nutmeg, ginger, clove)",none
stabilizer,none
dehydrated basil,none
contains less than 2% of each of the following: natural cheese flavors,none
"sea salt), almonds, sesame sticks (enriched wheat flour (unbleached wheat flour, malted barley flour, niacin, iron {reduced iron}, thiamine mononitrate, riboflavin, folic acid], vegetable oil [soybean], sesame seeds, bulgur wheat, salt, beet powder color turmeric [color], salt)","gluten, wheat, sesame, tree nuts"
"pili nut cream (filtered water, coconut cream, pili nut butter)",tree nuts
organic pasteurized eggs (20%),eggs
"yogurt malted milk balls ingredients: yogurt (sugar, partially hydrogenated palm kernel oil, nonfat milk powder, whole milk powder, yogurt powder (cultured whey and non fat milk), lactic acid, soy lecithin (an emulsifier), vanillin (artificial flavor), malt ball center (corn syrup, sugar, malted milk powder (barley malt, wheat, milk, bicarbonate of soda, salt), whey, vegetable oils (palm kernel, partially hydrogenated palm), cocoa (processed with alkali), skim milk, natural and artificial flavor and soy lecithin (an emulsifier) and confectioners glaze","dairy, gluten, wheat, soybeans"
natural smoke flavor,none
"edam cheese (milk, salt, starter culture, enzymes)",dairy
artificial maple flavor; salt,none
potassium sorbate (preservatives),none
"peanut butter cups (sugar, ground peanuts, cocoa butter, palm kernel oil, whole milk powder, unsweetened chocolate, coconut oil, lactose, salt, soy lecithin, vanilla)","peanuts, dairy, lactose, soybeans"
mandarin orange puree,none
"vitamin c (sodium ascorbate, ascorbic acid) iron ferrous fumarate), vitamin a (palmitate), vitamin e (acetate), zinc (zinc oxide), niacinamide, vitamin b1 (thiamine mononitrate), vitamin b6 (pyridoxine hydrochloride), vitamin d (cholecalciferol), vitamin b2 (riboflavin), folic acid, vitamin b12 (cycanocobalamin)",none
"potato chips (potato, vegetable oil [sunflower oil, corn and canola oil], salt)",none
sorbitol contains 2% or less of the following: snow crab,**shellfish
dehydrated onion and garlic,none
tilapia (oreochromis niloticus),**fish
cellulose gell and gum,none
may contain 2% or less of turmeric,none
"milk chocolate (sugar, milk, cocoa butter, chocolate liquor, soy lecithin [an emulsifier], vanilla)","dairy, soybeans"
white wine with sulphur dioxide,sulphur dioxide
organic mangoes,none
pure gluten free oats,none
"tomato paste), catsup (tomato concentrate (water, tomato paste)",none
medium grain brown rice,none
"almonds (almonds, cottonseed oil, peanut oil, salt)",tree nuts
"leavening blend (sodium acid pyrophosphate, sodium bicarbonate, cornstarch, monocalcium phosphate, calcium sulfate)",none
peppermint oil,none
contains 1% or less of lime juice concentrate,none
mct oil (medium chain triglycerides),none
"tajin clasico seasoning (chili peppers, sea salt, citric acid, dehydrated lime juice)",none
"golden raisins (sunflower oil, sulfur dioxide)",sulphur dioxide
"organic enriched wheat flour (organic wheat flour, niacin, iron, thiamin, riboflavin, folic acid)","wheat, gluten"
organic whole yellow corn flour,none
"tomatoes (tomatoes, salt)",none
dehydrated porcini mushrooms,none
nonfat yogurt (cultured nonfat milk),dairy
turmeric (natural color),none
organic whole coconut puree,none
lactic acid (from vegetable fermentation),none
"(organic wheat flour, niacin, iron, thiamine mononitrate, riboflavin, folic acid)","wheat, gluten"
organic refined coconut oil,none
"coffee sauce (glucose syrup, milk, sugar, coffee powder, pectin, carrageenan, coffee)",dairy
artificial color (yellow 5 and yellow 6),none
rice bread crumbs,none
apocarotenal (color)],none
"seasoned cooked beef and pork (beef, pork, seasoning [flavorings, salt, spices, dextrose], tomato paste, salt, soybean oil)",soybeans
"honey coating (sugar, honey, salt, wheat starch, calcium stearate [anticaking agent], soy lecithin)","wheat, soybeans"
sodium stearolyl lactylate,none
spies,none
"ingredients: sauce: tomato puree (water, tomato paste)",none
purified stevia extract,none
malted barely,**gluten
glucose fructose syrup (from wheat),"wheat, gluten"
vegetable flavor,none
contains 2 percent or less of yeast,none
buffalo style sauce,none
"butter toffee peanuts (peanuts, sugar,butter [milk], salt)","peanuts, dairy"
"vegetable oil (contains one or more of the following: corn oil, sunflower oil, safflower oil, or canola oil)",none
contains less than 2% of sodium lactate,none
"white balsamic vinegar (white wine vinegar, white grape must)",none
"caramel (corn syrup, sugar, condensed milk (milk, sucrose), hydrogenated palm oil, evaporated milk (disodium phosphate, carrageenan), soy flour, lecithin, monodiglyceride, vanillin and salt)","dairy, soybeans"
organic cultured lowfat milk,dairy
carmine color,none
acai puree,none
roasted peppers,none
grilled artichoke hearts,none
"expeller pressed oil (sunflower seed, safflower seed and/or canola)",none
"hydrogenated vegetable oils (palm kernel, soybean)",soybeans
roasted red potatoes,none
cheese dip [water,dairy
"organic seasoning blend 42% (tomato, rice flour, sea salt, roasted onion, cornstarch, glucose syrup, garlic, basil, oregano, celery tuber, linseed flour, sunflower protein, thyme, parsnip, onion, pregelatinized maize starch, pepper, savory, carrots, lovage, leek, sunflower oil, raw cane sugar, green cabbage, nutmeg, rosemary, parsley, mace, curcuma, caramel extract, coriander, carrots, fennel, fenugreek, chili, ginger)",celery
"savory flavor (with yeast extract, natural flavor, soy sauce (wheat, soybeans, salt), maltodextrin, lactic acid, calcium lactate, salt)","wheat, soybeans"
"organic tomato puree (water, tomato paste)",none
"cheddar club cheese (cheddar cheese [pasteurized milk, cheese culture, salt, enzymes], water, salt, annatto color, natamycin as a natural mold inhibitor)",dairy
vegetable juice & beta carotene (color),none
"cooked chicken (chicken, water, rice starch, sea salt, rosemary)",none
less than 2% of: organic maple syrup,none
"sunflower kernels (sunflower kernels, peanut and/or sunflower oil)",peanuts
organic toasted sesame seeds,sesame
manganese citrate,none
"natural flavor (sesame, coconut)",sesame
"artificial color (red 40 lake, yellow 6 lake, yellow 5 lake)",none
"seasoning (brown sugar, sugar, salt, paprika, spices, tomato powder, natural hickory smoke flavor, dehydrated onion, citric acid)",none
poblano chili peppers,none
"flavoring (salt, natural flavors, soybean oil)",soybeans
niacin (niacinamide),none
"hummus (garbanzo beans, sesame tahini, water, lemon juice, sea salt. contains 2% or less of: garlic puree [garlic, citric acid], spices)",sesame
contains 2% or less of vinegar,none
ethoxylated monodiglycerides,none
soybean and partially hydrogenated soybean oils,soybeans
natural vanilla flavor (medium chain triglycerides natural flavor),none
"whole grain buckwheat flour; whole wheat flour; leavening (monocalcium phosphate, baking soda); dextrose; salt","gluten, wheat"
fd&c red 3,none
"organic colors from concentrate (carrot, radish, apple)",none
"cold brew coffee (water, coffee)",none
dehydrated green & red bell pepper,none
"chicken and beef (pork, mechanically separated chicken, beef, salt, contains 2% or less of spices, dextrose, lactic acid starter culture, oleoresin of paprika, sodium ascorbate, natural smoke flavoring, flavoring, sodium nitrite, bha, bht, citric acid)",none
ancho pepper,none
"crust: (wheat flour, water, corn oil, yeast, salt)","gluten, wheat"
fructan (nutraflora soluble fiber),none
tricalcium phosphate (calcium source),none
lacinato tuscan kale,none
"balsamic vinaigrette (non-gmo expeller pressed canola oil, balsamic vinegar, red wine vinegar, filtered water, honey, soy sauce [water, wheat, soybeans, salt], mustard [vinegar, mustard seed, salt, spices, turmeric], sugar, garlic, menhaden oil, sea salt, black pepper, xanthan gum)","wheat, soybeans, mustard"
organic chaga mushroom powder,none
"yogurt flavored raisins [yogurt coating (sugar, partially hydrogenated palm kernel oil, whey, titanium dioxide, whole milk, yogurt powder (nonfat milk, lactic acid), palm oil, soy lecithin (an emulsifier), salt, natural vanilla)","dairy, soybeans"
"celery juice powder (cultured celery powder, sea salt)",celery
canola oil and/or partially hydrogenated soybean oil,soybeans
salt},none
"enriched wheat flour bleached (flour niacin, iron, thiamine mononitrate, riboflavin, folic acid)","wheat, gluten"
spice & color,none
"semisoft and blue cheese (pasteurized milk, cheese cultures, salt, enzymes)",dairy
"chocolate cookies (wheat flour, sugar, palm and palm kernel oil, cocoa processed with alkali, salt, sodium bicarbonate, natural flavor, soy lecithin)","wheat, gluten, soybeans"
peanut butter cups {sugar,peanuts
natural flavor & garlic,none
spice extractives and natural flavors (including lemon extract),none
seasoning ingredients: sugar,none
organic cooked red quinoa,none
lactic starters,none
"guajillo pepper puree (water, guajillo peppers, citric acid)",none
sprouted organic barley,none
"molasses powder (with molasses, wheat starch and soy lecithin)","wheat, soybeans"
sorbic acid (to maintain freshness),none
onion (0.3%),none
rice concentrate (added as a flow agent),none
contains less than 2% of: dipotassium phosphate,none
almond flavor,tree nuts
"acidity regulators (sodium hydroxide, calcium carbonate)",none
"salted caramel flavored coating (sugar, palm kernel oil, nonfat dry milk solids, whole milk solids, salt, artificial color [yellow lake 6, yellow lake 5, blue lake 2], soy lecithin, natural flavor)","dairy, soybeans"
contains sulfites,sulphites
"red wine (red wine, salt)",none
crab brown meat,shellfish
mono and diglycerides (bht and citric acid),none
"anti-caking powder blend (potato starch, powdered cellulose, natamycin a mold inhibitor)",none
"color (water, yellow 5, yellow 6, citric acid)",none
natural vanilla bean powder,none
noodle: water,none
contains less than 2% of the following: graham flour,"wheat, gluten"
"monterey jack cheese (pasteurized milk, cheese cultures, sea salt, vegetable enzymes, powdered cellulose [to prevent caking])",dairy
"organic wheat (organic wheat flour, organic whole wheat flour, organic cracked wheat)","wheat, gluten"
"organic white cheddar cheese seasoning (organic whey, organic cheddar cheese powder [organic milk, cultures, salt, enzymes, disodium phosphate], sea salt, natural flavor)",dairy
"ascorbic acid [vitamin c]), soy lecithin",soybeans
organic cassava,none
"gingerbread flavored white chocolate almonds (white chocolate [sugar, cocoa butter, milk, soy lecithin, natural flavor], almonds, vegetable oil [peanut oil, cottonseed oil, soybean oil and/or sunflower oil], contains less than 1% of the following: cinnamon, natural flavor, acacia, sugar, confectioner's glaze)","dairy, peanuts, tree nuts"
white balsamic vinegar solids,none
"cocoa drops (sugar, vegetable oil [palm kernel oil, coconut oil, palm oil], cocoa powder processed with alkali, dextrose, cocoa powder, whey [milk], soy lecithin, vanillin [an artificial flavor])","dairy, soybeans"
"unbleached enriched flour (wheat flour, niacin, reduced iron, thiamine mononitrate, riboflavin, folic acid)","wheat, gluten"
"annatto (color, blue cheese flavor (blue cheese [milk, cultures, salt, enzymes)], water, sodium phosphate)",dairy
organic fresh garlic,none
contains less than 2% of the following: peanut oil,peanuts
white wine vinegar (contains sulfites),sulphites
less than 2% of: milk,dairy
"chicken base (yeast extract, dried soy sauce (hydrolyzed soy protein, corn syrup solids, salt), salt, soybean oil, natural flavorings)",soybeans
oleoresin paprika and oleoresin turmeric (colors),none
"enriched bleached flour (bleached wheat flour, niacin, reduced iron, thiamine mononitrate, riboflavin, folic acid)","wheat, gluten"
tripotassium phosphate,none
"cream powder (cream, nonfat milk, sunflower lecithin)","dairy, soybeans"
strawberry lemonade: glycerine,none
"lemon powder (salt, natural lemon flavor)",none
carrot1,none
xanthan gum (a natural thickener),none
"confectionary snowman pieces (sugar, coconut oil, skim milk, milk, palm kernel oil, cocoa processed with alkali, milkfat, annatto color, soy lecithin, cocoa, natural flavor, salt)","dairy, soybeans"
"cyanocobalamin [vitamin b12]), sunflower oil, natural and artificial flavors, potassium phosphate, inulin, mono and diglycerides, salt, sodium hexametaphosphate, cellulose gel, sodium ascorbate (vitamin c), sucralose, carrageenan, cellulose gum, acesulfame potassium, sugar",none
"powdered sugar (sugar, corn starch)",none
aloe juice,none
"white chocolate (sugar, cocoa butter, skim milk, milkfat, soy lecithin, salt, natural flavor)","dairy, soybeans"
"cheese blend (skim milk cheese [skim milk, whey protein, cheese culture, salt, enzymes], natural flavor xanthan gum, cheddar cheese flavor [cheddar cheese {milk, cheese culture, salt, enzymes}, water, cream, natural flavors, salt, yeast extract, sodium phosphate, sodium citrate, xanthan gum)","dairy, gluten, wheat"
"vegetable oils (soybean, canola)",soybeans
"blueberry variegate (cane sugar, blueberries, non-gmo corn starch, natural flavors, citric acid)",none
"turkey meatloaf (ground turkey, meatloaf glaze [tomato paste, water, brown sugar, distilled vinegar, salt, onion powder, garlic powder, spices], feta crumbles [pasteurized milk, salt, cheese cultures, enzymes], spinach, 2% milk [reduced fat milk, vitamin a palmitate and vitamin d3 added], whole egg, onion, bread crumb [wheat flour, raw sugar, soybean oil, salt, yeast, canola oil], sea salt, dehydrated garlic, black pepper, red pepper)","dairy, eggs, wheat, soybeans"
soy lecithin-an emulsifier,soybeans
"pistachio flavor (corn syrup, high fructose corn syrup, pistachio paste [pistachios, partially hydrogenated canola oil], water, natural flavor, yellow 5, blue 1, soy lecithin)","tree nuts, soybeans"
disodium pyrophosphate to maintain color,none
"mct oil blend (palm kernel, palm, coconut)",none
"strawberries (strawberries, water, sugar, strawberry flavor, natural flavor, citric acid, guar gum, carrageenan)",none
potassium sorbate and sodium bnzoate (as a preservative),none
less than 1%: natural and artificial flavors,none
"caramel pieces (sugar, glucose syrup, butter oil, natural flavoring, salt, soy lecithin [emulsifier])",soybeans
chili pepper extract,none
chipotle chiles,none
"sauce (water, tomatoes, sugar, salt, modified food starch, spices, dehydrated garlic, citric acid)",none
"caesar dressing (soybean oil, water, egg yolks, distilled vinegar, romano cheese [pasteurized cow's milk, cheese cultures, salt, enzymes], parmesan cheese [pasteurized part-skim milk, cheese cultures, salt, enzymes], sugar, salt, dehydrated garlic, lemon juice concentrate, spice, xanthan gum, lactic acid, dehydrated onion)","dairy, eggs, soybeans"
"bacon pieces (water, salt, sugar, smoke flavor, sodium phosphates, sodium erythorbate, sodium nitrite)",none
seafood blend {minced fish [pollock,fish
mango puree from concentrate,none
"caramel sauce (coconut cream, sugar, water, molasses, salt, vanilla extract, arrowroot powder, xanthan gum)",none
"seasoning (natural flavoring, buttermilk powder, yeast extract, maltodextrin, whey powder, lactic acid, calcium lactate, malic acid, mannitol)",dairy
corn (flour and/or grits),none
strawberry topping [sugar,none
encapsulated citric acid,none
organic dried marjoram,none
gouda cheese [pasteurized milk,dairy
"monterey jack and white cheddar cheeses (pasteurized milk, culture, salt, enzymes)","dairy, gluten, wheat"
"cabbage (cabbage, salt)",none
"cheddar and blue cheeses (pasteurized milk, cheese cultures, salt, enzymes)",dairy
brown mushrooms,none
"parmesan cheese (pasteurized cow milk, cheese cultures, salt, enzymes, corn starch & cellulose (anti-caking agents), sorbic acid (as a preservative))",dairy
crushed cookies: sugar,none
"margarine (palm oil, water, soybean oil, salt, mono- and diglycerides, calcium disodium edta [preservative], annatto color, artificial flavor, vitamin a palmitate)",soybeans
serrano peppers,none
"vanilla), pretzels (enriched wheat flour (wheat flour, niacin, reduced iron, thiamine mononitrate, riboflavin, folic acid)","gluten, wheat, eggs"
"white chocolate drops (sugar, cocoa butter, milk, nonfat dry milk, soy lecithin [an emulsifier], and vanilla)","dairy, soybeans"
salt lactic acid,none
"whole grain toast (whole wheat flour, soybean oil, pumpkin seeds, flax seeds, rolled oats, hulled millet, less than 2% of sugar, salt, yellow cornmeal, yeast, malted barley flour, oat fiber, wheat gluten, onion, garlic, natural flavor, ascorbic acid to maintain freshness)","gluten, wheat, soybeans"
dried vegetable packet (spring onion flake),none
organic baobab,none
"guacamole spread (mayo [soybean oil, water, egg, vinegar, sugar, salt, mustard flour, garlic & onion powders, spice, edta)","eggs, soybeans, mustard"
"flavor (yeast extract, potato maltodextrin, salt, natural flavor)",none
sesame seed oil (sesame),sesame
natural flavour,none
"unbleached enriched wheat flour (wheat flour, malted barley flour, niacin, iron, thiamin hydrochloride, riboflavin, folic acid)","wheat, gluten"
vanilla bean seeds,none
"deluxe ham water added (fresh ham, water, salt, sugar, dextrose, less than 2% sodium phosphate, sodium erythorbate, sodium nitrite)",none
toppings: freeze dried green onion,none
malted barley extract,none
whole corn,none
culture (rhizopus oligosporus),none
"dehydrated vegetable blend (carrot, onion, cabbage, tomato, parsley, red and green peppers)",none
"crust: bleached wheat flour enriched (niacin, reduced iron, thiamine mononitrate, riboflavin, folic acid, malted barley flour, potassium bromate)","wheat, gluten"
canola and/or soybean and/or palm oil with tbhq added for freshness,soybeans
tropical ingredients: carbonated water,none
native tapioca starch,none
roasted red pepper puree,none
and buttermilk,dairy
dry milk powder,dairy
"dough conditioners (datem, ascorbic acid, ammonium sulfate, calcium sulfate, enzymes, l-cysteine hydrochloride, azodicarbonamide)",none
dextrose (d-glucose),none
beta-apo-8'-carotenal and beta-carotene,none
"chocolate(sugar, chocolate liquor, chocolate liquor processed with potassium carbonate, cocoa butter, butter oil, soy lecithin [ emulsifier] , and vanilla)","soybeans, dairy"
"natural sprinkles (sugar, palm kernel oil, corn starch, sunflower lecithin, vegetable juice, annatto extract, spirulin extract, turmeric, betacarotene, maltodextrin, carnauba wax, cellulose gum)",none
non-alkalized cocoa,none
25% of weight is added ingredients,none
artificial colors [fd&c red #40,none
"honey powder (maltodextrin, honey)",none
liquid egg (free range egg and salt),eggs
wheat protein isolate,"wheat, gluten"
"sodium benzoate [maintains freshness]), seasoning dehydrated vegetables [tomato, onion, garlic, red & green bell peppers], spice, salt], citrus fiber, sodium benzoate & potassium sorbate (maintains freshness)",none
vinegar and vanilla beans,none
organic pepper extract,none
jalapeao powder,none
natural anise flavor,none
"enrichment (thiamin mononitrate, riboflavin, niacin, folic acid, reduced iron, ferrous fumarate, zinc citrate, zinc oxide, vitamin a palmitate)",none
milk chocolate coating: sugar,dairy
"filling: cheese blend (low moisture part-skim mozzarella cheese [cultured pasteurized part-skim milk, salt, enzymes], ricotta cheese [whey, whole milk, cream, vinegar, and xanthan gum, locust bean gum, guar gum {stabilizers}], four cheese flavor [cheese blend {cheddar cheese, parmesan cheese, romano cheese, and mozzarella cheese (pasteurized milk, cultures, salt, enzymes), whey protein concentrate, maltodextrin, salt}], cooked meatballs (beef, pork, water, romano cheese [pasteurized sheep's milk, cheese cultures, salt, enzymes], breadcrumbs [wheat flour, sugar, salt, yeast, canola oil], soy protein concentrate, ricotta cheese [whey, pasteurized whole milk, vinegar, salt], salt, natural flavorings, brown sugar, spices, dehydrated parsley), pizza sauce (water, tomato paste, spice blend [sugar, salt, spices, less than 2% silicon dioxide added to prevent caking], guar gum, soybean oil, garlic puree [garlic, water]), pepperoni bha, bht, and citric acid added to help protect flavor (pork, beef, salt, contains 2% or less of: sugar, spices, oleoresin of paprika, sodium ascorbate, natural flavorings, garlic powder, dextrose, lactic acid starter culture, sodium nitrite, bha, bht, citric acid). topping: parmesan and romano cheese blend (parmesan cheese [made from cow's milk, salt, enzymes], romano cheese [made from cow's milk, salt, enzymes], powdered cellulose/starch blend added to prevent caking), breadcrumbs (bleached flour, water, vegetable oil [soybean oil, cottonseed oil, and/or canola oil), salt, yeast, contains 2% or less of the following: sugar, dextrose)","dairy, wheat, gluten, soybeans"
reduced-lactose whey,"dairy, lactose"
lactic acid},none
"pasteurized process white cheddar cheese (cheddar cheese [milk, cheese culture, salt, enzymes], water, whey, milkfat, whey protein concentrate, nonfat milk, sodium citrate, contains less than 2% of lactic acid, salt)",dairy
"color (red beet and elderberry juice concentrate, raspberry powder)",none
soy lecithin (non stick agent),soybeans
organic dried red bell peppers,none
"seasoned butter sauce (water, salted butter [cream, salt], modified corn starch, chicken broth base [salt, sugar, dried chicken broth, maltodextrin, chicken fat, torula yeast extract, onion powder, natural flavoring, canola oil], salt, spices, xanthan gum)",dairy
"sausage (pork, water, spices, corn syrup solids, salt, sodium phosphate, garlic)",none
"kale pesto (kale, canola/olive oil blend, parmesan cheese [pasteurized cow's milk, cheese culture, salt, enzymes], parsley, garlic, lemon juice concentrate, citric acid, black pepper and salt)",dairy
"dark chocolate flavored drizzle (sugar, hydrogenated palm kernel oil, cocoa powder processed with alkali, buttermilk, cocoa powder, milkfat, hydrogenated palm oil, sorbitan monostearate, soy lecithin, polysorbate 60, natural and artificial flavor)","dairy, soybeans"
(pyridoxine hydrochloride),none
pear puree with ascorbic acid,none
"parmesan cheese (pasteurized part skim milk, cheese cultures, salt, enzymes)",dairy
soybean oil and/or partially hydrogenated soybean oil,soybeans
"vegetable oil (canola, soybean and/or sunflower oil)",soybeans
tamarind artificial,none
sherry wine vinegar,none
"soy sauce (water, salt, soybean, wheat)","soybeans, wheat"
"margarine (soybean oil, palm oil, water, salt, whey [milk], soy lecithin, monoglycerides, natural flavor, vitamin a palmitate, vitamin d3)","soybeans, dairy"
"organic pizza sauce (water, organic tomato paste, organic extra virgin olive oil, sea salt, organic dehydrated onion, organic onion powder, naturally derived citric acid, organic oregano, organic basil, organic black pepper, organic garlic powder)",none
"cooked rice noodles (water, rice)",none
100% orange juice not from concentrate,none
chocolate coating: unsweetened chocolate,none
prepared pinto and pink beans,none
onions,none
2% or less of corn,none
"seasoning (salt, spices, natural hickory smoke flavor, dehydrated onion and garlic, paprika, caramel color, turmeric, natural flavor)",none
olive extract (antioxidant used as a preservative),none
"ginger puree (ginger, high fructose corn syrup)",none
lysozyme (egg),eggs
soluble crab spice,**fish
cooked pasta and vegetables: water,none
"ingredients: cold-brewed coffee (water, coffee)",none
"vegetable oil (contains one or more of the following: palm oil, sheanut oil and ape butter)",none
sweet pickles,none
guar gum fiber,none
"white chicken meat (white chicken meat, water, modified food starch, paprika, salt, sodium phosphate, dehydrated onion, dehydrated garlic, black pepper, ground celery)",celery
ruby red grapefruit juice concentrate,none
"mesquite smoked sea salt seasoning dry rub packet (maple sugar, smoked sea salt, spice, natural smoke flavor and silicon dioxide [added to prevent caking])",none
"enriched wheat flour (wheat flour, malted barley flour, niacin, iron, thiamin mononitrate, riboflavin, folic acid)","wheat, gluten"
and polyphosphates (to retain moisture),none
grade a pasteurized cultured low fat milk,dairy
"monterey jack cheese with jalapeno peppers (pasteurized milk, red, green jalapeno peppers, cheese culture, salt, enzymes)",dairy
"yellow 5 and yellow 6). battered with water, food starch-modified, rice flour, tapioca dextrin, leavening (sodium acid pyrophosphate",none
lime flavor,none
"smoked salmon (pink salmon, water, brown sugar, salt, brown sugar bourbon, natural wood smoke) and natural flavors",**fish
"apple (apple, calcium ascorbate fcc {to prevent discoloration})",none
turmeric and lemon juice concentrate,none
contains 2% or less of the following: whole eggs,eggs
"goat cheese (pasteurized organic goat milk, vegetal rennet, cheese culture, salt)",dairy
condensed skim-milk,dairy
dehydrated minced onions,none
"cooked pasta sheets (2% albumin durum flour[durum wheat flour, niacin, ferrous sulfate, thiamine mononitrate, riboflavin, folic acid], water, semolina [wheat flour, niacin, iron, thiamine mononitrate, riboflavin, folic acid], whole egg)","wheat, eggs, gluten"
sulfured,"sulphur dioxide, sulphites"
paprika oleoresin [color],none
natural flavor blend: natural maple flavor,none
sulfite free coconut,none
fractionated palm kernel oil; less than 2% of the following: natural flavor,none
coffee concentrate,none
rice cooking wine,none
blanched organic almonds,tree nuts
contains 2% or less of: artificial flavor beta-carotene (color),none
red chile pods,none
contains 2% or less of orange juice concentrate,none
tocopherols and ascorbyl palmitate to help protect freshness],none
vegetable juice extract (for color),none
"ingredients: unbleached enriched flour (wheat flour, niacin, reduced iron, thiamine mononitrate {vitamin b1)","wheat, gluten"
salt & garlic,none
potassium sorbate and calcium disodium edta (preservatives),none
"leavening (disodium pyrophosphate, sodium acid pyrophosphate, sodium bicarbonate)",none
organic beets,none
skinless chicken breast fillets containing up to 32% of a solution of: tomato basil sauce [water,none
less than 2% of: modified food starch,none
"sweetened dried cranberries (sugar, cranberries, sunflower oil)",none
natural hickory smoked boneless turkey breast [turkey breast,none
"marshmallow binder (maltitol, palm kernel oil, corn maltodextrin, egg whites, glycerin, titanium dioxide, soy lecithin, salt, natural and artificial flavors)",eggs
organic split green peas,none
freshly roasted peanuts,peanuts
anti oxidant (ascorbic acid e300),none
"dehydrated vegetables (carrot, peas, corn, onion, garlic, tomato)",none
contains 2% or less of each of the following: natural and artificial flavor,none
a coffee,none
organic baby red oak lettuce,none
our delicious ingredients: potatoes,none
"topping: salted caramel clusters (white coating (sugar, palm kernel oil, nonfat dry milk, whole milk powder, soy lecithin, salt), sugar, fudge coating (sugar, palm kernel oil, cocoa powder, whole milk powder, soy lecithin, salt), water, salt, natural flavors, caramel color, annatto)",dairy
"vegetable oil (hydrogenated and/or partially hydrogenated palm kernel, palm and/or coconut oil)",none
"2% or less of semi-sweet chocolate morsels (sugar, chocolate, milkfat, cocoa butter, soy lecithin, natural flavors)",dairy
"semi-sweet chocolate chunks (sugar, chocolate liquor, cocoa butter, dextrose, soy lecithin, vanillin [artificial flavor])",none
imitation crab meat [water,**mollusks
onion & spices,none
"bowl (cooked rice, sauce (water, brown sugar, soy sauce (water, wheat, soybeans, salt, alcohol, vinegar, lactic acid), miso (soybeans, rice, salt, koji [aspergillus oryzae]), wine vinegar, corn starch, molasses, contains 2% or less of: garlic, red chili peppers, ginger, potassium chloride, xanthan gum, spices), lightly breaded chicken (chicken white meat, wheat flour, water, contains 2% or less of: potato starch, soy sauce (water, wheat, soybeans, salt), salt, soy protein concentrate, yeast extract, spices, eggs. fried in vegetable oil), broccoli, carrots.)","wheat, soybeans, eggs"
saba bananas,none
eden sea salt,none
"colors added (yellow 5 lake, blue 1 lake)",none
milk protein isolates,dairy
contains 2% or less of: mustard,mustard
natural romano cheese flavor,**dairy
contains less than 2% of the following: citric acid,none
"ingredients: enriched bleached flour (wheat flour, niacin, reduced iron, thiamin mononitrate, riboflavin, folic acid)","wheat, gluten"
calcium and sodium caseinate,dairy
enzymes (wheat starch. microcrystalline cellulose),none
"uncured ham (pork, water, vinegar, brown sugar, salt, sugar, dehydrated bell peppers, extractive of paprika, natural flavors, celery powder)",celery
yellow mustard flour,mustard
"protein blend (soy protein isolate, whey protein concentrate, milk protein isolate, whey protein isolate)","soybeans, dairy"
and cyanocobalamin (b12)],none
sulfur dioxide to maintain color,sulphur dioxide
black raspberry puree [corn syrup,none
organic grilled zucchini,none
cocoa ingredients: sugar,none
fiber,none
cabbage extract,none
"emulsifier blend (mono- and diglycerides, soy lecithin, polysorbate 60)",none
sodium carboxy methylcellulose (stabilizer),none
vegetable oil (palm and/or corn oil),none
acacia gum (gum arabic),none
salt contains 2% or less of spices,none
contains less than 2% of the following: artificial flavor,none
and not more than 2% silicon dioxide (added to prevent caking),none
radish,none
"cream cheese (cultured milk and cream, salt, carob bean gum)",dairy
rapeseed oil,none
organic green bell pepper,none
"buttermilk flavor (maltodextrin, natural flavor)",dairy
yeast extract,none
"coating (coconut oil, maltitol, cocoa powder, unsweetened chocolate, whey powder, soybean oil, cocoa powder processed with alkali, soy lecithin, artificial flavor)","soybeans, dairy"
"artificial flavors and artificial colors (fd & c red no.40, titanium dioxide)",none
"ranch dressing (canola oil, nonfat buttermilk [whey, water, skim milk powder, corn starch, tapioca starch, carrageenan, locust bean gum, culture], water, maltodextrin, white wine vinegar, egg yolk, salt, sugar, buttermilk powder, distilled vinegar, seasoning blend [salt, maltodextrin, modified corn starch, dried onion, dried garlic, autolyzed yeast extract, natural flavor, spice, parsley, guar gum], sodium citrate, dextrose, xanthan gum, butter [cream, salt], dried garlic, dried onion, spices, mustard flour, natural flavors, modified corn starch)","dairy, eggs, mustard"
english walnuts,tree nuts
"vegetable oil ([palm, soybean and/or cottonseed oils], citric acid [preservative])",soybeans
"blue cheese chunks (water, blue cheese [cultured pasteurized milk, salt, enzymes], palm oil, sodium and calcium caseinates, salt, lactic acid, cellulose gum, sodium phosphates, potassium sorbate [a preservative], xanthan gum, locust bean gum)",dairy
natural fruit extractive,none
"contains 2% or less of the following: honey powder (honey, high fructose corn syrup, wheat starch, corn syrup)",wheat
d-calcium pantothenate (vit b5),none
sauteed garlic flavor,none
contains less than 2% of each of the following: food starch-modified (corn),none
"protein blend (water, nonfat milk, whey protein concentrate, soy protein isolate)","dairy, soybeans"
anhydrous citric acid,none
organic caramel flavor,none
"spices (including paprika (for color), chili pepper, oregano, bay leaves)",none
cayenne pepper powder,none
casei cultures,none
"chocolate chips (cane sugar, chocolate liquor, cocoa butter, sunflower lecitin (an emulsifier), vanilla extract)",tree nuts
"sour cream solids (sour cream [cream, cultures, lactic acid], cultured nonfat dry milk solids, citric acid)",dairy
dry onions,none
malic acid (provide tartness),none
"enriched flour (wheat flour, niacin, reduced iron, thiamin mononitrate, riboflavin, folic acid)","wheat, gluten"
"seasoning (maltodextrin, flavor, enzyme modified butterfat)",none
organic red chili pepper,none
"enriched flour (wheat flour, enzyme, niacin, reduced iron, thamin mononitrate (vitamin b1), riboflavin (vitamin b2), folic acid)","wheat, gluten"
oyster juice,fish
"apple juice from concentrate (water, concentrated apple juice)",none
"probiotic live active culture (s. thermophilus, lactobacillus delbruckii subsp. lactis, lactobacillus acidophilus, bifidobacterium lactis)",none
contains 2% or less of the following: food starch-modified,none
isolated carrot product,none
powered cellulose (to prevent caking),none
frozen almond mix: water,tree nuts
iron (ferrous sulfate),none
pectinase,none
filling: water,none
"milk chocolate (sugar, cocoa butter, unsweetened chocolate, nonfat dry milk, milkfat, soy lecithin [emulsifier], polyglycerol polyricinoleate [emulsifier], vanillin [artificial flavor])","dairy, soybeans"
"diced pickles (cucumbers, sugar, water, salt, vinegar, alum, natural and artificial flavors, turmeric, benzoate of soda)",none
contains less than 2% of: cellulose gel,none
garam masala (spices),none
bulgaris,none
contains less than 2% of: pecan pieces,tree nuts
"non-gmo rice milk (filtered water, brown rice [partially milled], expeller pressed canola oil and/or safflower oil and/or sunflower oil, tricalcium phosphate, sea salt, vitamin a palmitate, vitamin d2, vitamin b12)",soybeans
"wafers (wheat flour, sugar, caramel color, dextrose, palm oil, corn flour, contains 2% or less of corn syrup, cocoa processed with alkali, food starch-modified, salt, soy lecithin, mono and diglycerides, baking soda)","wheat, gluten, soybeans"
cellulose gel,none
hydrogenated vegetable oil [palm kernel oil and/or palm oil],none
"pork (cured with water, salt, sodium erythorbate, and sodium nitrite)",none
passions fruit concentrate,none
"vegetable shortening (palm oil, soybean oil, canola oil, vitamin e [added as an antioxidant])",soybeans
donut glaze stabilizer,none
natural & artificial flavor (includes coconut),none
"vegetable stock (water, onions, cabbage, celery, mushrooms, carrots, turnips, black peppercorns, mustard seed, dill weed, thyme, bay leaves, marjoram)","celery, mustard"
butter flavour,dairy
whey permeate powder,dairy
"chicken broth (water, chicken bones, tomato, onion, carrots, celery, dehydrated chicken stock [chicken stock, sea salt, sugar chicken fat, onion powder, natural flavor, carrot juice concentrate, celery juice concentrate rosemary extract, turmeric extract (color)], garlic, salt, parsley, coconut vinegar, black pepper, chicken fat, natural flavor, bay leaf)",celery
worcestershire sauce {water,none
"crust (enriched flour [wheat flour, niacin, reduced iron, thiamine mononitrate, riboflavin, folic acid], water, yeast, sugar, soybean oil, natural flavor [contains milk])","wheat, gluten, dairy, soybeans"
contains 2% or less of each of the following: vegetable oil (soybean and/or cottonseed oils),soybeans
"roasted almonds (almonds, cottonseed oil)",tree nuts
"vegetable oil (canola, high oleic sunflower, corn)",none
"cranberry juice (filtered water, fruit juice concentrates)",none
"milk derived protein blend (milk protein isolate, whey protein isolate, whey protein concentrate)",dairy
"aged parmesan cheese (part skim milk, cheese cultures, salt & non-animal rennet)",dairy
apple cider vinegar,none
florentinus,none
"vegetable oil (coconut, palm kernel, palm)",none
spices (including mustard and celery seed),"celery, mustard"
organic medjool dates,none
"organic tomato puree (water, organic tomato paste)",none
fd & c yellow 6,none
less than 2% of garlic,none
pumpkin spice flavor,none
mahi mahi,fish
confectionery glaze (shellac),shellfish
"raspberry filling (high fructose corn syrup, water, corn syrup, red raspberries, food starch-modified, dried apples [apples, calcium stearate {preservative}], contains 2% or less of: blue 1, cellulose gel, cellulose gum, citric acid, natural and artificial flavor, potassium sorbate {preservatives}, sodium benzoate {preservatives}], red 40, salt, sodium citrate)",none
"chocolate flavored flakes (sugar, coconut oil, cocoa powder processed with alkali, cocoa powder, salt, soy lecithin, natural flavor)",soybeans
"chipotles (chipotle peppers, water, tomato paste, salt, sugar, onion, vinegar)",none
mono-and diglycerides sorbitan monostearate monoglycerides,none
"baking powder (sodium acid pyrophosphate, sodium bicarbonate, ip corn starch and monocalcium phosphate)",none
organic tangerine essence,none
"organic pickle relish (organic cucumbers, water, organic distilled white vinegar, salt, calcium chloride, organic dried red bell pepper, xanthan gum, organic spice, natural flavors)",none
vitamin and mineral premix: magnesium phosphate,none
"dough conditioner blend (wheat flour, malted barley flour, enzymes, ascorbic acid)","wheat, gluten"
folic acid anhydrous],none
"parmesan cheese (pasteurized milk, cheese cultures, salt, enzymes, calcium chloride, powdered cellulose to prevent caking, sorbic acid to maintain freshness)",dairy
jalapeno peppers,none
"artichoke (artichoke hearts, water, salt, citric acid)",none
lactobacillus acidophilus cl 1285,none
"encapsulated salt (fully hydrogenated vegetable oil [contains one or more of the following hydrogenated oils: soybean oil, palm oil, cottonseed oil, coconut oil])",soybeans
dehydrated coriander,none
"swiss emmental & gruyere cheese 50% (cow's milk, cheese cultures, salt and enzyme)",dairy
glucose syrup (tapioca),none
koreanred pepper,none
organic apple and organic cherry juice concentrates,none
natural caramel flavor,none
"peanut butter (roasted peanuts, corn syrup solids, sugar, palm oil, salt)",peanuts
vegetable shortening (coconut oil and fully hydrogenated palm oil),none
reese's peanut butter sauce [peanuts,peanuts
silicon dioxide (added to make free flowing) & extractives of paprika,none
"soy sauce (water, soybeans, wheat, salt, alcohol1 [preservative])","soybeans, wheat"
and bromelain (tenderizer),none
"crust (whole oat flour, enriched bleached flour [wheat flour, niacin, reduced iron, thiamine mononitrate, riboflavin, folic acid], canola oil, whole wheat flour, invert sugar, soluble corn fiber, whole rolled oats, sugar, fructose, molasses, vitamins and minerals [vitamin a palmitate, calcium carbonate, niacinamide, reduced iron, zinc oxide, pyridoxine hydrochloride, riboflavin, thiamin hydrochloride, folic acid], whey powder, honey, sodium bicarbonate, natural flavor, cellulose gum, salt, guar gum, soy lecithin, sodium propionate - a preservative, leavening [sodium acid pyrophosphate, sodium bicarbonate, corn starch, monocalcium phosphate, calcium sulfate], wheat gluten, liquid whole eggs)","wheat, gluten, eggs"
"roasted almonds (almonds, canola and/or safflower oil)",tree nuts
"carrot cake (sugar, enriched wheat flour bleached [flour, niacin, reduced iron, thiamine mononitrate, riboflavin, folic acid], soybean oil, dextrose, carrots, food starch-modified, dried egg yolk, leavening [baking soda, sodium acid pyrophosphate, sodium aluminum phosphate, aluminum sulfate], dried egg whites, natural and artificial flavor, salt, xanthan gum, propylene glycol, guar gum, water, caramel color, corn syrup, polysorbate 80, glycerin, corn starch, corn oil, wheat starch, beta carotene [color], tocopherols [preservative], citric acid [preservative], silicon dioxide)","wheat, soybeans, eggs"
dried seaweed,none
"chicken fat powder (chicken fat, nonfat milk, natural flavor)",dairy
natural fruit flavor and organic spices (cinnamon and nutmeg),none
organic whole rolled oats,none
dehydrated orange peel,none
"ingredients: bittersweet chocolate (chocolate liquor, sugar, cocoa butter, soy lecithin, vanilla)",soybeans
"seasoning rub (sugar, spices, salt, paprika, dextrose, garlic powder, cocoa powder processed with alkali, tamarind extract [corn syrup, prune juice concentrate, extractives of tamarind, water, tartaric acid, caramel color, citric acid, molasses], tocopherols, sunflower oil, natural flavors)",none
brown sugar (sugar and molasses),none
carrot powder (color),none
purple carrot juice concentrate (for color),none
streptococcus thermophilus,none
"vanilla cookies (wheat flour, sugar, palm oil, salt, soy lecithin, natural and artificial flavors, baking soda)","wheat, soybeans"
and less than 2% of calcium stearate,none
benxoic acid (preservative),none
cooked arborio rice,none
"edible oils (palm oil, canola oil)",none
stabilizer (pectin e440),none
"green chile peppers (green chiles, water, citric acid)",none
natural lime flavor and other natural flavors,none
"color added (organic maqui berry juice concentrate, purple carrot juice concentrate)",none
fd&c red #40 (artificial color),none
"dijon mustard (distilled vinegar, water, mustard seed, salt, white wine, citric acid, turmeric [color], spices, tartaric acid)",mustard
"asiago and roasted garlic seasoning (maltodextrin (from ip corn), natural cheese flavor, garlic powder, onion powder, salt, spices, citric acid)",none
dried habanero chilies,none
acidity regulator: lactic acid,none
"raspberry jam (red raspberris, sugar, fruit pectin, citiric acid)",none
"dark sweet chocolate (sugar, chocolate, cocoa butter, soy lecithin, natural vanilla extract)",soybeans
whole grain buckwheat flour,none
oat bran,none
"seasoning (a blend of maltodextrin, salt, chili pepper and other spices, onion, modified food starch, yellow corn flour, less than 2%: silicon dioxide added to prevent caking, soybean oil, natural flavor, disodium inosinate and guanylate, oleoresin of paprika and garlic)",soybeans
"parmesan cheese (cultured part-skim milk, salt, and enzymes)",dairy
canola,none
calcium phosphates (raising agent),none
"organic spices (including organic paprika, organic mustard)",mustard
"cashews (cashews, sunflower oil)",tree nuts
extra white truffle (tuber magnatum pico) infused in olive oil,none
"candied oranges (oranges, glucose and fructose syrup, sugar, citric acid) and dark chocolate (sugar, cocoa mass (56% min.), cocoa butter, emulsifier: soy lecithin, vanilla)",soybeans
"vegetable oil (palm and palm kernel oil with sorbitan tristearate, soybean and palm oil with tbhq for freshness)",soybeans
preservative diglycerides,none
whole grain oat flakes,none
annatto & turmeric extracts for color,none
mandarin oranges,none
blueberry juice,none
"breadcrumbs (dried potato, degermed yellow corn meal, rice flour, dried garlic, salt, dried onion, canola oil)",none
"enriched flour(wheat flour, malted barley flour, niacin, iron, thiamin mononitrate riboflavin, folic acid)",wheat
stevia extract (leaf),none
"crust (enriched wheat flour [wheat flour, ferrous sulfate, niacin, thiamin mononitrate, riboflavin, folic acid, enzyme], water, soybean oil, contains 2% or less of: yeast, sugar, cultured whey, whey, vinegar, salt, dough conditioner [wheat flour, ascorbic acid, enzymes])","wheat, soybeans, dairy"
probiotic b,none
"chili pepper paste (red chili pepper, salt)",none
xanthan gum (stabilizer) and natural flavor,none
"contains 2% or less of textured vegetable protein (soy flour, caramel color)",soybeans
hazelnutsa,tree nuts
"and cheddar cheese (milk, cheese cultures, salt, enzymes)",dairy
precooked rye flakes,none
"spumoni fruit (sugar, pineapple, apples, cranberries, raisins, high fructose corn syrup, black cherries, grapes, peaches, malic acid, carob bean gum, natural flavor, red #40, nutmeg)",none
degerminated yellow cornmeal,none
"enriched flour (wheat flour, niacin, iron [ferrous sulfate], thiamine mononitrate, riboflavin, folic acid)",wheat
"diced jalapeno peppers (diced jalapeno peppers, water, vinegar, salt, trace of calcium chloride)",none
"seasoned cooked beef (beef, water, salt, sodium phosphate)",none
whole and chopped peanuts,peanuts
halved cherries artificially colored red with carmine,none
ghee (butter from cow's milk),dairy
dehydrated garlic and onion,none
"macaroni product (wheat flour, semolina, durum flour, niacin, ferrous sulfate, thiamine mononitrate, riboflavin, folic acid)",wheat
and less than 2% of dicalcium phosphate,none
"romano cheese made from cow's milk (pasteurized part skim milk, cheese culture, salt, enzymes)",dairy
"ezekiel 4:9 blend: (organic sprouted wheat, organic sprouted barley, organic sprouted millet, organic sprouted lentils, organic sprouted soybeans, organic sprouted spelt)","soybeans, wheat"
crab meat (crustacean shellfish),shellfish
contains less than 2% silicon dioxide,none
fermented black beans,none
fresh red ripe tomato pulp,none
"gluten free flour (organic corn flour, rice flour, potato starch, corn starch, tapioca starch, potato flour, soy flour, carrageenan, arabic gum, xanthan gum)",none
"seasonings ingredients: soy sauce powder [soy sauce (wheat, soybeans, salt)","wheat, soybeans"
canolaolive oil,none
smoked baby clams,shellfish
"tortilla (wheat flour, soybean oil, less than 2% of: salt, sugar, mono- and diglycerides, corn starch, sodium bicarbonate, calcium propionate and fumaric acid [to maintain freshness], sodium metabisulfite, cellulose, dicalcium phosphate, potassium sorbate, sodium stearoyl lactylate, enzymes, distilled monoglycerides, wheat starch, sodium chloride, calcium carbonate, tocopherols)","wheat, soybeans"
"cooked (chicken white meat, water, modified food starch, sodium phosphate, salt, battered with: water, wheat flour, modified corn starch, yellow corn flour, salt, rendered chicken fat, nonfat dry milk, dextrose, dipotassium phosphate, xanthan gum, tbhq, citric acid, spice extractives. breaded with: bleached wheat flour, salt, rice flour, dextrose, spices, leavening [sodium aluminum phosphate, sodium bicarbonate], yeast, extractives of paprika, breading set in vegetable oil.)","wheat, dairy"
fd&c yellow lake #6,none
collagen peptides,none
bha (as preservative),none
"chicken stock (water, chicken meat with natural juices, salt, cane juice solids, maltodextrin, chicken fat, yeast extract, natural flavor, onion, spice extractives, tumeric)",none
"topping (imitation mozzarella blend (water, palm oil, modified potato starch, rennet casein, modified corn starch, sodium citrate, salt, sodium phosphate, natural flavor, carrageenan, lactic acid, artificial color), mozzarella (pasteurized cultured reduced fat milk, salt, enzymes), cooked sausage made with pork-chicken added (pork, mechanically separated chicken, water, seasonings (spices, salt, dextrose, paprika, bht, tbhq, citric acid), diced pepperoni made with pork-chicken added-smoke flavor added (pork, mechanically separated chicken, salt, spices, water, dextrose, seasonings (natural spice extractives, extractives of paprika, natural smoke flavor, bha, bht, citric acid), lactic acid starter culture, sodium nitrite)), sauce (water, tomato puree [water, tomato paste], seasoning (salt, spices, sugar, dehydrated garlic), flavor blend (maltodextrin, dextrose, natural spice oleoresins), salt, modified corn starch, soybean oil, xanthan gum)","dairy, soybeans, wheat"
pasteurized sugared egg yolks,"eggs, dairy"
"semi-sweet chocolate (sugar, chocolate liquor, cocoa butter, soybean lecithin emulsifieri, vanilla extract)","soybeans, dairy"
herbs & truffle sea salt,none
"organic invert sugar syrup (organic cane sugar syrup, water)",none
carbon dioxide,none
"semisweet chocolate chunk (sugar, chocolate liquor, cocoa butter, soy lecithin [an emulsifier], and vanilla extract)",soybeans
"fruit (peaches, pears, grapes)",none
contains less than 2% of: modified food starch,none
"preservatives (ascorbic acid, potassium sorbate sodium benzoate)",none
"potassium chloride (potassium chloride, citric acid)",none
"cooked quinoa (water, white quinoa, glucono delta lactone (gdl), salt)",none
"scrambled egg (whole eggs, modified corn starch, salt, citric acid, xanthan gum)",eggs
pre-cooked organic kamut khorasan wheat,"wheat, gluten"
"chile peppers (green chiles, water, salt, citric acid, calcium chloride)",none
and natural flavorings,none
nitrogen,none
applesauce,none
chestnuts,tree nuts
penicillium roqueforti,none
alaskan pollock (theragra chalcogramma),fish
"canned crushed pineapple (pineapple, pineapple juice)",none
"organic pecorino romano cheese made from sheep's milk (organic sheep's milk, salt, cheese cultures, rennet)",dairy
chipotle (smoke-dried jalapeno) chili pepper,none
organic dry roasted peanuts,peanuts
"low fat ice cream (skim milk, buttermilk, cream, whey, polydextrose, maltitol, maltodextrin, milk, contains 1% or less of natural flavors, propylene glycol monoesters, mono & diglycerides, guar gum, carob bean gum, carrageenan, cellulose gel, cellulose gum, sucralose, acesulfame potassium, vitamin a palmitate)",dairy
seasoning pack: sea salt,none
"vegetable oil shortening (canola oil, palm oil, fractionated palm oil, fractionated palm kernel oil, monoglycerides, polysorbate 60)",none
"pasta and vegetables: pasta (water, durum semolina [wheat], nacin, ferrous sulfate [iron], thiamine mononitrate, riboflavin, folic acid)","wheat, gluten"
"filling (swiss cheese [pasteurized milk, cheese cultures, salt, enzymes], smoked ham no nitrates or nitrites added except for those naturally occurring in cultured celery and cherry powders [water salt, turbinado sugar, cultured celery powder, cherry powder], monterey jack cheese [pasteurized milk, cheese cultures, salt, enzymes], onion, heavy cream, milk, dijon mustard [distilled vinegar, water, mustard seed, salt, chardonnay wine, citric acid, tartaric acid, spices, turmeric], egg yolk, garlic, salt, butter [pasteurized cream], black pepper)","dairy, eggs, mustard"
organic milk butter,dairy
green peas,none
"potatoes vegetable oil (contains one or more of the following. canola oil, safflower oil and/or sunflower oil)",none
lime and lemon peel,none
"pickle relish (pickles, high fructose corn syrup, corn syrup, distilled vinegar, salt, red bell pepper, mustard seed, xanthan gum, natural spice flavors, calcium disodium edta)",mustard
colored with extracts of paprika,none
contains less than 2% of dextrose,none
contains less than 1 percent of: natural and artificial flavors,none
spread: soybean oil,soybeans
organic chipotle chile peppers,none
"bacon (pork, water, salt, sodium phosphates, sodium erythorbate, sodium nitrite, may contain: sugar)",none
calcium stearate (to prevent caking),none
"folic acid), high fructose corn syrup, contains less than 2% salt, dehydrated onion, potassium chloride, natural flavor, food starch-modified, citric acid, enzyme modified cheddar cheese (cheddar cheese [pasteurized milk","dairy, eggs"
organic tomato powder (for color),none
sulfur dioxide (for color retention),sulphur dioxide
"vegetable blend (green bell pepper, mushrooms, red onion, black olives with tomatoes)",none
"sodium bicarbonate), soy lecithin (emulsifier), calcium carbonate, egg whites, salt, reduced iron, niacinamide, vitamin a palmitate, riboflavin (vitamin b2), pyridoxine hydrochloride (vitamin b6), thiamin mononitrate (vitamin b1), vitamin b12","eggs, soybeans"
"buffalo style seasoning enrobed chicken (chicken breast meat with rib meat [skinless boneless chicken breast meat with rib meat, water, isolated soy protein product {isolated soy protein, modified food starch, unmodified corn starch, carrageenan with less than 2% soy lecithin}, salt, sodium phosphates, carrageenan], buffalo seasoning [hot sauce powder {hot sauce (aged cayenne peppers, distilled vinegar, salt, garlic powder), maltodextrin}, salt, sugar, spice, onion powder, garlic powder, cornstarch, natural flavors including grill, extractive of paprika],chives)",soybeans
certified organic kidney beans,none
vegetable shortening (canola and palm oil),none
"rice cracker chili crescent (glutinous rice, soy sauce [water, soy bean, wheat, salt], sugar, modified food starch [corn, tapioca], chili, yellow 5, yellow 6)","soybeans, wheat, gluten"
"milk chocolate (sugar, chocolate liquor, cocoa butter, whole milk powder, soy lecithin [an emulsifier], vanillin [an artificial flavoring])","dairy, soybeans"
fennel seed ground,none
vitamin b6 (phridoxine hydrochloride),none
"enriched egg noodles (enriched wheat flour [wheat flour, niacin, ferrous sulfate, thiamine mononitrate, riboflavin, folic acid], eggs)","wheat, gluten, eggs"
cheesecake base [corn syrup,none
"granular cheese (milk, cheese culture, salt, enzymes)",dairy
spices (including chili pepper and ginger),none
"pure dark and milk chocolate & white cocoa butter (sugar, chocolate liquor processed with alkali, cocoa butter, butter oil, whole milk, soy lecithin [an emulsifier], vanilla)","dairy, soybeans"
fd&c blue #1 and fd&c red #40,none
"egg substitute (potato flour, sugar, guar gum, sunflower lecithin, sunflower oil, enzyme)",eggs
apple jam,none
"vegetable oil (cottonseed, peanut, sunflower, and/or canola oil)","peanuts, soybeans"
"milk chocolatey coating (coconut oil, maltitol, inulin, nonfat dry milk, cocoa, cocoa processed with alkali, chocolate liquor, soybean oil, cocoa butter, soy lecithin, natural flavors)","dairy, soybeans"
organic sprouted flax seed,none
"cheese seasoning (maltodextrin, whey, dehydrated cheddar and blue cheese [(pasteurized milk, cheese cultures, salt, enzymes), whey, buttermilk lactic acid], buttermilk, salt, sugar, natural flavors, garlic powder, lactic acid, annatto and turmeric [color], citric acid)",dairy
"chicken broth (chicken broth, flavorings, hydrolyzed soy protein, carrots, hydrolyzed corn protein, celery, onion, salt, chicken fat, sugar, disodium guanylate, modified potato starch and autolyzed yeast extract)","soybeans, celery"
organic rice syrup,none
"fontina cheese (pasteurized milk, cheese cultures, salt, enzymes)",dairy
brownie: granulated cane sugar,none
non-hydrogenated expeller-pressed organic sunflower,none
yogurt: cultured pasteurized grade a organic nonfat milk,dairy
dried arbol pepper,none
"wild blueberry puree (wild blueberry, sugar)",none
onions and cabbage,none
and edta],none
pre-cooked whole grain oats,none
"artificial colors (may contain red 40, red 3, yellow 5, yellow 6, blue 1, blue 2, or titanium dioxide)",none
"sunflower seeds (sunflower seeds, sunflower oil and/or cottonseed oil, and/or peanut oil and/or soybean oil and/or canola oil, salt)","peanuts, soybeans"
cold-pressed extra virgin olive oil,none
yukon potatoes,none
cultured dextrose (preserves freshness),none
seedless strawberry puree,none
milk chocolate pieces 8,dairy
"dough conditioners (mono- and diglycerides, sodium and/or calcium stearoyl lactylate, soy lecithin, calcium carbonate)",soybeans
contains 2% or less of calcium propionate and potassium sorbate (preservatives),none
"pyridoxine hydrochloride vitamin b6), riboflavin, vitamin a palmitate, thiamin mononitrate, folic acid",none
hazelnut crunch: sugar,tree nuts
chablis wine (may contain sulfites),**sulphites
"crust (butter, organic brown sugar, brown rice flour, tapioca starch, sorghum flour, sea salt, baking powder (sodium acid pyrophosphate, potato starch, sodium bicarbonate)","dairy, wheat"
pear and grape juices,none
"baby swiss cheese (pasteurized milk, cheese cultures, salt, microbial enzymes)",dairy
"red 3), corn starch, bht (to maintain freshness)",none
dehydrated jalapenos,none
"enriched bleached wheat flour (flour, niacin, iron, thiamin mononitrate, riboflavin, folic acid)","wheat, gluten"
potassium sorbate and sodium bisulfite as preservatives,none
"topping: sugar cookies (unenriched wheat flour, sugar, butter (cream, salt), coconut oil, pasteurized eggs, water, salt)","dairy, eggs, wheat"
filtered water (only sufficient to reconstitute juice concentrates),none
"acids (fumaric, tartaric, lactic)",none
"(wine vinegar, concentrated grape must, cooked grape must, caramel color)",none
red quinoa,none
gum balls: sugar,none
and no more than 2% silicon dioxide added to prevent caking,none
"romano cheese (pasteurized cow's milk, cheese culture, salt, enzymes)",dairy
spices (including paprika & turmeric for color and spice),none
"caramel (maltitol syrup, modified palm kernel oil, skim milk, milk protein concentrate, cream [cream, milk, cellulose gel, carrageenan, cellulose gum], glycerin, butter, water, salt, mono- and diglycerides, natural flavor, disodium phosphate, soy lecithin, carrageenan)","dairy, soybeans"
palm oil with sunflower lecithin and rosemary extract (antioxidant),none
"marshmallows (sugar, modified corn starch, corn syrup, dextrose, gelatin, blueberry, pumpkin and carrot concentrates for color, sodium hexametaphosphate, natural flavor)",none
cacao powder sodium bicarbonate,none
"grain and seed blend (steel cut wheat, steel cut oats, oat flakes, barley flakes, triticale flakes, soft white wheat flakes, rye flakes, amaranth, flax seeds, wheat germ, whole grain cornmeal)","wheat, gluten"
low-moisture part-skim mozzarella (pasteurized part-skim milk),dairy
dextrose syrup (wheat),"wheat, gluten"
corn gluten and wheat gluten with partially hydrogenated cottonseed and soy oil,"soybeans, wheat, gluten"
pouc acid,none
"and artificial colors (fd&c yellow #5, yellow #6)",none
"organic tofu (filtered water, organic soybeans, magnesium chloride)",soybeans
(ascorbic acid),none
escarole,none
magnesium lactate and calcium lactate and potassium phosphate (electrolyte sources),none
"blueberry flavored filling (sugar, glycerin, corn syrup, water, blueberry puree, apple puree, maltodextrin, apple powder, pectin, xanthan gum, malic acid, citric acid, sodium alginate, dicalcium phosphate, sodium citrate, mono- and diglycerides, ascorbic acid (a preservative), potassium sorbate (a preservative), natural flavor, colors [red 40, blue 1])",none
yeast nutrients (monocalcium phosphate),none
"contains less than 1% of: organic spices (organic cayenne pepper, organic cumin powder, organic coriander powder, organic oregano)",none
"capsicum (propylene glycol, natural extractives of chili peppers, water)",none
cider,none
organic baby red leaf lettuce,none
herbs and ascorbic acid,none
bacon fat and cooked bacon,none
propylene glycol albinate,none
hickory & mesquite smoke flavoring,none
sodium metabisulfite (maintains freshness),"sulphur dioxide, sulphites"
contains 2% or less of: green bell peppers,none
natural chocolate flavour,none
"non-dairy frozen dessert (bananas, dates, strawberries, coconut milk (water, coconut milk), lemon juice, beet powder, guar gum, salt, carob gum)",none
protein (enzymes)],none
"cooked organic red quinoa (organic red quinoa, water)",none
"bread [enriched unbleached wheat flour (wheat flour, malted barley flour, ascorbic acid added as a dough conditioner, niacin, reduced iron, thiamin mononitrate, riboflavin, folic acid)","wheat, gluten"
"artificial colors (fd&c red #40, fd&c yellow #6, fd&c yellow #5 and fd&c blue #1)",none
less than 2% tricalcium phosphate added to prevent caking],none
"organic cheddar powder (pasteurized organic milk, cultures, salt, enzymes)",dairy
tricalcium phosphate (to prevent caking),none
modified cellulose gum,none
contains 2% or less of distilled vinegar,none
"pie crust cookies (wheat flour, sugar, palm oil, palm kernel oil, salt, corn starch, soy lecithin)","wheat, gluten, soybeans"
shredded coconut,tree nuts
calcium carbonate(natural source of calcium),none
"mozzarella cheese (pasteurized milk, pasteurized skim milk, salt, calcium chloride, microbial cultures, microbial rennet)",dairy
garlic and silicone dioxide,none
"milk (reduced fat milk, vitamin a palmitate, vitamin d3)",dairy
"crushed tomatoes (tomatoes, salt)",none
"egg yolk (egg yolk, sugar)",eggs
pink,none
turmeric and annatto extracts (color)contains: wheat,"wheat, gluten"
spices (including turmeric and chili powder),none
"batter mix (yellow corn flour, wheat flour, modified food starch, salt,whey, sodium acid pyphosphate, sodium bicarbonate, sodium alginate, soy flour, non-fat dry milk, paprika, oleoresin, natural flavor, dry whole eggs)","wheat, gluten, dairy, eggs, soybeans"
"beer (malted barley, malted wheat, hops}, balsamic vinegar (wine vinegar, cooked grape must, concentrated grape must, caramel color), onion, light brown sugar (sugar, molasses), water, cherry concentrate, tomato paste, lemon juice, unsalted butter, sugar, apple cider vinegar, chili pepper, sea salt, worcestershire sauce (distilled white vinegar, molasses, sugar, water, salt, onions, anchovies, garlic, cloves, tamarind extract, natural flavorings, chili pepper extract), honey, black pepper, salt, lemon zest, cinnamon, cloves","wheat, gluten, dairy, fish, sulphur dioxide, sulphites"
dry eggs,eggs
filtered carbonated water,none
"artichokes (artichoke bottoms, water, salt, citric acid)",none
"penne pasta (semolina flour [wheat], egg white)","wheat, eggs"
selenium,none
natural,none
and less than 2 percent silicon dioxide added as an anticaking agent,none
"unbleached wheat flour (wheat flour, malted barley flour, niacin, reduced iron, thiamin mononitrate, riboflavin, folic acid)",wheat
"fermented rice extract (rice, alcohol, salt, citric acid)",none
dry garlic (4.5%),none
"chicken bone stock concentrate (chicken bones and meat, onions, carrots, celery, parsley, apple cider vinegar, sea salt, black pepper and bay.)",celery
"powdered cane sugar (corn free, vegan)",none
dates (coated with dextrose or oat flour (anti-coated agents). partially hydrogenated soybean and cottonseed oil),soybeans
beet juice concentrate parsley juice concentrate,none
"enriched flour (wheat flour, malted barley flour, niacin, reduced iron, thiamine mononitrate, riboflavin, folic acid, water, low moisture part skim mozzarella cheese (cultured pasteurized part skim milk, salt, enzymes), tomato paste, palm oil, contains 2% or less of: vegetable oil (soybean and/or canola oil), nonfat milk, sugar, salt, yeast, modified food starch, spice, maltodextrin, dried garlic, hydrolyzed soy and corn protein, paprika, natural flavor, dried onion, wheat starch, defatted soy flour, l-cysteine hydrochloride, ammonium sulfate, annatto (color), soy lecithin, ascorbic acid (dough conditioner)","wheat, dairy, soybeans"
natural roasted garlic flavor,none
"flour blend (organic millet flour, tapioca flour, teff flour, organic sorghum flour, organic amaranth flour)",none
"parmesan & romano cheese blend (parmesan cheese [pasteurized milk, cheese cultures, salt, rennet], romano cheese [pasteurized milk, cheese cultures, salt, rennet])",dairy
"pasteurized part skim mozzarella cheese (milk, cultures, rennet, salt)",dairy
"grape juice from concentrate (filtered water, grape juice concentrate)",none
turmeric and annatto extracts (for color),none
colored with: organic carrot concentrate,none
"crackers (wheat flour, iodized salt and corn starch)",wheat
"roasted tomatoes in oil (tomatoes, sunflower oil, garlic, salt, oregano)",none
"vanilla icing (sugar, partially hydrogenated palm kernel oil and/or soybean oil, water, corn syrup, dextrose, sodium caseinate, potassium sorbate (preservative), modified cellulose, polysorbate 60, artificial flavors, salt, sodium citrate, soy protein concentrate, mono & diglycerides, sodium benzoate (preservative), polyglycerol esters of fatty acids, soy lecithin, xanthan gum)","soybeans, dairy"
peanut butter cups: sugar,peanuts
"shortening (palm oil, mono- and diglycerides, polysorbate 60)",none
ginger miso dressing (canola oil non-gmo expeller pressed canola oil),none
"imported pecorino romano cheese (sheep's milk, cheese cultures, salt, enzymes)",dairy
noodles: wheat flour,wheat
mustard seeds,mustard
freeze dried organic cranberries,none
refiner's syrup,none
"mint condition proprietary herb blend (peppermint, lemon balm, spearmint, lavender, greek mountain mint, chamomile flowers, linden flowers, blue spirulina)",none
xanthan gum and garlic,none
amaranth flakes,none
mangosteen,none
corn syrup,none
"milk chocolate peanut gems (milk chocolate [sugar, cocoa butter, chocolate liquor, whole milk powder, soy lecithin {an emulsifier}, salt, vanilla], peanuts, sugar, corn oil, gum arabic, corn syrup, artficial coloring [includes red 40 lake, yellow 6 lake, yellow 6, yellow 5 lake, blue 2 lake, blue 1 lake], confectioner's glaze)","dairy, peanuts"
"marshmallow (corn syrup, sugar, modified cornstarch, gelatin)",none
beef flavor,none
"chicken broth powder (salt, yeast extract, torula yeast, chicken broth, onion powder, sugar, natural chicken flavor, chicken fat, natural flavor and not more than 2% silicon dioxide added to prevent caking)",none
black tea kombucha culture1,none
hormone and antibiotic free chicken feet,none
white lima beans,none
"dark chocolate chips (sugar, chocolate liquor, anhydrous milk fat, cocoa butter, soy lecithin)","dairy, soybeans"
"filling 30%: breadcrumbs (flour of soft wheat, water, natural yeast, salt)",wheat
pasteurized milk and/or milkfat,dairy
contains less than 2% of: cilantro,none
callaloo (garden vegetable),none
cacaoa,none
magnesium stearate,none
"margarine (palm oil, water, soybean oil, salt, soy lecithin natural flavor, beta carotene [color], vitamin a palmitate added)",soybeans
"colors (includes titanium dioxide, yellow 6, yellow 5, red 3, blue 1)",none
dark sweet chocolate (sugar; chocolate; cocoa butter; soy lecithin; natural vanilla extract),soybeans
non-gmo mustard flour,mustard
contains 2% or less of cocoa powder(processed with alkali),none
"seasoning blend (salt, sugar, onion powder, garlic powder, paprika, chipotle pepper powder, xanthan gum)",none
orange extract,none
madagascar bourbon vanilla beans,none
"modified corn starch), onion and garlic powder, salt, citric acid, spice, natural flavor, paprika, turmeric",none
sour cream (cultured milk and cream),dairy
"caramelized onions (yellow onions, sugar, apple juice concentrate)",none
rubbed with: vinegar,none
"enriched flour (wheat flour, niacin, iron, thiamine, riboflavin) water","wheat, gluten"
"vitamin b6 (pyridoxine, hydrochloride)",none
algin (kelp extract),none
"seasoning (maltodextrin, cultured dextrose, sodium diacetate, sodium chloride, egg white lysozyme, nisin preparation)",eggs
"salt), salted cashews (cashews",tree nuts
cheese: asiago,dairy
"romano cheese (made from cow's milk, cheese cultures, salt, enzymes)",dairy
"frosting: powdered sugar (sugar, constarch)",none
"chocolate (semisweet chocolate (chocolate liquor, sugar, cocoa butter, milk fat (butter)), soya lecithin and pure vanilla)","dairy, soybeans"
virginia style peanuts,peanuts
"worcestershire sauce (distilled vinegar, molasses, water, corn syrup, salt, caramel color, sugar, spices, anchovies, natural flavors (soy), and tamarind extract)","fish, soybeans"
cultured wheat flour added with vinegar,"wheat, gluten"
vegetables broth (peas and carrot extract),none
white distilled vinegar powder,none
"semisweet chocolate (unsweetened chocolate processed with potassium carbonate, sugar, cocoa butter, sunflower and/or soy lecithin, vanilla)",soybeans
vitamin d3 and annatto (color),none
"vegetable stock (salt, glucose syrup [wheat], vegetable powder [onion, carrot, tomato], sugar, sunflower oil, spices)","wheat, gluten"
"chocolate chunk (chocolate, cream, salt)",dairy
organic barley,none
"tempura chicken (chicken white meat, water, wheat flour, cornstarch, contains 2% or less of: potato starch, salt, wine vinegar, vegetable oil, yeast extract, baking soda, eggs, spices, soy sauce (water, soybeans, wheat, salt, alcohol), honey. fried in vegetable oil)","wheat, gluten, eggs, soybeans"
"romano cheese (pasteurized sheep's milk, cheese culture, salt, enzymes, modified food starch, powdered cellulose (anti-caking agent), water, whole egg, bread crumbs (wheat flour, sugar, canola oil, salt, yeast), flour blend (yellow corn flour, wheat flour, soybean oil, extractives of turmeric and paprika), dehydrated potatoes (100% potatoes), tomato paste (tomatoes and citric acid), natural romano flavor (contains cultured part-skim cow's milk, water, disodium phosphate), natural parmesan flavor (contains milk, water, disodium phosphate), salt, spinach powder, parsley, tomato powder, natural chlorella powder, black pepper","dairy, wheat, gluten, eggs"
"cake: bleached enriched wheat flour (wheat flour, niacin, benzoyl peroxide, reduced iron, thiamine mononitrate, riboflavin, folic acid, chlorine)","wheat, gluten"
"confectionery coating (sugar, palm kernel oil, partially defatted peanut flour, cocoa powder, nonfat dry milk powder, soy lecithin, salt, whole milk powder, peanut oil)","peanuts, dairy, soybeans"
cinnamon and clove,none
contains 2% or less of each of the following: gum blend,none
yogurt base: cultured pasteurized grade-a skim milk,dairy
"creamer (partially hydrogenated vegetable oil [coconut and soybean oil], corn syrup solids, sodium caseinate [a milk derivative], dipotassium phosphate, sugar, mono- and diglycerides, silicon dioxide, sodium stearoyl lactylate, soy lecithin, colored with annatto, turmeric)","dairy, soybeans"
cheddar cheese sauce: maltodextrin,none
cane and brown sugar,none
"chile-garlic blend (chile peppers, distilled vinegar, garlic, salt)",none
halal chicken thigh,none
"nut and seed mix (peanuts, peanut butter, flax seeds)",peanuts
"butter flavor), whey, maltodextrin, potassium chloride, citric acid, soy flour, egg whites","dairy, eggs, soybeans"
"provolone cheese (pasteurized milk, cheese culture, salt, enzymes)",dairy
ingredients: distilled vinegar,none
medium hatch green chiles,none
"roasted red beet (red beet, canola oil)",none
sun dried tomatoes (contains sulfites),sulphites
"colors (titanium dioxide, yellow 5, caramel color)",none
"molasses base (water, molasses, yeast)",none
"spices (chili pepper, cayenne, black pepper, parsley)",none
"pepperoni (pork, beef. salt, contains less than 2% of: spices, dextrose, lactic acid starter cultures,oleoresin of paprika, sodium ascorbate, flavoring, sodium nitrite, bha, bht, citric acid)",**dairy
fresh pork hams cured with: water,none
yellow 6 blue 1,none
riboflavin (b2 vitamin),none
"organic sour cream (pasteurized organic cream, organic whey [milk], disodium phosphate, lactic acid, salt, silicon dioxide [to prevent caking], natural flavor, mixed tocopherols)",dairy
"cookies (sugar, enriched flour [wheat flour, niacin, reduced iron, thiamine mononitrate {vitamin b1}, riboflavin {vitamin b2}], folic acid], soybean and palm oil, cocoa processed with alkali, invert sugar, contains 2% or less of yellow corn flour, corn starch, chocolate, salt, leavening [baking soda, monocalcium phosphate], artificial flavor, soy lecithin, whey)","wheat, soybeans, dairy"
"yogurt (grade a pasteurized skim milk, cream, milk protein concentrate, food starch, gelatin, pectin, cultures {streptococcus thermophilus, lactobacillus delbrueckii sub sp. bulgarious, lactobacillus paracase, propionibacterium freudenreichii shermanii}, cucumber, garlic, sea salt, white vinegar, dill, natamycin",dairy
"creamer (partially hydrogenated coconut oil, corn syrup solids, maltodextrin, sodium caseinate [a milk derivative], dipotassium phosphate, mono- and diglycerides, silicon dioxide, soy lecithin) cocoa (processed with alkali)","**dairy, soybeans"
"cashews and pecans (cashews and pecans, peanut and/or sunflower oil, salt)","peanuts, tree nuts"
enriched with thiamin,none
vegetable juice concentrate (color),none
carnauba wax and bees wax (to prevent sticking),none
diamond glittery sugar ingredients: sugar,none
"partially hydrogenated vegetable oil (contains one or more of the following: palm kernel, palm, soybean)",soybeans
"oil blend ([soybean oil and/or sunflower oil and/or canola oil], natural butter flavor, annatto [color])",soybeans
organic crushed red peppers,none
contains 2% or less of artificial flavor,none
roasted eggplant,none
"stabilizer (locust bean gum, guar gum, standardized with sugar and calcium sulfate as processing aid)",none
glucose syrup,none
fruit and vegetable extract,none
contains 2% or less of: dipotassium phosphate,none
pinot grigio wine,none
applesauce (unsweetened),none
"coloring (includes blue 2 lake, blue 1 lake, yellow 5, yellow 6, yellow 6 lake, red 40, red 40 lake, blue 1, yellow 5 lake, blue 2)",none
contains 2% or less of the following: modified food starch,none
"cooked enriched spaghetti (water, enriched wheat flour [durum wheat semolina, niacin, reduced iron, thiamine mononitrate {vitamin b1}, riboflavin {vitamin b2}, folic acid], wheat protein isolate [wheat gluten, sodium phosphate, lactic acid], glyceryl monostearate)","wheat, gluten"
lemon juice and lemon oil,none
zinc and iron (mineral nutrients),none
"enriched bleached flour (wheat flour, niacin, reduced iron, thiamin mononitrate, riboflavin, folic acid)","wheat, gluten"
organic lime peel,none
sea salt and vegetable enzymes,none
flavor (includes soy lecithin),soybeans
natural hickory and mesquite smoke flavors,none
"enriched wheat flour (wheat flour, malted barley flour, niacin, iron, thami mononitrate, riboflavin, folic acid)","wheat, gluten"
non gmo popcorn,none
"peanut butter syrup (peanut butter, soybean oil, sugar, salt)","peanuts, soybeans"
carrageenan gum,none
"italian sausage (pork, spices, salt, sugar, natural flavorings, dehydrated garlic)",none
"leavening (sodium bicarbonate, sodium acid pyrophosphate, cornstarch, monocalcium phosphate, calcium sulfate)",none
"natural parmesan cheese flavor (parmesan cheese [pasteurized milk, cultures, salt, enzymes], water, salt, disodium phosphate, sodium citrate)",dairy
acidic sodium aluminium phosphate,none
contains less than 1% of vitamin a palmitate,none
"filling: ricotta cheese (whey, milk, bacterial culture, salt, citric acid)",dairy
organic cocoa mass+,none
mixed pitted green and black olives in variable ratio,none
morro seed,none
"vegetable oil (may contain one or more of the following: corn oil, cotton seed oil or sunflower oil)",none
"chocolate flavored coating (maltitol, cocoa butter, chocolate liquor, dry whole milk, whey protein concentrate, soy lecithin, natural flavor)","dairy, soybeans"
"crust: (wheat flour, water, palm oil, yeast, salt, calcium propionate, sugar, l-cysteine, and beta carotene)","wheat, gluten"
"smoked gouda (pasteurized milk, cheese culture, salt, enzymes, annatto [vegetable color], natural smoke flavor",dairy
"minced pimiento (pimiento, sodium alginate, guar gum, calcium chloride, potassium sorbate as a preservative)",none
"confectionery coating (sugar, palm kernel oil, nonfat milk powder, whole milk powder, whey [milk], palm oil, soy lecithin, vanilla)","dairy, soybeans"
artificial color (fd&c yellow #6),none
caramel swirl {corn syrup,none
expeller-pressed sunflower oil,none
seasoning: whey,dairy
contains less than 2% of: sorbitol,none
contains less than 2% of: cocoa processed with alkali,none
contains less than 2% of food starch-modified,none
tuna (scombridae),fish
vitamin b6 (pyridoxine hcl),none
lime concentrate,none
vegetable extracts,none
"chili lime tortilla chips (white corn flour, sunflower oil, salt, sour cream powder [sour cream {cream, nonfat milk, cultures}, culture nonfat milk, lactic acid, citric acid], maltodextrin, citric acid, paprika, whey, spices, lime juice powder [corn syrup solids, lime juice solids with added lime oil)","dairy, wheat, gluten"
organic aloe vera gel flakes,none
"natural cheese flavor (enzyme modified skim milk cheddar cheese product [pasteurized skim milk, whey and milk protein concentrate, cheese cultures, salt, enzymes] natural flavor, yeast extract, salt)",dairy
"tortilla (bleached and/or unbleached enriched wheat flour [flour, malted barley flour, niacin, reduced iron, thiamine mononitrate, riboflavin, folic acid], water, shortening [palm oil and soybean oil with mono and diglycerides added], dough conditioner [salt, sodium propionate, leavening (sodium acid pyrophosphate, sodium bicarbonate, monocalcium phosphate), potassium sorbate (to preserve freshness), wheat flour, soy protein, maltodextrin, starch, mono and diglycerides, lecithin, dextrose, xanthan gum, guar gum, l-cysteine, natural flavors])","soybeans, wheat, gluten"
organic grape juice from concentrate,none
dimethyl silicone (for anti-foaming),none
"tamari soy sauce (water, soy and salt)",soybeans
"canola oil (canola oil, citric acid)",none
vegetable oil (cottonseed and/or sunflower and/or soybean oil),soybeans
"dough: [flour (wheat flour, water, dough conditioner (sugar, cream of tartar, beta carotene), extra virgin olive oil, yeast, corn oil], sauce: vine ripened fresh peeled ground tomatoes, salt, calcium chloride, spices (modified food starch, sugar, spices, salt, and less than 2% soybean oil, calcium silicate), cheese: cheese: [low moisture mozzarella cheese (pasteurized part skim milk, cheese cultures, salt, enzymes)], sausage: pork, seasoning [spices, salt, corn syrup solids, paprika, garlic powder, sugar, lemon juice powder (corn syrup solids, lemon juice solids, lemon oil), natural flavors], water, salt, pepperoni: pork,salt, contains 2% or less of cane sugar, natural flavorings (including celery powder), spices, oleoresin of paprika, lactic acid starter culture. spice topping: romano cheese: (pasteurized milk, cheese cultures, salt, and enzymes), oregano","dairy, wheat, gluten"
"genoa salami (pork, beef, salt, dextrose, lactic acid starter culture, spices, sodium ascorbate, sodium nitrite, garlic powder, bha, bht and citric acid [to help protect flavor])",none
"bleached enriched wheat flour (bleached wheat flour, niacin, reduced iron, thiamine mononitrate, riboflavin, folic acid)","wheat, gluten"
organic lemon juice powder,none
paprika and tricalcium phosphate (anti-caking agent),none
"parmesan cheese (milk, cultures, salt, enzymes)",dairy
organic whole grain einkorn wheat,none
"marshmallows (sugar, modified corn starch, corn syrup, dextrose, gelatin, red 40, yellow 6, yellow 5, blue 1, sodium hexametaphosphate, natural and artificial flavor)",none
malic acid and citric acid (provides tartness),none
"leavening (baking soda, sodium acid pyrophosphated, monocalcium phosphate)",none
organic heirloom wheat flour,none
"purple and pink coated pretzel balls (white chocolate (sugar, cocoa butter, milk, soy lecithin, natural flavor), pretzel balls (enriched wheat flour (wheat flour, niacin, reduced iron, thiamine mononitrate, riboflavin, folic acid), vegetable oil {canola, corn, and/or soybean), salt, corn syrup, baking soda, yeast)","dairy, wheat, gluten"
"panko bread crumbs (wheat flour, cane sugar, yeast, sea salt)","wheat, gluten"
"skim milk yogurt powder (skim milk, cultures)",dairy
chicken flavoring,none
"roasted peanuts (peanuts, peanut oil, salt)",peanuts
"dressing (water, canola oil, dijon mustard [distilled vinegar, water, mustard seed, salt, white wine, citric acid, turmeric, tartaric acid, spices], dried garlic, parmesan cheese [part skim milk, culture, salt, enzymes], distilled vinegar, egg yolk, salt, pepper sauce [cayenne peppers, distilled vinegar, water, salt, dried garlic], lemon juice concentrate, sugar, modified corn starch, stabilizer blend [xanthan gum, carrageenan], mustard flour, spice, anchovies, maltodextrin, whey powder, skim milk powder, natural flavor, butter extractives)","dairy, eggs, mustard, soybeans"
or big 8 allergens added,none
"goat cheese (pasteurized goat milk, vegetal rennet, cheese cultures, salt)",dairy
"dried cranberries (sugar, sunflower oil)",none
"bright organic protein blend (organic pumpkin protein, organic pea protein, organic brown rice protein)",none
"ice cream (milk, cream, skim milk, buttermilk, whey, sugar, corn syrup, contains 2% or less of: cocoa processed with alkali, vanilla extract, natural flavor, strawberry juice concentrate, citric acid, cherry juice concentrate, artificial flavor, mono and diglycerides, guar gum, calcium sulfate, carob bean gum, cellulose gum, carrageenan, red 40, blue 1, annatto for color)",dairy
"dried molasses (cane sugar, molasses)",none
"hickory smoke flavor (water, natural hickory smoke concentrate)",none
"fudge syrup (corn syrup, water, cocoa processed with alkali, corn starch-modified, salt, potassium sorbate [preservative], citric acid, natural flavor)",none
rice bran and water,none
if multifruit: artificial flavor,none
diced green chili peppers,none
"leavening (sodium bicarbonate, sodium acid pyrophosphate)",none
"almonds; sugar; butter (cream, salt); dark chocolate coating (sugar, palm kernel oil and palm oil, cocoa powder (processed with alkali), soy lecithin (an emulsifier), natural flavor, whole milk solids, and salt); soy lecithin","tree nuts, dairy, soybeans"
"ingredients: enriched bleached flour (wheat flour, malted barley flour, niacin, reduced iron, thiamin mononitrate, riboflavin, folic acid)","wheat, gluten"
"dough conditioners (sodium stearoyl lactylate, calcium peroxide)",none
emulsifier(lecithin)and natural vanilla,soybeans
artificial and natural flavors,none
citrus fiber and salt,none
contains 2% or less of: red chili peppers,none
"greek vanilla nonfat yogurt (cultured pasteurized grade a nonfat milk, sugar, fructose, corn starch, natural flavor, locust bean gum, malic acid, contains l. bulgaricus, s. thermophilus, l. acidophilus, bifidus and l. casei cultures)",dairy
"enriched unbleached wheat flour (unbleached wheat flour, niacin, reduced iron, thiamine mononitrate, riboflavin, folic acid)","wheat, gluten"
oolong green tea,none
"sprinkles (icing sugar [sugar, cornstarch], palm kernel oil, modified cornstarch, cornstarch, sunflower lecithin, color [mica-based pearlescent pigment, fd&c yellow #6, fd&c yellow #5, fd&c blue #1, fd&c red #3], shellac, polysorbate 60)",none
contains less than 2 % of: soybean oil,soybeans
tocopherols (vitamin e) added to maintain freshness,none
natural pumpkin spice flavor potassium sorbate (preservative),none
"pineapple juice from concentrate (water, pineapple juice concentrate)",none
natural extractives of paprika,none
"textured vegetable protein (water, pea protein, pea starch)",none
"fontina cheese (pasteurized milk, cheese culture, salt & enzymes, powdered cellulose (to prevent caking), jalapeno peppers, contains less than 2% of: red peppers, shortening (palm oil, lecithin, natural flavors, beta carotene), whey, sugar, modified corn starch, salt, seasoning (rice flour, corn starch, wheat starch, salt, partially hydrogenated vegetable oil [soybean and/or cottonseed], sodium alginate), dough conditioner (calcium sulfate, salt, l-cysteine hydrochloride, deodorized garlic powder, tricalcium phosphate, fungal enzymes, mono- and diglycerides, whey, ethoxylated mono- and diglycerides, wheat flour), yeast, sodium hydroxide","dairy, wheat, soybeans"
"confectionery coating (sugar, hydrogenated palm kernel oil, cocoa powder, whey powder, nonfat milk powder, soy lecithin [an emulsifier], vanilla)","dairy, soybeans"
calcium cholride,none
"enriched egg noodles (wheat flour, eggs, egg whites, niacin, ferrous sulfate [iron], thiamin mononitrate, riboflavin, folic acid)","wheat, eggs"
pure peppermint flavor,none
"pepperoni: (pork, salt, spices, dextrose, lactic acid starter culture, oleoresin of paprika, flavoring, garlic powder, sodium nitrite, bha, bht, citric acid. may/may not contain beef bha & bht with citric acid added to help protect flavor)",none
water lily seeds,none
canola oil+,none
natural flavors with milk,dairy
"malt center (sugar, dairy blend [whey, whey protein concentrate], malt powder [malted barley, wheat, milk, hydrolyzed wheat gluten, sodium bicarbonate, salt], natural and artificail flavors)","dairy, wheat, gluten"
disodium dihydrogen pyrophosphate (to promote color retention),none
"cream cheese (sweet cream, non-fat dry milk, cheese cultures)",dairy
yellow quinoa,none
contains less than 2%: cornstarch modified,none
"papadum (urad dal flour, pepper, sodium bicarbonate, salt, vegetable oil)",none
"strawberry filling (water, sugar, strawberry puree, corn syrup, modified food starch, dextrose, 2% or less of: citric acid, tapioca dextrin, salt, potassium sorbate, sodium propinate, sodium benzoate, algin, sodium carboxymethylcellulose, carrageenan, red 40, artificial flavor.)",none
"cheese (cheddar and blue, pasteurized milk, whey protein concentrate, salt, cheese culture, salt, enzymes)",dairy
organic marshmallow root powder,none
yellow 6 lake and less than 2,none
"dough conditioners (ethoxylated mono- and diglycerides, mono- and diglycerides, sodium stearoyl lactylate, ascorbic acid)",none
non gmo whipped sesame tahini,sesame
"vegetable oil (soybean oil, palm stearine oil)",soybeans
breadfruit nuts,none
"contains less than 2% of each of the following: sweet cooking rice wine (water, mirin [rice, alcohol, salt, enzymes], sugar, lactic acid)",none
manzanilla olives,none
"colors added (organic pumpkin, organic apple)",none
"peaches (peaches, sugar, water, corn starch, natural flavor, lemon juice concentrate, annatto extract (for color), black carrot juice concentrate (for color))",none
sheep casing,none
thiamin mononitrate [vitamin b-2],none
"active dry yeast (yeast, sorbitan monostearate, ascorbic acid)",none
thiamine mononitrate and folic acid,none
sulphur dioxide (for color retention),"sulphur dioxide, sulphites"
raisins seedless,none
"filling (ricotta cheese [whey, cream, salt, citric acid {acidity regulator}], water, bread crumbs [wheat flour, salt, natural yeast], potato flakes, grated cheese [milk, salt, microbial rennet], mozzarella [milk, salt, microbial rennet], provolone cheese [milk, salt, microbial rennet], corn flour, lemon juice, salt, whey powder, butter [cream], yeast extract)","dairy, wheat"
sodium nitrite; diced ham wa: cured with water,none
chicken: chicken breast,none
magnesium silicate,none
contains 2 % or less of organic lime juice from concentrate,none
"organic vegetable base (organic cooked vegetables [organic carrot, organic onion, organic celery], sea salt, organic cane sugar, organic expeller pressed canola oil, organic carrot powder, organic potato flour, organic onion powder, organic black pepper)",celery
"breadcrumbs (wheat flour, salt, water)","wheat, gluten"
"fruit blend (blueberries, water, sugar, fructose, modified corn starch, citric acid, sodium citrate, pectin, guar gum, malic acid, potassium sorbate added to maintain freshness, vitamin a acetate, vitamin d3)",none
"pasta (enriched unbleached durum wheat semolina, niacin, folic acid, ferrous sulfate, riboflavin, thiamine mononitrate)","wheat, gluten"
brown sugar & natural flavor,none
"malt powder (malted barley, wheat, milk, hydrolyzed wheat gluten, sodium bicarbonate, salt)","dairy, wheat, gluten"
"salted butter (cream, salt)",dairy
pecans (6.6%),tree nuts
"enzymes), garlic powder, disodium inosinate, disodium guanylate, cultured whey, lactic acid, cultured nonfat milk, calcium lactate, extractive of paprika (color), cheddar cheese powder (cheddar cheese [pasteurized milk",dairy
fire roasted zucchini,none
kale (usa),none
"enriched wheat flour (wheat, niacin, iron, thiamin mononitrate, riboflavin, folic acid, enzyme)","wheat, gluten"
mustard gran,mustard
"semi-sweet chocolate chips (sugar, chocolate liquor, cocoa butter, dextrose, soy lecithin, artificial vanillin)",soybeans
organic leeks,none
"pepperoni (pork and beef, salt, flavorings, lactic acid starter culture, oleoresin of paprika, sodium nitrite, bha, bht, citric acid [to protect flavor], may contain dextrose, natural flavoring, natural smoke flavoring, sodium ascorbate [vitamin c], spices, garlic powder, sugar)",none
"grana padano pdo cheese (cultured milk, salt, enzymes)",dairy
"lasagna ingredients: ricotta cheese (milk, whey, cream, vinegar)",dairy
"teriyaki seasoning (sugar, dehydrated soy sauce [soybeans, wheat, salt, dextrin], maltodextrin, modified food starch, vinegar solids, sherry wine concentrate, garlic powder, caramel color, spice)","soybeans, wheat, gluten"
less than 2% of: citric acid,none
"crisp rice (rice flour, sugar, salt)",none
onion powder garlic powder,none
"product contains: mangos: (mango, sugar, salt, citric acid, sulfur dioxide, artificial color (fd&c red #40))","sulphur dioxide, sulphites"
"clam broth (water, clam juice)",shellfish
corn flavor,none
roasted in peanut and/or cottonseed,peanuts
"(contains one or more of the following: corn, cottonseed, canola, sunflower, or soybean oil)",soybeans
garlic (0.3%),none
"cooked seasoned pork (pork, water, potato starch, olive oil, salt, lemon juice, dextrose, dehydrated garlic, black pepper, oregano, basil, cayenne pepper, parsley, dehydrated onion)",none
artificial colors,none
"honey mustard marinade (water, honey, spices, brown sugar, vinegar, mustard, high fructose corn syrup, salt, corn syrup vinegar, wine, apple cider vinegar, concentrated lemon juice, citric acid)",mustard
"israeli couscous (wheat flour, rosemary extract)","wheat, gluten"
"low-moisture part-skim mozzarella cheese ([pasteurized milk, cheese cultures, salt, enzymes], potato starch, canola oil, and cellulose powder added to prevent caking)","dairy, soybeans"
and soy lecithin (an emulsifier)],soybeans
contains 2% less of each of the following: yeast,none
milled rice 87%,none
"non gmo soy crisp (soy protein isolate, tapioca starch, salt)",soybeans
"organic spices (organic basil, organic marjoram, organic oregano)",none
breadcrumb: wheat flour,"wheat, gluten"
"salt]), soy lecithin, sodium stearoyl lactylate, spices, dried garlic, methylcellulose, flavor (maltodextrin",none
beta carotene added for color,none
"dehydrated vegetables (carrot, green onion, seaweed)",none
"parmesan cheese powder [parmesan cheese (pasteurized milk, salt, culture enzymes)",dairy
blanched peanuts roasted in peanut oil,peanuts
"filling (asparagus, ricotta (whey, whole milk, cream, vinegar), mascarpone cheese (pasteurized milk, cream, citric acid), parmigiano reggiano cheese (cow's milk, salt, rennet), chicory root fiber, whey, roasted onions, mozzarella cheese (pasteurized cultured milk, salt and enzymes), unsalted butter (cream), bread crumbs (wheat flour, yeast, salt), vegetable fiber, 2% or less of salt, garlic, toasted onions, natural flavor, black pepper)","dairy, wheat, gluten"
"imitation crabmeat (fish protein [alaska pollock and/or whiting], water, wheat starch, liquid egg whites [water, egg white powder], corn starch, sugar, sorbitol, contains 2% or less of the following: soybean oil, salt, mirin [corn syrup, fermented rice extract, water, salt], natural and artificial flavors [hydrolyzed soy protein, crab extract], sodium tripolyphosphate, tetrasodium pyrophosphate, color added [carmine, paprika oleoresin])","fish, wheat, eggs, soybeans"
in a collagen casing,none
natural flavors (savory maple and spice extractives),none
grade a extra large organic eggs,eggs
oleoresin of,none
"ricotta cheese (pasteurized whey, cream, vinegar, and salt)",dairy
contains 2% or less of: seasoning [onion,none
dehydrated basil and citric acid,none
"thai style seasoning (sea salt, granulated garlic, white pepper, cayenne red pepper)",none
"corn flakes (corn, sugar, salt, barley malt, corn syrup)",none
cured pork chops with natural juices,none
tricalcium phosphate (to make free-flowing),none
semolina,none
yogurt cultures; (shot) toasted oats,none
"feta cheese (cultured milk, water, whey, skim milk, sodium phosphate, cream, salt, sorbic acid, guar gum, enzymes)",dairy
whole wax beans,none
sugar (fortified with vitamin a),none
whole grain brown rice,none
caffeine from tea,none
contains less than 2% of: organic tomato puree,none
organic invert sugar,none
disodium inonate,none
spices (including chili pepper and jalapeno pepper),none
greek-style yogurt powder (cultured skim milk),dairy
"bittersweet chocolate (unsweetened chocolate, cocoa butter, sugar, natural vanilla flavor)",**dairy
nonfat milk solids],dairy
monocalcium phosphate,none
"lemon juice (filtered water, lemon juice concentrate, sodium bisulfite, sodium benzoate, lemon oil)",none
"water), sugar, distilled vinegar, tapioca syrup, salt, contains 2% or less of each of the following: ginger, citric acid, spice, water",none
prosciutto italiano ingredients: pork leg,none
natural honey,none
"chicken and vegetable potstickers (filling [cooked chicken, cabbage, green onion, soybean oil, wine, salt, potato starch, sesame oil, spices, ginger, sugar, soy sauce {water, soybean, wheat, salt}], wrapper [unbleached enriched flour {wheat flour, malted barley flour, niacin, thiamine mononitrate, reduced iron, riboflavin, folic acid}, water, soybean oil, salt])","soybeans, wheat, sesame"
"mayonnaise (soybean oil, white distilled vinegar, corn syrup, water, egg yolks, salt, whole eggs, lemon juice concentrate, egg yolk solids, calcium disodium edta [added to protect flavor], natural flavors)","eggs, soybeans"
organic cereal shell: organic corn flour,none
grass fed beef,none
leavening (sodium aluminium phosphate. sodium bicarbonate),none
"corn masa flour (corn masa, niacin, reduced iron, thiamine mononitrate, riboflavin)","wheat, gluten"
cooked ground turkey,none
palm oil with preservatives (tbhq),none
brown sugar salt,none
"organic tomato salsa (tomatoes, jalapeno peppers, on- ions, water, tomato paste, cilantro, sea salt, sugar, vinegar, cumin, garlic, cayenne pepper)",none
dried bonito,fish
red wine vinegar spices,none
dark chili pepper,none
"basil oil with garlic(soybean oil, basil, canola oil, olive oil, garlic, white balsamic vinegar (wine vinegar, grape must, caramel color), salt, sugar,)",soybeans
"cinnamon flakes (sugar, vegetable oil [palm, palm kernel)",none
"carrageenan), salt, natural flavors, food starch-modified, gum blend (guar gum",none
"cauliflower & tomato mix (cauliflower, grape tomatoes, yellow onion)",none
"sriracha (chili peppers, sugar, garlic, salt, vinegar)",none
"dijon mustard (water, mustard seeds, vinegar, salt)",mustard
"microbial rennet), organic fontal cheese (pasteurized organic milk",dairy
milk with vitamin d3,dairy
"minced pimiento (water, pimiento, sodium alginate, guar gum, calcium chloride, potassium sorbate as preservative)",none
"vegetable shortening (canola oil, modified palm and palm kernel oils)",none
cocoa powder for color,none
organic blueberry juice,none
english toffee flavor,none
"handcrafted caramel (evaporated milk, sugar, corn syrup (not hfcs), invert sugar) sea salt",dairy
"baking powder (sodium acid phosphate, sodium bicarbonate, cornstarch, monocalcium phosphate)",none
"sweet relish (cucumbers, sugar, vinegar, salt, xanthan gum, natural flavor)",none
ingredients: ham,none
vlnegar,none
calcium phosphate},none
"semisweet chocolate (sugar, chocolate, cocoa butter, soy lecithin, natural flavor)",soybeans
"black tea (filtered water, black tea)",none
vegetable oil (soybean and/or sunflower oil),soybeans
hibiscus flower,none
"40% rice cakes (wholegrain brown rice, rice)",none
corn starch+,none
pasta ingredients: organic unbleached wheat flour,"wheat, gluten"
lactic acid(e270)',none
regenerated collagen casing,none
"caramel (sugar, corn syrup, liquid sugar, skim milk, palm oil, butter, salt, mono- and diglycerides, soy lecithin)","dairy, soybeans"
defatted soy flour,soybeans
spice oils turmeric & annatto which impart color,none
coconut oil+,none
organic garlic chips,none
"artificial colors (red 3, yellow 5, red 40)",none
"cheese seasoned pretzels (enriched flour [wheat flour, niacin, reduced iron, vitamin b1 (thiamin mononitrate), vitamin b2 (riboflavin), folic acid], canola oil, salt, yeast, lactic acid, cheddar cheese [milk, cultures, salt, enzymes], citric acid, whey, baking soda, sugar, buttermilk, natural flavor, malt syrup, yeast extract, vinegar solids, rosemary extract and ascorbic acid for freshness, paprika extract color)","wheat, dairy"
"chicken flavor (autolyzed yeast extract, chicken flavor, salt, chicken fat)",none
coconut with sodium metabisulfite,sulphur dioxide
"fudge swirl (agave syrup, water, a cocoa [processed with alkali], vanilla extract)",none
organic beet powder,none
"and artificial color (fd&c red 40, fd&c blue 1, fd&c yellow 5, fd&c yellow 6, titanium dioxide)",none
wheat flour; contains 2% or less of each of the following: soybean oil,"wheat, soybeans, gluten"
natural flavor and extractives of paprika,none
hydrolyzed soybean protein,soybeans
"parmesan cheese (pasteurized part-skim milk, cheese cultures, salt, enzymes, powdered cellulose (anti-caking agent), natamycin (a natural mold inhibitor))",dairy
"dark chocolate (sugar, chocolate liquor, cocoa butter, milk fat, butter oil, soy lecithin [an emulsifier], vanilla)","dairy, soybeans"
anise extract,none
ferrous gluconate],none
"soy lecithin), cream cheese (sugar","dairy, soybeans"
"fruit juice concentrate (pineapple, peach, apple, pear)",none
milk-fat,dairy
"lemon juice (non-gmo maltodextrin, organic lemon juice concentrate)",none
natural flavor (including bourbon whiskey),none
polyglycerol esters (emulsifier),none
"enriched flour (wheat flour, malted barley flour, niacin, reduced iron,thiamine mononitrate, riboflavin, folic acid)","wheat, gluten"
contains less than 2% of each of the following: dried yeast,none
contains 2% or less of each: yeast,none
"tamari soy sauce (soybeans, salt, maltodextrin)",soybeans
organic prepared white beans,none
organic green chile peppers,none
"leavening (sodium bicarbonate, sodium aluminum phosphate, monocalcium phosphate)",none
"organic dark chocolate (organic cane sugar, water, organic cocoa powder, natural flavor, citric acid, sea salt)",none
"white coating (sugar, partially hydrogenated palm kernel oil, nonfat milk powder, soy lecithin (emulsifier), monoglycerides, artificial color (titanium dioxide), salt, artificial flavor)","dairy, soybeans"
"vegetable oils (sustainable palm fruit oil, sunflower oil)",none
tbqh (preservative),none
organic invert cane sugar syrup,none
"spices and herbs (including red pepper, parsley, ginger, and cinnamon)",none
seedless raspberry puree,none
"seasoning (sea salt, potassium chloride)",none
"cooked wild rice (wild rice, water)",none
"penne pasta (semolina flour [wheat], egg whites)","eggs, wheat, gluten"
pistachio paste,tree nuts
"seasoning blend (salt, spices, paprika color, natural flavor)",none
natural raspberry juice concentrate,none
salt and rennet,none
dark chocolate coating [sugar,none
"tomato sauce (vineripened tomatoes, fresh basil leaf, salt and naturally derived citric acid) salt",none
"shortening (palm oil, soybean oil, canola oil, tocopherols [added as an antioxidant])",soybeans
"burrito spice (spices, salt, canola oil)",none
contains less than 2% of the following ingredients: wheat flour,"wheat, gluten"
"pretzels: enriched flour (wheat flour, niacin, reduced iron, thiamin mononitrate, riboflavin, folic acid)","wheat, gluten"
onion allspice & spices,none
"harissa (red bell pepper, canola oil, lemon juice, garlic powder, cumin, salt, coriander seeds, vegetable color [paprika extract], spearmint, potassium sorbate, thai bird chiles, sodium benzoate)",none
contains 2% or less of the following: magnesium oxide,none
"grilled seasoned white meat chicken (chicken white meat, water, potato starch, sea salt)",none
"chicken base (chicken meat and concentrated chicken stock, salt, chicken fat, sugar, dried whey [milk], flavor blend [yeast extract, corn syrup solids, citric acid, natural flavor], flavoring, extractive of turmeric)",dairy
"milk chocolate (sugar, cocoa butter, milk, chocolate liquor, soy lecithin (eumlsifer), vanilla, salt) macadamia nuts and confectioners glaze","dairy, soybeans, tree nuts"
ascorbic acid (antioxidant),none
"color (paprika, annatto extract)",none
"baking powder (sodium acid pyrophosphate, baking soda, modified corn starch, monocalcium phosphate, calcium sulfate)",none
dessicated coconut,none
"sodium metabisulphite]), sour cream (milk","dairy, **sulphites"
imported italian plum tomatoes,none
"rice (water, rice)",none
contains 2% or less of each of the following: caramel (color),none
"roasted pulled chicken (chicken breast with rib meat, water, sea salt, vinegar)",none
fresh,none
"methylparaben (0,1%) as a preservative",none
mozzarella,dairy
"flavorings (vanillin, milk, chocolate, peanut)","**peanuts, dairy"
"chips ahoy! chocolate chip cookies (unbleached enriched wheat flour, semi-sweet chocolate chunks (sugar, chocolate, cocoa butter, dextrose, milk, soy lecithin), sugar, canola oil, palm oil, high fructose corn syrup, leavening, salt, artificial flavoring, caramel color, natural flavor)","wheat, gluten, dairy, soybeans"
less than 2% silicone dioxide (anticaking agent),none
contains 2% or less of each of the following: whey (milk),dairy
vegetable oil shortening (modified palm and soybean oils),soybeans
sprinkle mix: sugar,none
"organic whole wheat flour (organic sprouted whole wheat flour, organic whole wheat flour)","gluten, wheat"
distilled and cider vinegar,none
flavorings (soy lecithin),soybeans
"green olives (green olives, water, sea salt, lactic acid)",none
"filling: seasoned chicken breast (chicken, water, potato starch, canola oil, potassium chloride, salt, sodium phosphate, carrageenan, yeast extract, sugar, seasoning [black pepper, celery seeds, mushroom, oregano], spices)",celery
mochi dough ingredients: sugar,none
whole grain parboiled long grain brown rice,none
italian olive oil / canola oil,none
"folic acid (a """"b"""" vitamin)] water",none
palm & palm kernel oil,none
ascorbic acid added as a dough conditioner (vitamin c),none
garlic powder). cooked italian sausage: (pork,none
"salt fig (figs, pure cane sugar, fruit pectin, citric acid)",none
flavors(vanillin),none
propylene glycol mono- and diesters of fats and fatty acids,none
"cheeses (low moisture part skim mozzarella cheese [pasteurized part skim milk, cheese cultures, salt, enzymes], parmesan and romano cheese blend [pasteurized cow's milk, cheese cultures, salt, enzymes], asiago cheese [pasteurized milk, cheese cultures, salt, enzymes])",dairy
salt and natural color,none
caffeine (43mg per serving),none
"chicken broth (contains ascorbic acid, flavor)",none
"cooked red rice (water, red rice)",none
"artificial color (yellow 6 lake, yellow 5 lake, blue 2 lake)",none
"beef flavor (beef stock, flavor, water, beef extract, onion juice)",none
"margarine (soybean oil and palm oil, water, salt, whey [milk], soybean lecithin, monoglycerides, natural flavor, vitamin a palmitate, vitamin d3)","dairy, soybeans"
less than 2% vinegar,none
cane sugara,none
"color (red 40, yellows 5 & 6, blue 1)",none
"m&m's chocolate candies (milk chocolate (sugar, chocolate, skim milk, cocoa butter, lactose, milkfat, soy lecithin, salt, artificial and natural flavors), sugar cornstarch, less than 1% - corn syrup, dextrin, coloring (includes blue 1 lake, yellow 6, red 40, yellow 5, blue 1, yellow 6 lake, red 40 lake, yellow 5 lake, blue 2 lake, blue 2), carnauba wax, gum acacia)","dairy, soybeans"
contains less than 2% of each of the following: beef extract,none
contains 2% or less: potato starch,none
"cream cheese powder (cream, milk, salt, bacterial culture, sodium phosphate, sodium citrate, tocopherols, silicon dioxide (to prevent caking]), cinnamon, yogurt powder (milk, lactic acid, citric acid, bacterial culture), sea salt, baking soda (sodium bicarbonate), soy lecithin (emulsifier), ginger, leavening (ammonium bicarbonate), organic caramel color, nutmeg, color (annatto)","dairy, soybeans"
calcium disodium edta (retains product freshness),none
"extra fancy durum flour (durum wheat flour, niacin, ferrous sulfate, thiamine mononitrate, riboflavin, folic acid)","gluten, wheat"
white sugar,none
carrot extract for color,none
soybean and/or coconut oil,none
"pasta (enriched durum flour [wheat flour, niacin, reduced iron, thiamine mononitrate, riboflavin, folic acid], water, dried whole eggs, turmeric)","gluten, wheat, eggs"
"beau monde seasoning (salt, dextrose, onion, celery seed, silicon dioxide)",celery
sun-dried fig paste,none
dried egg,eggs
"apricot preserves (apricots, sugar, corn syrup, pectin, citric acid)",none
aged red cayenne pepper,none
organic caffeine,none
green tea polyphenols (egcg),none
cultured celery powder,celery
"cherries (cherries, sugar, crystalline fructose, water, corn starch, cherry puree concentrate, natural flavor, vegetable juice (for color), locust bean gum, malic acid, sodium citrate)",none
sodium benzoate and sodium metabisulfite (preservatives),"sulphur dioxide, sulphites"
"reconstituted vegetable juice blend (water, concentrated juices of carrots, celery, beets, parsley, lettuce, watercress, and spinach)",celery
"soy lecithin), shortening (palm oil with mono and digycerides",soybeans
"dough conditioner (soy, wheat)","soybeans, wheat"
100% hard amber durum whole wheat,"wheat, gluten"
"croutons (enriched flour [wheat flour, malted barley flour, niacin, reduced iron, thiamin mononitrate, riboflavin, folic acid], canola oil, whey, yeast, salt, 2% or less of high fructose corn syrup, wheat gluten, dehydrated parsley, garlic powder, natural & artificial flavor, parmesan cheese & enzyme modified cheese [pasteurized milk, cheese cultures, salt, enzymes], cultured nonfat milk, calcium propionate [preservative], calcium peroxide, calcium sulfate, ascorbic acid, azodicarbonamide, sodium stearoyl lactylate, annatto [color], extractives of turmeric and paprika [color], tbhq [to preserve freshness])","wheat, gluten, dairy"
reduced to 5%,none
water spices,none
apple puree concentrate (may contain ascorbic acid),none
contains 2% or less of: dehydrated red pepper,none
"topping: tomato paste (fresh vine-ripened california tomatoes, citric acid)",none
tbhq (to protect flavor),none
butter (unsalted),dairy
"cheese blend (cheddar cheese [pasteurized milk, cheese cultures, salt, enzymes, annatto {color}], monterey jack cheese [pasteurized milk, cheese cultures, salt, enzymes], potato starch, corn starch, natamycin [mold inhibitor])",dairy
"enriched bleached flour (wheat flour, niacin, reduced iron, thiamin mononitrate, riboflavin, folic acid, malted barley flour, enzymes, ascorbic acid)","wheat, gluten"
"(pineapple, silicon dioxide)",none
egg whites (99%) contains 1% or less of the following: guar gum xanthan gum,eggs
sea clams,shellfish
"seasoning (spices, salt, sugar, natural flavor, dried garlic, maltodextrin, dried onion, corn syrup solids, disodium phosphate, sodium caseinate)",none
contains 2% or less of annatto (color),none
"enriched unbleached flour (wheat flour, niacin, reduced iron, thiamin mononitrate, riboflavin, folic acid)","wheat, gluten"
"whipped topping (whipped topping base [water, hydrogenated palm kernel oil, high fructose corn syrup, contains less than 2% of the following: carbohydrate gum, polysorbate 60, sugar, polyglycerol esters of fatty acids, salt, soy lecithin, sodium citrate, natural and artificial flavor, disodium phosphate, xanthan gum, natural flavor, beta-carotene {color}], water, high fructose corn syrup, pineapple juice concentrate [water, pineapple concentrate, ascorbic acid], sugar, whipped topping base [palm kernel oil, corn syrup solids, propylene glycol monostearate, sugar, sodium caseinate {milk}, acetylated monoglycerides, mono and diglycerides, microcrystalline cellulose and sodium carboxymethyl cellulose], gelatin, vanilla flavor [propylene glycol, natural and artificial flavors, ethyl alcohol], modified corn starch, potassium sorbate [preservative])","soybeans, dairy"
organic spices and tricalcium phosphate (less than 2% to prevent caking)],none
"caramel flavoring (sweetened condensed milk [milk, sugar], corn syrup, water, cream, natural flavors, potassium sorbate [preservative], caramel color)",dairy
"whole grain blend (oats, brown rice, oat flour, millet, amaranth, buckwheat, quinoa)",none
tree chili,none
organic white grape juice concentrate,none
"dry roasted pumpkin seed kernels (pumpkin seed kernels, sea salt)",**tree nuts
tbhq and bht added to help protect flavor,none
pure almond extract,tree nuts
cranberries (20%),none
"romano cheese (pasteurized sheep's milk, cheese culture, salt, enzymes, modified food starch, powdered cellulose (anti-caking agent), water, whole egg, flour blend (yellow corn flour, wheat flour, soybean oil, extractives of turmeric and paprika), salt, half & half (milk, cream), parsley, rice flour, wheat fiber, black pepper","dairy, eggs, wheat, soybeans"
"smoke flavor (vegetable oil, natural smoke flavor)",none
"bittersweet chocolate (unsweetened chocolate, sugar, soy lecithin, vanilla)",soybeans
"spices (including black pepper, paprika, red pepper)",none
foenugreek,none
"green mustard (water, horseradish, mustard. corn flour, spirulina)",mustard
"egg patty (whole eggs, whey, soybean oil, nonfat milk, contains 2% or less of the following: modified food starch, salt, xanthan gum, citric acid, natural butter flavor)","eggs, dairy, soybeans"
"part-skim mozzarella cheese (pasteurized milk, cheese cultures, salt, enzymes; potato starch, canola oil and cellulose powder (anti- caking agents), natamycin (a natural mold inhibitor))","dairy, wheat, gluten"
"natural flavour (cheddar, parmesan)",dairy
"milk chocolate (sugar, cocoa butter, whole milk powder, chocolate liquor, soy lecithin (an emulsifier), and vanillin (an artificial flavor))","dairy, soybeans"
"zego seed blend (sunflower seeds, sacha inchi seed protein, chia seeds)",none
"cooked seasoned chicken (chicken meat, water, sea salt, corn starch, spices, chicken stock, torula yeast, evaporated cane syrup, dried garlic and onion)",none
organic soy sauce powder,soybeans
rebaudioside-a (stevia leaf extract),none
"french onion seasoning (salt, dehydrated onion, modified cornstarch, sugar, monosodium glutamate, parsley, natural flavor)",none
sodium propionate and citric acid and potassium sorbate (preservatives),none
"semi-sweet chocolate (sugar, chocolate processed with alkali, cocoa butter, soy lecithin-an emulsifier, vanillin-an artificial flavor)",soybeans
"dough conditioner (whey, l-cysteine hcl)",dairy
potassium lactate,none
ground bourbon vanilla beans,none
polyglycerol esters of fatty acids (emulsifier),none
"preservatives (potassium sorbate, sulfiting agents, sorbic acid, calcium propionate, sodium propionate)","sulphur dioxide, sulphites"
"bread cubes (enriched wheat flour [flour, niacin, reduced iron, thiamin mononitrate, riboflavin, folic acid], sugar, salt, contains 2% or less of each of the following: vegetable shortening [palm oil], yeast, grain vinegar, soy lecithin)","wheat, soybeans"
dragon fruit powder sea salt,none
sea salt (3%),none
"cheeses (low moisture part skim mozzarella, asiago and parmesan cheeses cultured pasteurized part skim milk, salt, enzymes] provolone and fontina cheeses [cultured pasteurized milk, salt, enzymes])",dairy
barley malt extract (gluten),gluten
red 3,none
leavening (sodium bicarbonate)],none
ginger juice1,none
natamycin (a mold inhibitor),none
"soy sauce (water, wheat, soybeans, sea salt, alcohol [to retain freshness])","wheat, soybeans"
apple cider vinegar (pure apple cider vinegar and filtered water),none
"coloring (includes blue 1 lake, yellow 6, red 40, yellow 5, blue 1, yellow 6 lake, red 40 lake, yellow 5 lake, blue 2 lake, blue 2)",none
organic brown flaxseeds,none
less than 2% of dipotassium phosphate,none
white salt flakes,none
"cream cheese (cream, skim milk, food starch, salt, sodium stearoyl, lactylate, locust bean gum, citric acid, xanthan gum, lactic acid, natural flavor, phosphoric acid, and potassium sorbate)",dairy
contains less than 2% of: refined lard (bht added to protect flavor),none
"marinated artichokes (artichokes, water, salt, vinegar, oil (vegetable oil), citric acid, spices)",none
apricot puree from concentrate,none
"coated with seasoning (bleached enriched wheat flour (wheat flour, niaicin, reduced iron, thiamine mononitrate, riboflavin, folic acid), modified corn starch, rice flour, salt, leavening (sodium aluminum phosphate, sodium bicarbonate, monocalcium phosphate), yellow corn flour, soy flour, dried egg whites, modified rice starch, pregelantinized yellow corn flour, soybean oil, guar gum, dried garlic, dried onion, spice extractives)","wheat, eggs, soybeans"
"mozzarella cheese (pasteurized milk, cheese culture, salt, vinegar, enzymes); salame (pork, sea salt, less than 2% of: dextrose, lactic acid starter culture, spices, natural flavoring, garlic, sodium erythorbate, sodium nitrate, sodium nitrite, white wine.)",dairy
"enzymes), powdered cellulose [anti-caking agent]), romano cheese ([pasteurized part skim cow's milk, cheese culture, salt, enzymes], powdered cellulose [anti-caking agent]), dehydrated garlic, dried parsley, dried oregano",dairy
"fudge (high fructose corn syrup, corn syrup, water, cocoa, sugar, modified corn starch, corn starch, cocoa processed with alkali, salt, carrageenan, natural flavor, guar gum)",none
"organic mozzarella (cultured pasteurized organic milk, sea salt, vegetable enzymes)",dairy
sweetened only with fruit juice concentrates (grape and apple),none
"yogurt coated raisins (sugar, raisins [raisins, vegetable oil], hydrogenated palm kernel oil, yogurt powder [whole milk powder, lactic acid, citric acid, bacterial culture], whey powder, powdered whey protein concentrate, soyalecithin, titanium dioxide, glucose, tapioca dextrin, confectionery glaze)","dairy, soybeans"
"cheddar cheese (pasteurized milk, cheese cultures, enzymes, salt, annatto [color])",dairy
sodium benzoate and potassium sorbate (to preserve freshness),none
shiitake powder,none
"flavored fruit pieces (dehydrated apples [treated with sodium sulfite to promote color retention], artificial strawberry flavor, citric acid, red 40)",sulphur dioxide
"vegetable oil (contains one or more of the following: canola, corn, cottonseed, safflower and/or soybean oil)",soybeans
"enzyme modified romano cheese (pasteurized cow's milk, cultures, salt, enzymes)",dairy
seared in vegetable oil,none
"marshmallow creme sauce (water, marshmallow creme mix [sugar, dextrose, modified corn starch, corn syrup solids, titanium dioxide {color}, salt, vanilla extract, natural flavor, cellulose gum, xanthan gum, not more than 2% silicon dioxide added to prevent caking])",none
"citric acid [preservative]), mono- and diglycerides, polysorbate 60, soy flour",soybeans
"tomatoes (tomatoes, tomato puree, salt, citric acid, chicken (white chicken meat, water, potato starch, salt), corn, onions, carrots, tomato paste, tortilla chips (stone-ground corn, sunflower oil, safflower oil, salt), contains 2% or less of: monterey jack cheese (pasteurized milk, cheese culture, salt, enzymes, modified cellulose [to prevent caking]), jalapenos, garlic, corn starch, cilantro, salt, chili base (chili peppers, dried onion, salt, spices, paprika, dried garlic), lime juice, chives and spices","dairy, wheat"
"natamycin (a natural mold inhibitor)]), muenster cheese (pasteurized milk",dairy
pasteurized organic cream,dairy
"icing: icing sugar (sugar, corn - starch)",none
roasted estate arabica coffee beans,none
natural cocoa,none
"chocolate crumb (wheat flour, cane sugar, palm oil, cocoa [processed with alkali], caramel color, sodium bicarbonate, whey [milk], salt)","wheat, dairy"
soy sauce powder,soybeans
miso [water,none
if product contains sprinkles: sugar,none
chicken broth and natural flavor,none
colored with fruit and vegetable juice powder,none
organic raw walnuts,tree nuts
contains less than 2%: corn starch,none
contains 2% or less of each of the following: molasses,none
additionally: original: gum base,none
"organic orange juice (water, organic orange juice concentrate)",none
potassium sorbate (to help protect flavor),none
hemp flour,none
powdered milk,dairy
turmeric powder (color),none
"ricotta (pasteurized whey, pasteurized grade a part skim milk, vinegar, salt)",dairy
"chicken salad (roasted pulled chicken breast [chicken breast with rib meat, water, sea salt, vinegar], mayo blend [mayonnaise (soybean oil, water, corn syrup, egg yolk, contains less than 2% distilled vinegar. salt. mustard flour). salt, black pepper], white pepper)","soybeans, eggs, mustard"
soybean oil used as processing agent,soybeans
pineapple jam,none
organic coconut (shredded and dehydrated),tree nuts
"preservatives (propionic acid, benzoic acid, sodium hydroxide)",none
"coffee (water, coffee)",none
dark chocolatey coating: sugar,none
"vegetable oil shortening (palm oil, soybean oil and/or canola oil)",soybeans
inulin (vegetable fiber),none
"sprinkles (erythritol, soluble corn fiber palm oil, natural colors)",none
"coffee (water, coffee extract)",none
"strawberries (strawberries, corn starch-modified, citric acid, red #40)",none
1% of potassium sorbate and sodium benzoate as preservatives,none
"baking powder (sodium acid pyrophosphate, sodium bicarbonate, corn starch, monocalcium phosphatej, glycerine, powdered sugar sugar, corn starch, natural flavor, salt)",none
garlic puree1,none
whole kernel corn,none
kombucha culture (yeast and bacteria cultures),none
coating ingredients: coconut oil,none
"vanilla icing (sugar, vegetable shortening (partially hydrogenated palm kernel oil and/or soybean oil), water, corn syrup, dextrose, sodium caseinate, potassium sorbate (preservative), modified cellulose, polysorbate 60, artificial flavors, salt, sodium citrate, soy protein concentrate, mono & diglycerides, sodium benzoate (preservative), polyglycerol esters of fatty acids, soy lecithin, xanthan gum)","soybeans, eggs, dairy"
"organic whole grain toasted oats (organic whole grain rolled oats, organic cane sugar, ascorbic acid [vitamin c], mixed tocopherols [vitamin ej added to maintain freshness)",none
contains 2% or less of cornstarch - modified,none
ginger powder paste soup: water,none
"enriched flour (wheat flour, malted barley flour, niacin, reduced iron, thiamine mononitrate riboflavin, folic acid)","wheat, gluten"
milk+,dairy
"coloring (includes blue 1 lake, red 40, yellow 6, yellow 5, blue 1, red 40 lake, yellow 6 lake, yellow 5 lake, blue 2 lake, blue 2)",none
sea salt sunflower oil,none
"cheddar cheese [cheddar cheese (milk, salt, cultures, enzymes)",dairy
"baking powder (sodium acid pyrophosphate, sodium bicarbonate, corn starch, mono- calcium phosphate)",none
contains less than 2% of papaya puree,none
contains 2% or less: apple juice concentrate,none
organic mediumchain triglycerides oil (from organic coconut oil),none
ashwagandha1,none
"stabilizer (carob bean gum, guar gum)",none
organic coconut flavor,none
"organic cheddar cheese (organic pasteurized milk, cultures, sea salt, enzymes)",dairy
and disodium phosphate with citric acid,none
"contains 2% or less of: spices (including celery seed, black pepper, red and white pepper)",celery
contains 2% or less of the following: rice starch,none
onion salt,none
vitamin d (cholecalciferol),none
organic moringa powder,none
"feta cheese (cultured pasteurized milk, salt, enzymes, guar gum, locust bean gum)",dairy
"sprinkles (icing sugar, palm kernel oil, modified corn starch, corn starch, shellac, sunflower lecithin, fd&c artificial color red 40, mica pearlescent)",shellfish
organic soy beans,soybeans
contains 2% or less of the following: natural and artificial flavor,none
"organic whole wheat (organic whole wheat flour, organic cracked whole wheat, water, organic dried cane syrup (sugar), 21 whole grains and seeds mix (organic whole flax seeds, organic sunflower seeds, organic ground whole flax seeds, organic un-hulled brown sesame seeds, organic rolled oats, organic triticale, organic pumpkin seeds, organic un-hulled black sesame seeds, organic rolled spelt, organic millet, organic rolled barley, organic rolled rye, organic blue cornmeal organic brown rice flour, organic yellow cornmeal organic quinoa, organic rolled kamut khorasan wheat, organic amaranth flour, organic rolled whole wheat, organic buckwheat flour, organic sorghum flour, organic poppy seeds), organic wheat gluten, organic oat fiber, organic molasses, sea salt, yeast, organic cultured whole wheat","wheat, gluten"
figs preserved with sulphur dioxide,"sulphur dioxide, sulphites"
"black olives (ripe olives, salt, water and stabilizer: ferrous gluconate)",none
natural flavors (contains anchovy),fish
"fruits (peach, pear, pineapple, cherry [red#3 color])",none
palmitate,none
sun dried sea salt,none
"enzyme modified cheese (cheddar cheese [milk, cheese culture, salt, enzymes], disodium phosphate, enzymes, xanthan gum)",dairy
extractive of turmeric],none
"grilled white chicken (grilled chicken breast with rib meat, water, canola oil and extra virgin olive oil blend, lemon juice, sodium tripolyphosphate, salt)",none
paprika (for colour),none
"chocolate (chocolate liquor, sugar, cocoa butter, nonfat milk powder, whole milk powder, cocoa powder, soy lecithin [emulsifier], natural vanilla flavor)","dairy, soybeans"
fd&c blue #1 lake,none
"cooked seasoned pork (pork, water, orange juice concentrate, potato starch, sea salt, natural flavoring, paprika)",none
"cellulose gum), sugar, liquid eggs, butter (cream","dairy, eggs"
enriched flour unbleached wheat flour,"wheat, gluten"
"yogurt (milk, lactic acid culture)",dairy
sodium bicarbonate (leavener),none
"stabilizer (whey, corn starch, sorbic acid, guar gum, citric acid locust bean gum, carrageenan, soy lecithin, sodium phosphate, potassium phosphate)",soybeans
corn starch cocoa (alkalized),none
"chicken crust (chicken, parmesan cheese [pasteurized part skim cow's milk, cheese cultures, salt, enzymes], salt, grapeseed oil)",dairy
"bread crumbs (enriched flour bleached [wheat flour, niacin, iron, thiamin mononitrate, riboflavin, folic acid], vinegar, sugar, salt, baking soda, caramel color, yeast, spice extract, ascorbic acid [dough conditioner])","wheat, gluten"
organic vermont maple syrup,none
black beans,none
shells: whole grain yellow corn,none
"pizza sauce (water, crushed tomato, canola oil, sugar, salt, citric acid, xanthan gum, spices, garlic powder)",none
rebaudioside a,none
"natural anise flavor (flavoring, water, propylene glycol, acacia gum, xanthan gum)",none
"vegetable oil (soybean, coconut, canola, rice bran)",soybeans
"vegetable margarine (palm and canola oil, mono & diglycerides of fatty acids, citric acid)",none
contains 2% or less of each of the following: sodium acid pyrophosphate,none
sodium caseinate (emulsifiers),dairy
"spice extract), enriched spaghetti (semolina wheat flour","wheat, gluten"
100% mechanically (expeller) pressed refined sesame oil,sesame
"pasteurized processed cheddar cheese (cheddar cheese [cultured pasteurized milk, salt, enzymes], water, milkfat, sodium phosphates, salt, potassium sorbate (to preserve freshness), annatto [color], potato starch, powdered cellulose [to prevent caking])",dairy
"spice mix (mushroom powder [mushroom powder, maltodextrin], salt, soy sauce powder, onion powder, vegetable stock [salt, glucose syrup, vegetable powder {onion, carrot, tomato}, sugar, sunflower oil, spices])",soybeans
spices (including paprika),none
"bread crumbs (wheat flour, sugar, canola oil, salt, yeast) salt","wheat, gluten"
contains two percent or less of sugar,none
"pasta ingredients: enriched durum flour (niacin, ferrous sulfate, thiamine mononitrate, ribo-flavin, folic acid)","wheat, gluten"
dry whey & paprika,dairy
tapioca dextrin,none
"fruit blend (blueberries, sugar, water, modified corn starch, malic acid, vitamin a acetate, vitamin d3)",none
a b vitamin (folic acid),none
yellow and green bell peppers,none
"enriched egg noodles (durum flour, niacin, iron [ferrous sulfate], thiamine mononitrate, riboflavin, folic acid, whole egg)","eggs, gluten, wheat"
organic black pepper,none
"honey)bulgur wheat, tack blend (maltodextrin","**gluten, **wheat"
organic lavender,none
"soy sauce (soy, water, wheat flour, salt)","soybeans, gluten, wheat"
carob bean & xanthan gum,none
"beef broth flavor (beef broth, natural flavor, beef flavor, salt)",none
"baking powder (monocalcium phosphate, sodium bicarbonate, corn starch)",none
extractives of annatto,none
kalamata olives ingredients: kalamata olives (pitted),none
lemon juice and 100% pure love!!!,none
"organic parmesan cheese (pasteurized organic milk, cheese cultures, salt, vegetable enzymes)",dairy
atlantic salmon with color added,fish
vegetables: iceberg lettuce,none
contains less than 2% of baking soda (for leavening),none
l-carnitine tartrate,none
"chocolate gems (milk chocolate flavored compound [sugar, hydrogenated palm kernel oil, cocoa processed with alkali, whey, nonfat milk, soy lecithin, sorbitan monostearate {stabilizer}, salt, polysorbate 60 {emulsifier}, artificial flavor], sugar, cornstarch, corn syrup, coloring [yellow 5, yellow 5 lake, red 40 lake, blue 1 lake, added color], gum acacia, confectioner's glaze)","dairy, soybeans"
soy fiber,soybeans
sodium benzoate to protect flavor,none
"raspberry flavored vinaigrette (water, sugar, raspberry flavored juice concentrate blend [apple, pear, raspberry and elderberry juice concentrates, natural flavor, citric acid], red wine vinegar, apple juice concentrate, distilled vinegar, salt, xanthan gum, natural flavor)",none
dried wakame seaweed,none
"organic filling (organic tomato paste (organic tomatoes, citric acid), organic tomatoes, organic ricotta cheese (organic milk, organic non-fat dry milk, organic vinegar, salt), organic low-moisture mozzarella cheese (organic pasteurized cultured milk, sea salt, enzymes), water, organic bread crumbs (organic wheat flour, sea salt, organic cane sugar, yeast), organic sweet whey, organic potato starch, organic dehydrated potatoes, organic unsalted butter (organic sweet cream), organic non-fat dry milk, 2% or less organic cane sugar, salt, organic garlic, organic oregano, natural flavors.) organic pasta (organic durum wheat flour, organic eggs, water)","dairy, gluten, wheat, eggs"
"nut blend (sunflower oil, roasted cashews, roasted almonds, palm oil)",tree nuts
polydextrosea,none
"pasta (wheat flour, eggs, water, dried spinach)","eggs, gluten, wheat"
maltitol syrupa,none
whole tomatoes,none
"sausage-style crumbles: (filtered water, soy protein concentrate, structured vegetable protein [isolated soy protein, wheat gluten, wheat starch], seasoning [cane sugar, yeast extract, salt, spices, torula yeast, garlic powder, onion powder, citric acid, natural flavors], soybean oil, soy sauce [water, soybeans, salt, alcohol, wheat], methylcellulose, wheat gluten, malt extract, cellulose fiber, beet juice [color])","soybeans, gluten, wheat"
"dough conditioner (wheat flour, diacetyl tartaric acid esters of mono-diglycerides [datem], contains 2% or less of soybean oil, l-cysteine, enzyme, ascorbic acid, azodicarbonamide [ada])","soybeans, gluten, wheat"
spices (includes paprika),none
peach juice,none
"liquid smoke (water, natural hickory smoke flavor)",none
potassium sorbate and sodium benzoate (preservative),none
dehydrated onions,none
"blue cheese (pasteurized milk, cheese cultures, salt, enzymes)",dairy
iodized salt: salt,none
paprika (for color),none
"contains less than 2% of: dehydrated chicken broth (dehydrated chicken broth, rosemary extract)",none
"color (paprika, beet powder)",none
organic wheatgrass juice,none
sorghum molasses and spices,none
"butter (cream, milk)",dairy
"soy sauce(skimmed soybean, wheat salt)","soybeans, gluten, wheat"
"organic mountain berry spinach puree (organic apples, organic spinach, organic strawberries, organic raspberries, organic blueberries, organic sweet potatoes.)",none
"colby jack cheese (pasteurized milk, salt, cheese culture, annato, enzyme)",dairy
prepared black beans,none
"soy sauce (water, salt, soybean)","soybeans, gluten, wheat"
"artificial colors (fd&c blue no. 1, fd&c red no. 40, fd&c yellow no. 5)",none
"less than 2% of bacon (cured with water, salt, sugar, sodium tripolyphosphate, sodium ascorbate, sodium nitrite, hickory smoke flavor)",none
and sodium citrate (flavoring agents),none
(cotton seed oil or sunflower oil),none
"enriched durum flour (durum flour, niacin, iron, thiamine mononitrate, riboflavin, folic acid)",wheat
"cultures (bifidobacterium, l. acidophilus, l. paracasei)",none
"organic cashews (organic cashews, organic expeller pressed canola oil, sea salt)",tree nuts
ascorbic acid (to maintain color),none
natural & artificial flavors (contains lipolyzed butter oil),dairy
"sunflower oil blend (sunflower oil, mixed tocopherols, rosemary extract)",none
"chocolate chips (sugar, chocolate liquor, anhydrous dextrose, cocoa butter, soy lecithin)",soybeans
"vegetable oil (palm oil, partially hydrogenated soybean and cottonseed oil, canola oil)",soybeans
less than 2% of chicken stock,none
"dehydrated vegetables (garlic, onion, bell peppers)",none
calcium stearoyl-2-lactylate,none
beef broth [water,none
dried papaya [papaya (product of thailand),none
"vegetable oil blend (palm fruit, soybean, canola, olive oils)",soybeans
"organic dried apricots (organic apricots, organic rice flour)",none
cold pressed meyer lemon oil,none
"crunchy corn kernel (corn, corn oil, contains less than 2% of salt, spices, monosodium glutamate, tomato powder, brown sugar, garlic powder, sodium diacetate, dried molasses, yeast extract, malic acid, acetic acid, sucralose, natural flavor, paprika extract [for color])",none
organic lucuma,none
contains 2% or less: glycerine,none
"caramel (whole milk, cane sugar, vanilla bean, sea salt)",dairy
palm oil contains 2% or less of dextrose,none
"vegetable oil (palm oil, soybean oil)",soybeans
copper sulfate,none
and natural flavoring,none
wheat and soy protein,"soybeans, wheat"
dry mango ground,none
"spaetzle dumplings (water, enriched durum wheat flour [durum wheat flour, niacin, ferrous sulfate, thiamine mononitrate, riboflavin, folic acid], eggs, monoglycerides, wheat gluten, salt, oleoresin turmeric)","eggs, wheat, gluten"
young fennels,none
grated cheese (contains preservative lysozym from egg),"eggs, dairy"
celery power,celery
"soy sauce (wheat, soybeans, maltodextrin)","soybeans, wheat"
"chocolate chips(sugar, chocolate liquor, cocoa butter, soy lecithin, vanilla)",soybeans
"ascorbic acid (vitamin (), natural and artificial flavors, alpha tocopherol acetate (vitamin e), vitamin a palmitate, sodium citrate, coconut oil, carnauba wax, annatto (color) turmeric (color), red 40 and blue 1",none
"queso quesadilla and asadero cheeses (pasteurized milk, cheese culture, salt, enzymes, annatto color [in cheddar cheese])",dairy
beef collagen casing,none
canola and/or soybean and/or palm oil,soybeans
"baking powder (sodium acid pyrophosphate, sodium bicarbonate, monocalcium phosphate, wheat starch)",wheat
"russet potato (potatoes, canola oil, salt, black pepper)",none
contains less than 2% of whey powder,dairy
"margarine (palm oil, water, soybean oil, salt, contains less than 2% of mono-and diglycerides, soy lecithin, sodium benzoate [preservative], citric acid, natural and artificial flavor beta-carotene [color], vitamin a palmitate, vitamin d3)","soybeans, dairy"
organic poppyseeds,none
"crystallized lemon (citric acid, lemon oil, lemon juice, ascorbic acid)",none
natural butter type flavor,dairy
"chocolate flavored chips (sugar, vegetable oils [palm kernel, palm], milk, skim milk, cocoa [processed with alkali], whey, sunflower lecithin, natural vanilla flavor)",dairy
contains less than 1% of: sugar,none
"pretzel dough: enriched unbleached wheat flour (wheat flour, niacin, iron, thiamine mononitrate, riboflavin, folic acid)","wheat, gluten"
pumpkin seed protein,none
"cooked seasoned pizza topping (pork, mechanically separated chicken, water, textured soy protein concentrate, spice, salt, soy protein concentrate, sodium phosphates, paprika, modified cornstarch, natural flavor, autolyzed yeast extract, bha, bht, citric acid, yeast extract, disodium inosinate, soy lecithin)",soybeans
phosphoric acid (acidulant),none
tapioca starch- modified,none
"curry paste (garlic, onions, salt, spices)",none
"artificial color (including yellow 5, yellow 6, extractives of annatto)",none
"chicken breast meat (chicken breast with rib meat, water, cultured sugar, and vinegar, potato starch, sea salt, natural flavors)",none
"pectin (pectin, dextrose, sodium citrate)}",none
5% of the following ingredients: natural and artificial flavor,none
"low-moisture mozzarella cheese (pasteurized whole milk, cheese cultures, salt and enzymes)",dairy
fresh yellow onion,none
pork stomachs,none
"diced tomato in juice (tomatoes, calcium chloride, citric acid)",none
"organic 85% dark chocolate (organic cacao beans, organic cocoa butter, organic raw cane sugar, organic vanilla beans)",none
"sodium mtrate), unsalted butter (cream",dairy
"dark chocolate (sugar, chocolate liquor, cocoa butter, soy lecithin)",soybeans
"artificial flavors (fd&c red 40, yellow 5 & blue 1)",none
sulfur dioxide (as a preservative),sulphur dioxide
"colors (carmine [color], blue 1, blue 1 lake, blue 2, blue 2 lake, red 3, red 40, red 40 lake, yellow 5, yellow 5 lake, yellow 6, yellow 6 lake)",none
"cream cheese (milk, cream, cheese culture sait carob bean gum)",dairy
vegetable mono & diglycerides,none
"organic rice pasta (organic rice flour, filtered water)",none
reese's peanut butter cup pieces {milk chocolate [sugar,"dairy, peanuts"
dehydrated green onion,none
dextrose and calcium sulfate (added to prevent caking),none
fruit juices from concentrates; apple (14%),none
"cold press coffee (purified water, coffee)",none
food grade antifoaming agent (dimethylpolysiloxane),none
xanthan gum and gum arabic,none
"sweet cream butter (pasteurized cream, salt)",dairy
enzymes),none
"hard candy (sugar, corn syrup, artificial raspberry flavor, blue 1, canola oil, soy lecithin)",soybeans
fire roasted jalapeno pepper,none
"(enriched flour (barley malt, niacin, thiamine mononitrate), water, high fructose corn syrup, yeast, salt, vegetable oil)","gluten, wheat"
sodium phosphate tribasic,none
"light brown sugar (sugar, molasses)",none
albacore tuna (fish),fish
cor syrup solids,none
"vegetable oil (soybean, palm)",soybeans
naturally smoked herring fillets,fish
"cream cheese blend (cream cheese (pasteurized cultured milk and cream, salt, gum blend (locust bean gum, guar gum, xanthan gum)], skim milk, whey, palm oil, salt, canola and soy lecithin, mono- and diglycerides, apocarotenal (color), cheese culture, enzymes), sugar, water, whole wheat flour, soybean oil, palm oil, wheat flour, glucose syrup, cocoa (alkalized), sour cream (cultured milk and cream, enzymes), chocolate chips (sugar, chocolate liquor, cocoa butter, soy lecithin, vanilla extract), brown sugar, caramel [low fat milk, sugar, soybean oil, vanilla extract and baking soda)","dairy, soybeans, gluten, wheat"
"color (fd&c yellow #5, fd&c yellow #6, fd&c red #40, fd&c blue #1)",none
"shortening (palm oil, mono & diglycerides, polysorbate 60, citric acid) contains 2% or less of: salt",none
"vegan spicy mayo (expeller pressed canola oil, water, brown rice syrup, apple cider vinegar, soy protein, sea salt, mustard flour, lemon juice concentrate)","soybeans, mustard"
cheddar {pasteurized milk,dairy
"cure (salt sodium nitrite, propylene glycol & sodium bicarbonate [processing aids], red 3)",none
california natural seedless raisins,none
gochugaru (korean dried chili pepper),none
carnauba wax and titanium dioxide (color),none
sugar gum,none
"leavening (glucono delta- lactone, baking soda)",none
expeller pressed canola oil and extra virgin olive oil,none
modified whey (milk),dairy
"unbleached and unbromated enriched wheat flour (niacin, reduced iron, thiamin mononitrate, riboflavin, folic acid, malted barley flour)","wheat, gluten"
enzymes (dough conditioner),none
vegetable oil (soybean and/or palm),soybeans
sour cream (cultured non fat milk),dairy
xanthan gum and caramel color,none
"semi-sweet chocolate chips (sugar, chocolate liquor, cocoa butter, soy lecithin, vanillin)",soybeans
"evaporated milk (milk, dipotassium phosphate, carrageenan, vitamin d-3)",dairy
"roasted salted peanuts (peanuts, vegetable oil [peanut oil, cottonseed oil, soybean oil and/or sunflower oil], sea salt)",peanuts
emulsifiers(sor8itan tristearate and soy lecithin),soybeans
"brewed coffee (water, coffee)",none
roasted garlic and sunflower oil,none
"pretzels (enriched wheat flour [wheat flour, niacin, reduced iron, thiamin mononitrate, riboflavin, folic acid], malted barley flour, salt, soybean oil)","wheat, gluten, soybeans"
sodium erythorabate,none
"chili crackers (glutinous rice, soy sauce [water, soybeans, wheat, salt], sugar, modified tapioca starch, chili powder extract, yellow 6, yellow 5)","soybeans, wheat"
pumpkin kernels,none
"leavening (sodium aluminum phosphate, baking soda, monocalcium phosphate)",none
"dough conditioners (calcium sulfate, ascorbic acid, and/or enzymes)",none
"mayonnaise (soybean oil, corn syrup, distilled and cider vinegar, eggs, egg yolks)","soybeans, eggs"
contains 2% or less of the following: spice,none
and rice concentrate added to prevent caking,none
"crab stock (water, natural crab flavoring, salt, and spices)",none
calcium carbonate (a source of calcium),none
clarified red raspberry juice concentrate,none
cornstarch2,none
"acid phosphate of calcium), corn syrup, natural and artificial colors and flavors",none
"enriched wheat flour (wheat flour, amylase, niacin, reduced iron, thiamine mononitrate, riboflavin, folic acid)","wheat, gluten"
"jasmine rice (water, jasmine rice)",none
ingredients: vinegar,none
"confectionary coating (sugar, palm kernel oil, cocoa powder, sunflower lecithin, salt)",soybeans
"creole seasoning (salt, cayenne pepper, paprika, onion, garlic, spices, pepper, celery)",celery
"organic dried apples (organic apple flakes, organic apples)",none
italian dry salame ingredients: pork,none
1/10 of 1% benzoate of soda,none
"chocolate chips (evaporated cane sugar, natural chocolate liquor [non-alcoholic], cocoa butter, vanilla powder)",none
pepper flavor,none
"cooked pizza topping (sausage [pork, beef, water, spices, salt, sugar, garlic powder], water, textured vegetable protein [soy flour, salt])",soybeans
"stabilizer (cellulose gum, carob bean gum, carrageenan, guar gum, dextrose, salt)",none
sodium phosphate (sodium tripolyphosphate),none
corn syrup and sugar,none
"organic coconut milk (coconut, water)",none
"choco chips (sugar, cocoa processed with alkali, soybean oil, fully hydrogenated coconut oil, chocolate liquor, salt, soy lecithin)",soybeans
"(corn, canola, palm, soybean) coca (processed w/alkali)",soybeans
"almonds (water, almonds)",tree nuts
natural flavor and artificial flavors,none
2% or less of parmesan,dairy
"garnish (parmesan cheese [pasteurized milk, cheese culture, salt, enzymes], sage)",dairy
contains less than 2% of fruit pectin,none
pyridoxine hydrochloride (vitamin b6),none
"enriched orzo (semolina wheat flour, niacin, iron [ferrous sulfate], thiamine mononitrate, riboflavin, folic acid)","wheat, gluten"
bread: unbleached enriched wheat flour [wheat flour,"wheat, gluten"
vegetable protein,none
"apple filling (apples, sugar, water, corn starch, citric acid, cinnamon, salt, natural flavor, nutmeg)",none
"chocolate sprinkles (sugar, fractionated palm kernel oil, cornstarch, cocoa, glucose, soy lecithin, gum arabic, carnauba wax)",soybeans
"cream cheese flavored chunk (powdered sugar [sugar, cornstarch], palm kernel oil, skim milk powder, cream cheese [{pasteurized cream, cheese cultures, salt, carob bean gum, guar gum}, sodium phosphate], natural flavor, sunflower lecithin, lactic acid)","dairy, soybeans"
bread crumbs [bleached wheat flour,"wheat, gluten"
spirulina color added,none
essential lime oil,none
canola/olive oil blend,none
thiamin mono- nitrate,none
vegetable broth (contains soy),soybeans
vitamin a pamitate,none
"leavening (sodium acid pyrophosphate, baking soda, monocalcium phosphate, sodium aluminum phosphate, aluminum sulfate)",none
mushroom flavor {tapioca dextrin,none
fully cooked grilled chicken ingredients: chicken breast,none
assorted pretzel blend,none
tapioca,none
imported peppers,none
organic shelled hempseeds,none
natural mineral water,none
"unbleached enriched wheat flour (wheat flour, malted barley flour, niacin, iron, tami mononitrate, riboflavin, folic acid)","wheat, gluten"
organic chopped garlic,none
color (includes beta-carotene),none
mono - and diglycerides of fatty acids(emulsifier),none
flounder,fish
contains 2% or less of yeast,none
sugar and citric acid,none
grade a pasteurized skimmed milk,dairy
organic amaranth seeds,none
natural and artificial flavors (contains milk and soy),"dairy, soybeans"
"color (red 40, blue 1)",none
organic rice concentrate,none
natural flavors (including soy),soybeans
greek peppers,none
"cultured skim milk (skim milk, b. lactis, l. bulgaricus, s. thermophilus, l. lactis, l. casei, l. ramnosus)",dairy
"chipotle tortilla (enriched bleached wheat flour [flour, niacin, reduced iron, thiamine mononitrate, riboflavin, folic acid], water, soybean oil. contains less than 2% of each of the following: vegetable shortening [soybean oil, vegetable mono & diglycerides, tocopherols {vitamin e} and vitamin c palmitate {as antioxidants}], chipotle chili seasoning [salt, dextrose, turmeric, tomato powder, spices, jalapeno powder, natural flavors {with extractives of paprika}, green bell pepper, cilantro and caramel color], salt, leavening [sodium acid pyrophosphate, sodium bicarbonate, corn starch, monocalcium phosphate], monoglycerides, dried chipotle peppers, potassium sorbate, fumaric acid, calcium propionate, guar gum, xanthan gum, sodium metabisulfite, microcrystalline cellulose, dicalcium phosphate)","wheat, gluten, soybeans, sulphur dioxide"
"unbleached enriched wheat flour (flour, barley malt, niacin (vitamin b3), iron, thiamin mononitrate (vitamin b1), riboflavin (vitamin b2), folic acid (vitamin b9)], water, corn syrup, yeast, soybean oil, contains 2% or less of the following: wheat gluten, salt, dough conditioners (mono- and diglycerides, sodium stearoyl lactylate, ethoxylated mono- and diglycerides, ascorbic acid), calcium propionate (to retain freshness), yeast nutrients (calcium carbonate, calcium sulfate, monocalcium phosphate, ammonium sulfate), sesame seeds, sorbic acid (to retain freshness), hydrogenated vegetable oil, soy lecithin","wheat, gluten, sesame"
"cornmeal; corn flour; regrained supergrain+ (barley, wheat, rye); sunflower oil; salt; sugar; yeast extract; gum arabic; sun-dried tomato","wheat, gluten"
canola amd/or olive oil,none
"cheddar cheese (pasteurized milk, cheese culture, salt, microbial enzymes)",dairy
sliced and cooked in lard,none
"blend of vegetable oils (canola, corn)",none
"parmesan cheese (pasturized milk, salt, bacterial culture, enzymes, potato starch and powdered cellulose [to prevent caking], natamycin [a mold inhibitor])",dairy
wheat flour potato starch,"wheat, gluten"
cilantro],none
fresh diced tomatoes,none
vegetable shortening (contains partially hydrogenated soybean oil and/or cottonseed oil and/or canola oil),soybeans
"organic sweet potato pie puree (organic apples, organic sweet potatoes, organic spices, citric acid)",none
coffee capsule (roast & ground coffee),none
natural blue cheese flavor,dairy
organic coconut aminos (coconut sap and sea salt (less than 1%)),none
"vegetable oil (soybean oil, partially hydrogenated soybean oil, tbhq and citric acid added as preservative)",soybeans
eggplant,none
poppy seeds (if present),none
reverse osmosis water,none
"cheddar cheese (cheddar cheese [milk, artificial color, cheese culture, salt, enzymes], water, salt, annatto color)",dairy
"apple cider vinegar (apple cider vinegar, filtered water)",none
"roasted garlic puree (garlic, canola oil)",none
asian toasted sesame dip - water,sesame
"vegetable oil (palm oil, rice bran oil, sesame oil)",sesame
sodium acid pyrophosphate (to prevent struvite crystal formation),none
"parmesan crusted alaska pollock (alaska pollock, enriched flour blend [bleached flour, wheat flour, niacin, ferrous sulfate, reduced iron, thiamine mononitrate, riboflavin, folic acid], water, modified cornstarch, vegetable oil [canola, cottonseed, and/or soybean], 2% or less of yeast, yellow corn flour, onion powder, white corn flour, black pepper, potassium chloride, torula yeast, egg whites, garlic powder, salt, parmesan cheese [cultured cow's milk, salt, enzymes], spices, leavening [sodium bicarbonate], vinegar, dextrose, natural flavor, sugar)","fish, wheat, gluten, dairy, eggs"
"enriched flour (wheat flour, niacin, reduced iron, vitamin b1 [thiamin mononitrate], vitamin b2 [riboflavin)","wheat, gluten"
organic red & green bell pepper,none
"crushed pineapple (pineapple, pineapple juice, ascorbic acid)",none
"baking powder (disodium diphosphate, sodium bicarbonate, starch, calcium carbonate)",none
contains 2% or less of the following: cornstarch,none
5% of the following: maltodextrin,none
organic vanilla flavor,none
white beans,none
contains 1% or less of mono & diglycerides,none
vanilla extract with specks,none
dried parsley,none
"vanilla cookies (enriched flour [wheat flour, niacin, reduced iron, thiamine mononitrate, riboflavin, folic acid], soybean and/or palm oils, sugar, high fructose corn syrup, skim milk powder, natural and artificial flavor, salt, baking soda)","wheat, gluten, dairy, eggs"
carnauba wax},none
"emulsifiers (propylene glycol mono and diesters of fatty acids, mono and diglycerides, sorbitan monostearate, sodium stearoyl lactylate, polysorbate 60)",none
roasted cashews [cashews,tree nuts
"dehydrated vegetables (onion, green bell pepper, jalapeno, chili peppers, garlic) salt",none
organic freeze-dried strawberries,none
"seasoned salt (salt, sugar, paprika, turmeric, onion, non-gmo cornstarch, garlic) and pepper",none
and calcium silicate and calcium stearate added to prevent caking,none
contains 2% or less of coconut,none
cracked pepper,none
"white cheddar cheese (milk, salt, cultures, enzymes], disodium phosphate)",dairy
spices (including sage),none
strawberry: water,none
"vegan marshmallows (tapioca syrup, cane sugar, water, tapioca starch, carrageenan, non-gmo soy protein, natural vanilla flavor)",soybeans
"salt), natural asiago cheese flavor (maltodextrin",**dairy
sprouted watermelon seeds,none
"parmesan cheese (pasteurized part skimmed milk, cheese cultures, sea salt, enzymes)",dairy
potassium sorbate and sodium benzoate (used as preservatives),none
fruit juice concentrate (for color),none
green chili powder,none
"organic sour cream powder (organic cream, cultures, lactic acid, organic nonfat milk solids, citric acid)",dairy
vegetable oil (canola oil and/or soybean oil),soybeans
"margarine (soybean and modified palm oil, water, salt, whey [milk)","dairy, soybeans"
malt vinegar powder,none
and yellow 5,none
"cheddar cheese (pasteurized milk, cheese cultures, salt, enzymes, annatto color, natamycin [a natural mold inhibitor])",dairy
"dark chocolate (cocoa beans, sugar, cocoa buter, non-gmo soy lecithin and vanilla)","**dairy, **soybeans"
"peanut butter flavored coated soy clusters (peanut butter flavored coating [maltitol, palm and palm kernel oil, peanut flour, nonfat milk, whey, peanuts, salt, soy lecithin, milk fat], soy clusters [isolated soy protein, tapioca starch, malt extract, salt], confectioner's glaze, water, salt, gum acacia, natural and artificial flavors)","peanuts, dairy, soybeans"
organic red grape juice concentrate,none
"enzymes), pepperoni (pork",none
sriracha hot chili sauce [chili,none
"hash browns (potatoes, vegetable oil (contains one or more of the following oils: canola, soybean, cottonseed, sunflower, corn), contains 2% or less of dextrose, natural flavor, salt, sodium acid pyrophosphate added to maintain natural color)",**soybeans
soy lecithin (an emulsifier) and monocalcium phosphate,**soybeans
contains less than 2% of modified corn starch,none
"organic brown rice vinegar (water, organic brown rice)",none
dried yellow boletes,none
"natural flavors), xanthan gum, yeast extract",none
shortening (palm and canola oils),none
"parmesan cheese (part-skim milk, cheese culture, salt, and enzymes)",dairy
less than 2% of: of the following: corn syrup,none
"spices (basil, black pepper)",none
"garlic (water, garlic, phosphoric acid, sodium benzoate [to help protect flavor])",none
"ingredients: monterey jack cheese (pasteurized milk, cheese cultutre, salt, enzymes)",dairy
apo-carotenal],none
"vinegar), sesame seed, seaweed",sesame
organic hibiscus concentrated extract,none
recao,none
exhausted vanilla seeds,none
"wheat flour (wheat flour, malted barley flour, niacin, reduced iron, thiamin mononitrate, riboflavin, folic acid)","gluten, wheat"
pectin (thickener),none
raw pistachios,tree nuts
contains less than 2% of the following: vanilla,none
"contains less than 2% of each of the following: yeast (sorbitan monostearate, ascorbic acid)",none
bleached wheat flour (malted barley flour),"gluten, wheat"
"cream topping (sugar, soybean oil, coconut oil, artificial color, corn starch, soy lecithin, mono- and diglycerides, artificial flavor, salt)",**soybeans
"milk chocolate (cane sugar, whole milk powder, chocolate liquor [processed with alkali], cocoa butter, soy lecithin [emulsifier], vanilla bean extractives) peanut butter (dry roasted peanuts)","peanuts, dairy, **soybeans"
"bourbon whiskey (corn, rye, barley malt, water, yeast)]",none
ingredients: purified water,none
"chocolate hazelnut fudge (sugar, palm oil, hazelnuts, cocoa, skim milk, lecithin, artificial flavor)","dairy, tree nuts"
non-gmo soy lecithin,**soybeans
organic turkey meat,none
whey & reduced mineral whey powder (milk),dairy
semi-sweet chocolate {sugar,none
"everroast oven roasted chicken breast (chicken breast, water, less than 1.5% of salt, maltodextrin, sugar, sodium phosphate, dextrose, flavor, chicken broth. coated with: brown sugar, carrot, onion, maltodextrin, sea salt, dextrose, spices, garlic, celery, parsley, 2% or less of carrot powder, canola oil, natural flavor, chicken broth, salt, flavoring)",celery
"sweet chili seasoning (spices [chili pepper, black pepper], maltodextrin, sugar, salt, dehydrated onion, dehydrated garlic, dehydrated parsley, dehydrated tomato, citric acid, silicon dioxide, natural flavor)",none
"sugars (sugar, icing sugar, high fructose corn syrup, dextrose)",none
"lime juice powder (corn syrup solids, lime juice solids, lime oil)",none
"pasteurized process cheese spread (cheddar and colby cheese [pasteurized milk, cheese culture, salt, enzymes], water, whey, sodium phosphate, whey protein concentrate, skim milk, milk fat, salt, carrageenan, cellulose gum)",dairy
"chocolate chips (semi sweet chocolate coating [sugar, chocolate liquor, cocoa butter, dextrose, soy lecithin, vanilla], sugar, confectioner's glaze)",**soybeans
"color (titanium dioxide, beta carotene)",none
"dried sweetened cranberries (cranberries, sugar, expeller pressed sunflower oil)",none
"organic hard cheese (pasteurized organic milk, salt, microbial rennet)",dairy
"breadstick: enriched wheat flour (wheat flour, niacin, reduced iron, thiamine mononitrate, riboflavin, folic acid)","gluten, wheat"
"organic almondmilk (filtered water, organic almonds)",tree nuts
citric acid (to protect flavor)],none
"spices (black pepper, sweet chili pepper, cayenne pepper, celery seed, oregano, cumin, basil, bay, marjoram, savory, thyme, coriander, mustard, rosemary)","mustard, celery"
ingredients: organic grade a fat free milk,dairy
"contains less than 2% of each of the following: organic cheddar cheese (organic pasteurized milk, salt, cheese culture, microbial enzymes, organic nonfat milk)",dairy
modified food starch,none
beta carotene & annatto extract (for color),none
guajillo chili pepper powder,none
pizza seasoning [whey,dairy
"stabilizer (gellan gum, calcium lactate, xanthan gum)",none
contains one or more of the following: gmo free hi-oleic expeller pressed canola and/or sunflower oil,none
"m&m's minis milk chocolate candies [milk chocolate (sugar, chocolate, skim milk, cocoa butter, lactose, milkfat, soy lecithin, salt, artificial and natural flavors)","dairy, soybeans"
"enriched wheat flour (ferrous sulfate, niacin, thiamin mononitrate, riboflavin, folic acid) sugar",wheat
"milk chocolate candies (milk chocolate [sugar, cocoa butter, chocolate liquor, whole milk powder, soy lecithin, and vanilla], sugar, artificial color [blue 1, blue 1 lake, blue 2 lake, yellow 5, yellow 5 lake, yellow 6, yellow 6 lake, red 40, red 40 lake, sorbitol, titanium dioxide, phosphoric acid, methyl and propyl parabens], corn syrup, wax and dextrin)","dairy, soybeans"
"mayonnaise (soybean oil, water, whole eggs and egg yolks, vinegar, salt, sugar, lemon juice, calcium disodium edta [used to protect quality], natural flavors)","soybeans, eggs"
"chocolaty caramel filled cows (sugar, coconut oil, corn syrup, sweetened condensed milk [condensed milk, sugar], skim milk, milk, cocoa processed with alkali, cream, butter [cream, salt], palm kernel oil, soy lecithin, natural and artificial flavors, salt)","dairy, soybeans"
palm oila,none
"blue cheese (cow milk, cheese culture, rennet, salt, p. roquefortii)",dairy
ascorbic acid and citric acid to prevent oxidation,none
"cookie: enriched wheat flour (bleached wheat flour, niacin, reduced iron, thiamin mononitrate, riboflavin, folate)",wheat
organic oregano powder,none
chili powder (chili peppers & spices),none
ingredients: fresh squeezed grapefruit,none
"marinade (21%) [rice vinegar (water, alcohol, glutinous rice)",none
contains 2% or less of: soy protein isolate,soybeans
milk},dairy
greek yogurt coating [sugar,none
tocopherols (a natural antioxidant),none
high fructose corn syrup,none
2% or less of: corn syrup,none
"enriched flour bleached (wheat flour, niacin, reduced iron, thiamine mononitrate, riboflavin, enzymes, folic acid)",wheat
"organic chili powder blend (organic smoked jalapeno peppers, organic cumin seed, organic garlic, organic coriander, organic cayenne, organic oregano, organic pepper, organic cloves, organic allspice)",none
citric acid and live and active probiotic cultures,none
salt and ferrous gluconate,none
"filling (butternut squash, ricotta (whey, milk, cream, vinegar), parmesan cheese (pasteurized cultured part-skimmed milk, salt, enzymes), bread crumbs (wheat flour, yeast, salt), heavy cream (cream, milk), apple mostarda (quince, sugar, mustard flavor), unsalted butter (cream), chicory root fiber, potato starch, vegetable fiber, amaretti cookies (sugar, apricot kernels, egg whites, lactose and milk proteins, leavining (sodium hydrogen carbonate), natural flavor), dehydrated potatoes, salt, natural flavors)","dairy, wheat, eggs"
and annatto (food color),none
natural chocolate flavor with other natural flavors,none
bacon flavor,none
"vegetable oil (sunflower, corn or canola oil)",none
chickory root extract,none
"thickening agents(locust bean gum, modified starch)",none
ferrous sulfate,none
non-gmo whole grain oats,none
"sour cream powder [(cream, cultures, lactic acid) organic nonfat milk solids]",dairy
organic mustard seeds,mustard
"sweet onion dijon vinaigrette (water, canola oil, sugar, dijon mustard [distilled vinegar, water, mustard seed, salt, white wine, citric acid, turmeric {color}, tartaric acid, spices], onion, apple cider vinegar, sweet onion [sweet onion, vinegar, salt], white wine vinegar, salt, lemon juice concentrate, dried onion, spices, xanthan gum, natural flavor, caramel color, annatto extract [color])",mustard
"tara), mono and diglycerides, natural flavor, vanilla beans, annatto (for color), vanilla extract",none
"soy sauce (water, soybeans, salt)",soybeans
garlic paprika,none
"mustard (vinegar, water, mustard seed, salt, turmeric, paprika, spice, garlic powder)",mustard
and filberts (hazelnuts),tree nuts
onion flakes,none
organic raw virgin coconut oil,none
"sprouted whole grains (wheat berries, quinoa, millet, oat groats, barley, rye berries, amaranth)","wheat, gluten"
peanut butter (roasted peanuts),peanuts
natural vanilla flavour wonf,none
dried porcini mushrooms,none
sea vegetable,none
"vegetable gums (carob bean, guar)",none
and citric acid added to help protect flavor,none
coconuts,tree nuts
sodium lactate,none
cookie: cassava flour,none
"contains less than 2% of reduced sodium baking powder (calcium acid pyrophosphate, corn starch, sodium bicarbonate, potassium bicarbonate, monocalcium phosphate)",none
"vindaloo sauce [caramelized onions (onions, expeller pressed canola oil)",none
organic alcohol (to retain freshness),none
"ammonium sulfate), wheat starch, soy lecithin, corn meal","wheat, soybeans"
dried grapes,none
lowfat milk (1% milk fat),dairy
"buffalo spread (cream cheese [pasteurized milk and cream, cheese culture, salt, carob bean gum], celery, blue cheese [blue cheese [pasteurized milk, cheese culture, salt, enzymes, penicillium roqueforti], powdered cellulose [to prevent caking])","dairy, celery"
dual filtered water,none
"organic caramel (organic tapioca syrup, organic cane sugar, organic nonfat milk, organic heavy cream, organic butter(milk), salt, carrageenan, sodium citrate, organic vanilla extract 2-fold, organic soy lecithin, vitamin e [mixed tocopherols] added to preserve freshness)","dairy, soybeans"
dehydrated blend of whey,dairy
fillings: potatoes,none
caraway seeds,none
"spices (drill, ground white pepper, celery seed)",none
"filling: (chicken, cabbage, yellow carrots, cornstarch, red cabbage, green onion, red bell pepper, sugar, contains 2% or less of: functional soy protein concentrate, naturally brewed soy sauce (water, wheat, soybeans, salt, maltodextrin), vegetable oil, ginger, distilled white vinegar, salt, yeast extract, chicken soup base (roasted chicken, salt, sugar, onion powder, natural flavorings), garlic powder, onion powder, spices)","soybeans, wheat"
fresh cream,dairy
"cream cheese (milk and cream, cheese culture, salt, stabilizers (carob bean, xanthan, and/or guar gums)], breadcrumbs (wheat flour, salt, vinegar, baking soda, yeast, natural flavor), dehydrated onion, yellow corn meal, salt, sugar, tomato powder, onion powder, garlic powder, spices, natural flavor, parsley, citric acid, maltodextrin","dairy, wheat"
"crust (enriched wheat flour [wheat flour, niacin, reduced iron, thiamine mononitrate, riboflavin, folic acid], water, soybean oil, sugar, yeast, contains 2% or less of the following: leavening [sodium aluminum phosphate, sodium bicarbonate], salt, enzyme, ascorbic acid [dough conditioner], wheat starch, degermed corn meal, soy lecithin)","wheat, soybeans"
"maple flavored cereal squares (multigrain cereal, [whole grain wheat, rice, corn, sugar, sea salt, barley malt extract, tocopherols {to maintain freshness}], brown sugar, butter [cream, salt], corn syrup, sea salt, natural flavors)","dairy, wheat"
"pastry cream powder (sugar, food starch-modified, maltodextrin, nonfat dry milk, whey powder, egg whites, palm oil, cultured nonfat dry milk, sodium alginate, xanthan gum, natural flavors, colors [beta-carotene, titanium dioxide])","dairy, eggs"
"organic horchata blend (filtered water, organic chufa seed, organic lemon, sea salt)",none
"monterey jack cheese (monterey jack cheese [pasteurized milk, cheese culture, salt, enzymes], powdered cellulose [to prevent caking])",dairy
"flavor base (water, sugar, salt, citric acid, chili powder, dextrose, food starch-modified, artificial flavor)",none
turkey breast containing up to 20% of a solution of water,none
organic millet flakes,none
"nuts (almonds, hazelnuts)",tree nuts
"multigrain flour blend (wheat, rye, triticale, barley, corn, millet, soybean, sunflower seeds, rice, flax, durum wheat flour, oats)","wheat, soybeans"
"leavening (baking soda, calcium acid pyrophosphate, monocalcium phosphate)",none
"cream cheese product (milk, cream, salt, bacterial culture, enzymes)",dairy
protein concentrate,none
"chocolate chunks (sugar, unsweetened chocolate, cocoa butter, soy lecithin, natural vanilla extract)",soybeans
organic raw acai berry powder,none
cooked octopus,fish
chives,none
watermelon juice powder,none
"sugar sprinkles (sugar, fd&c red #40, fd&c red #3, fd&c yellow #5, fd&c blue #1)",none
"cooked enriched macaroni product (semolina, egg whites, niacin, reduced iron, thiamine mononitrate, riboflavin, folic acid)",eggs
guararia seed extract,none
tilia flowers,none
dried strawberry juice concentrate,none
blue #1 & #2 lake,none
sauce and cooked chicken: white meat chicken,none
whole milk powder (rbst free),dairy
"shortening (palm oil, citric acid)",none
chopped tomatoes (75.6%),none
organic blueberry flavor,none
tapioca dextrin & grill flavor (from sunflower oil),none
"contains less than 2% of: vegetable oil (corn, canola, and/or soybean)",soybeans
"vegetable shortening (canola oil, palm oil, palm kernel oil)",none
citrio acid,none
ascorbic acid and calcium chloride,none
"hot sauce (aged cayenne red peppers, vinegar, salt, garlic)",none
),none
b-carotene,none
ascorbic acid (vit.c),none
confectioner's glaze (lac-resin) gum arabic,none
dehydrated vegetables,none
caramel fudge ribbon {corn syrup,none
natural & artificial butter flavor,dairy
tocopherols added to protect flavor,none
organic steamed chickpeas,none
reduced-fat dried whole milk,dairy
grape must,none
and onion extract,none
enzymes and annatto (vegetable color),none
cultures and annatto for color,none
"pepperoni (pork, beef, salt, contains 2% or less of: spices, dextrose, lactic acid starter culture, oleoresin of paprika, sodium nitrite, bha, bht, citric acid, may also contain dehydrated garlic, flavoring, sodium ascorbate)","**dairy, **soybeans"
"cheese cake pieces (cream cheese [milk cream cheese culture, salt, carob bean, and/or xanthan and/or guar gums], graham cracker crumbs [enriched wheat flour {wheat flour, barley, malt, niacin, iron, thiamine mononitrate, riboflavin, folic acid}, graham flour, sugar, partially hydrogenated soybean and/or cottonseed oils, sugar, eggs, margarine [liquid soybean oil, partially hydrogenated soybean oil, water, salt, whey, vegetable mono & diglycerides, soy lecithin, sodium benzoate, artificial flavor, beta carotene, vitamin a palmitate], confectioners sugar, cream, wheat flour, natural flavors, xanthan gum)","dairy, eggs, wheat, soybeans"
cheese sauce mix [modified corn starch,none
"sour cream powder (cream, nonfat milk, cultures)",dairy
maltodextrin (from tapioca and corn),none
sodium acid pyrophosphate (aid to retain natural color),none
panthothenic acid,none
sodium citrate and red 40,none
"sweet rolls (enriched flour [wheat flour, enzyme, niacin, reduced iron, thiamine mononitrate, riboflavin, folic acid], water, sugar, liquid sugar [sugar, water], butter [pasteurized cream, salt], eggs, contains less than 2% of each of the following: yeast, potato flour, whey, nonfat milk, salt, datem, soy flour, yellow corn flour, sodium stearoyl lactylate, inactive yeast, wheat gluten, sorbic acid preservative, monocalcium phosphate, wheat flour, calcium sulfate, sodium silicoaluminate, ammonium sulfate, ascorbic acid added as a dough conditioner, wheat starch, sorbitan monostearate, mono- & diglycerides, enzymes, calcium silicate, microcrystalline cellulose)","dairy, eggs, wheat, soybeans, gluten"
"dried tart cherries (cherries, sugar, sunflower oil)",none
"rotisserie seasoning (salt, onion powder, yeast extract, sugar, garlic powder, spice extractive, silicon dioxide [to prevent caking])",none
"croutons: enriched unbleached wheat flour (wheat flour, malted barley flour, niacin, iron, thiamin mononitrate, riboflavin, folic acid)","wheat, gluten"
"seasoning (corn maltodextrin, modified whey, salt, spices, dextrose, monosodium glutamate, nonfat dry milk, sugar, natural flavor, whey powder, onion powder, citric acid, garlic powder, artificial color [fd&c yellow no. 6 lake, extractives of paprika, fd&c yellow no. 5 lake], disodium inosinate and guanylate, lactic acid, cheddar cheese [milk, cheese cultures, salt, enzymes], buttermilk powder & not more than 2% each calcium silicate and silicon dioxide added as anticaking agents)",dairy
"semisweet chocolate (unsweetened chocolate, cane sugar, cocoa butter, vanilla extract)",**soybeans
"lime juice (filtered water, lime juice concentrate, lime oil, sodium benzoate [to help protect flavor])",none
citric acid and honey,none
artificial vanilla flavor,none
organic chicken meat,none
soybean and palm oil with tbhq for freshness,soybeans
"prepared black beans (black beans, water, salt, calcium chloride, iron gluconate [color])",none
contains 2% or less of: potassium lactate,none
caffeine anhydrous,none
"part-skim mozzarella cheese and modified cornstarch (part-skim mozzarella cheese [cultured milk, salt, enzymes], modified cornstarch, skim milk, flavors)",dairy
lemon juice with added lemon oil,none
"dark chocolate (sugar, unsweetened chocolate, cocoa butter, soy lecithin, vanilla)",**soybeans
inulin,none
aspartame],none
"whole eggs (whole egg, modified corn starch, salt, citric acid, xanthan gum)",eggs
enzyme modified stevia extract,none
natural & artificial blueberry flavor,none
[flour malted barley flour,"gluten, wheat"
white tea and ascorbic acid (vitamin c),none
cream (78%) [vegetable oil,dairy
carob powder,none
"mango base (sugar, mango, water, natural mango flavor, modified corn starch, lemon juice concentrate, citric acid, annatto extract added as color)",none
breaded cauliflower wings: cauliflower florets,none
"ricotta cheese (cultured milk whey, salt, acidity regulator [citric acid])",dairy
"semisweet chocolate (sugar, chocolate liquor, cocoa butter, milkfat, soy lecithin, natural flavor, salt)","dairy, soybeans"
orange juice solids,none
nisin (a natural preservative),none
"mashed potatoes 80% (water, dehydrated potatoes : potatoes, emulsifying: mono- and di-glycerides of fatty acids, antioxidant: sodium metabisulphite, natural flavouring)","sulphur dioxide, sulphites"
modified maize starch,none
date syrup,none
"orzo and peppers (pasta [water, durum wheat semolina], dark and light chicken meat, red peppers, parmesan cheese [pasteurized milk, salt, lipase, microbial enzyme, bacterial culture, cellulose, natamycin], white vinegar, canola oil, salt)","dairy, gluten, wheat"
seasoning {sugar,none
pea starch,none
freeze dried apple powder,none
and methylcellulose gum,none
"bacon: (water, salt, sodium erythorbate, sodium nitrate. may contain sugar, smoke flavor, and sodium phosphate, brown sugar)",none
smoked sea salt,none
"ham-water and smoke flavoring added (cured with water, dextrose, contains 2% or less of: salt, brown sugar, sodium phosphate, sodium erythorbate, smoke flavoring, sodium nitrite)",none
"marinade (organic high oleic sunflower oil, organic lemon juice, organic extra virgin olive oil, organic mustard [organic vinegar, water, organic mustard seeds, salt, organic spices], organic garlic, sea salt)",mustard
"smoke powders (maltodextrin, hickory and mesquite flavors)",none
enzyme-active soy flour,soybeans
"natural roasted peanut extract (natural flavor, peanut oil, soy lecithin)","peanuts, soybeans"
dehydrated ginger,none
contains 2% or less of the following: sugar,none
"milk chocolate (sugar, cocoa butter, chocolate liquor, milk, soy lecithin (an emulsifier) and vanilla)","dairy, soybeans"
tuna extract,fish
"plum juice and grape juice (water, plum juice concentrate, grape juice concentrate)",none
"lemon juice (water, concentrated lemon juice, sodium bisulfite (preservative), sodium benzoate (preservative), lemon oil)","sulphur dioxide, sulphites"
"rice (jasmine rice, rice oil)",none
"gingerbread (sugar, wheat flour, butter, whole egg, ginger, nutmeg, sodium carbonate, salt, cinnamon, clove, ginger powder, invert sugar)","gluten, wheat, eggs, dairy"
raw cashews,tree nuts
potassium metabisulfite (preservative),"sulphur dioxide, sulphites"
"leavening (sodium bicarbonate, sodium aluminum sulfate, corn starch, monocalcium phosphate, and/or sodium acid pyrophosphate, calcium sulfate)",none
chickpeas (chickpeas & water),none
"enriched flour (wheat flour, niacin, reduced iron, vitamin b1 [thiamin mononitrate)","gluten, wheat"
palm olein (responsibly sourced),none
"organic vanilla powder (organic vanilla extract, organic vanilla ground, organic vanilla absolute)",none
"vegetable oil (coconut (tree nut), palm kernel, palm)",tree nuts
stuffed in a collagen casing,none
malic acid (provides tartness),none
"organic enriched wheat flour (organic wheat flour, niacin, iron, thiamine mononitrate, riboflavin, folic acid)","gluten, wheat"
"lemon zen proprietary herb blend (lemon balm, lemon myrtle, lemon peel, lemon verbena, spearmint, cardamom, ginger, lavender)",none
"spices (chilli, coriander, cumin, fennel, cardamom, nutmeg, pepper, turmeric, mint leaves, mustard, cinnamon, star anise, fenugreek, clove)",mustard
butter (lima) beans,none
"cheese flavored seasoning (whey, maltodextrin, reduced lactose whey, salt, natural cheddar cheese flavor, artificial flavor, cream, natural blue cheese flavor, artificial color [including yellow 6, extractives of turmeric, yellow 5], whey protein concentrate, lactic acid, citric acid)",dairy
grade a nonfat dry milk,dairy
"chocolate chips (sugar, coconut oil, cocoa processed with alkali, cocoa powder, milk fat, soy lecithin, natural vanilla extract, natural flavors)","dairy, soybeans"
natural flavors (including mesquite smoke and grill flavor [from sunflower oil]) with other natural flavors,none
"contains 2% or less of tomatoes (water, tomato paste)",none
"romano and monterey jack cheeses (pasteurized milk, cheese cultures, salt, enzymes)",dairy
chia powder,none
"vegetable shortening (palm oil, soybean oil, canola oil, tocopherols [antioxidant])",soybeans
yeast onion powder,none
"cheese seasoning (corn maltodextrin, whey, sweet cream buttermilk, cheddar cheese [pasteurized milk, cheese culture, salt, enzymes], palm oil, salt, corn syrup, sugar, sunflower oil, sodium phosphate, garlic powder, citric acid, artificial color [titanium dioxide], lactic acid, blue cheese [pasteurized milk, cheese cultures, salt, enzymes], sodium caseinate, disodium inosinate and guanylate, natural and artificial flavor, paprika, turmeric, partially hydrogenated soybean and cottonseed oil, onions, seasoning (rice flour, corn starch, wheat starch, salt, partially hydrogenated vegetable oil [soybean and/or cottonseed], sodium alginate), shortening (palm oil, lecithin, natural flavors, beta carotene), whey, sugar, modified corn starch, dough conditioner (calcium sulfate, salt, l-cysteine hydrochloride, deodorized garlic powder, tricalcium phosphate, fungal enzymes, mono- and diglycerides, whey, ethoxylated mono- and diglycerides, wheat flour), salt, yeast, sodium hydroxide","dairy, soybeans, wheat"
natamycin (a natural mold inhibitor)],none
lime extract,none
"organic diced tomatoes (tomatoes, calcium chloride, citric acid)",none
belgian milk chocolate with vegetable oil: sugar,dairy
pasteurized cultured milk and cream,dairy
boletes european flour and champignon powder,none
"butter sweetened dried cranberries (cranberries, sugar, sunflower oil)",none
"seasoning (salt, natural flavors, yeast extract1, citric acid, roasted onion powder, onion powder1, sugar1)",none
cage free fried egg white patty: egg whites,eggs
"artificial color (yellow #5 & #6 lake, yellow #5 & #6)",none
organic sea salt caramel type flavor,none
"chocolatey chips (lactitol+, coconut oil, cocoa processed with alkali, bitter chocolate, cocoa, soybean oil, soy lecithin, natural flavor, sucralose)","soybeans, lactose"
organic dehydrate cane juice,none
"worcestershire sauce (apple cider vinegar, filtered well water, molasses, wheat-free tamari [water, soybean, salt], dehydrated cane juice, salt, lemon juice concentrate, ginger puree, tamarind, cayenne puree, garlic powder, xanthan gum, shiitake mushroom, allspice, clove, orange extract, lemon extract, natural onion flavor [onion oil], natural smoke flavor)","soybeans, wheat"
(vitamin c) to promote color retention,none
"chicken type flavoring (maltodextrin, gum arabic, natural flavor)",none
and other natural flavors,none
cocoa (dutch processed),none
"lemon juice ( water, lemon juice concentrate, sodium benzoate and sodium bisulfite [preservatives], lemon oil)",none
contains 2% or less of: vanilla extract,none
"hot sauce (peppers, distilled vinegar, salt, xanthan gum)",none
"alcohol: cognac (3,1%)",none
"peanut flavored chips (sugar, palm kernel and palm oil, partially defatted peanut flour, nonfat milk, dextrose, salt, soy lecithin)","peanuts, dairy, soybeans"
"enriched high gluten flour (wheat flour, malted barley, niacin, reduced iron, thiamin mononitrate, riboflavin, and folic acid)","wheat, gluten"
pizza crust {broccoli,none
"butter flavor (maltodextrin, butter flavor)",none
pasteurized cultured milk,dairy
papaika,none
"yogurt (milk, cream, skim milk powder, bacterial culture)",dairy
roasted sunflower seed kernels - sunflower seed kernels,none
turkey stock,none
coloring (natural: red beet juice e162)],none
"tomatoes (tomatoes, tomato juice, citric acid)",none
black carrot and red cabbage juice fro color,none
contains 2% or less of: natural and artificial flavor,none
hard-boiled egg,eggs
#6,none
"semisweet chocolate chunks (sugar, chocolate dextrose, cocoa butter, milk, soy lecithin)","dairy, soybeans"
organic fresh pressed apple juice,none
"marinara sauce (fresh vine-ripened california tomatoes, sea salt, red pepper, onion powder, garlic powder, spice extractive, naturally derived citric acid)",none
"dijon mustard (water, mustard seed, vinegar, salt, white wine, citric acid, tartaric acid, spices)",mustard
"dehydrated vegetables (garlic, carrot, corn, green peas, onion)",none
contains 2% or less of each of the following: corn syrup solids,none
"feta cheese (milk, milk protein concentrate, salt, calcium chloride, enzyme, lactic acid, bacterial culture, cellulose)",dairy
"meatballs (beef, pork, water, breadcrumbs (enriched wheat flour [wheat flour, niacin, ferrous sulfate, thiamine mononitrate, riboflavin, folic acid], dextrose, salt, yeast, soybean oil), textured soy protein (soy flour, caramel color), soy protein concentrate, salt, soy protein isolate, potassium chloride, natural flavor, spice extract, caramel color)","wheat, soybeans"
"milk chocolate (sugar, cocoa butter, skim milk, chocolate, milkfat, lactose, soy lecithin, artificial flavors)","dairy, soybeans, lactose"
less than 2% of: cocoa,none
"contains 2% or less cane sugar), natural flavorings (including celery powder), canadian bacon (pork",none
"soy sauce (hydrolyzed soy protein, water, salt, corn syrup, caramel coloring)",soybeans
sesame extract,sesame
onions (contains sulfites),sulphites
"pumpkin spice (ground cinnamon, ground clove, ground ginger, ground nutmeg)",none
"organic miso (organic soybeans, organic cultured rice koji [organic rice, koji spores {aspergillus oryzae}], sea salt, water)",soybeans
"ricotta cheese (whey, skim milk, vinegar, salt)",dairy
"soy sauce solids (wheat, soybeans, salt)","wheat, soybeans"
dried chile pepper,none
chocolate drizzle: sugar,none
natural flavors (includes peppermint),none
"dark chocolate (chocolate liquor, sugar, cocoa butter, milkfat, soy lecithin [emulsifier], vanilla)","dairy, soybeans"
jalapeno chili pepper,none
"sodium aluminum phosphate), vital wheat gluten, emulsifier (mono and diglycerides",wheat
"half & half (milk, cream)",dairy
"contains 2% or less of each of the following: leavening (baking soda, sodium aluminum sulfate, cornstarch, calcium sulfate, monocalcium phosphate)",none
"natural flavor (water, propylene glycol, natural flavors, xanthan gum, citric acid, sodium benzoate, annatto)",none
silicon dioxide (anticaking agent)],none
water garlic poweder,none
folic acid (folate)],none
breaded with: whole wheat flour,wheat
"vegetable oil (contains one or more of the following: canola cottonseed, palm) preserved by tbhq salt",none
"seasoning (whey, salt, nonfat dry milk, buttermilk solids, parmesan cheese [milk, salt, cultures, enzymes], garlic powder, maltodextrin, sugar, spice, basil, natural flavor, olive oil, lactic acid, annatto extract, turmeric extractives)","dairy, wheat"
"chocolate coating (unsweetened chocolate, organic coconut sugar, organic cocoa butter, coconut oil)",none
lobster flavor,fish
contains less than 2% of: rice flour,none
potassium sorbate and sodium benzoate (added to maintain freshness),none
"enriched wheat flour (contains: wheat flour, niacin, reduced iron, thiamine mononitrate, riboflavin, and folic acid)",wheat
almond butter,tree nuts
contains 2% or less of the following: dextrose,none
"seasoning (honey granules (refinery syrup, honey), sugar, brown sugar, salt, onion and garlic powder, smoke flavoring (maltodextrin, natural smoke flavor), molasses granules (refiners syrup, cane mill molasses, cane caramel color), monosodium glutamate, spices (with jalapeno), paprika, citric acid, spice extractives)",none
brown cane sugar,none
organic passionfruit juice concentrate,none
organic turmeric powder (color),none
"hot soppressata: (pork, salt, paprika, dextrose, spices, lactic acid starter culture, sodium erythorbate, garlic, sodium nitrite)",none
natamycin to protect flavor,none
"cheese sauce (water, cheddar cheese [pasteurized milk, cheese culture, salt, enzymes, annatto color], modified corn starch, cream cheese [pasteurized cultured milk and cream, salt, stabilizers (xanthan, locust bean and/or guar gums)], canola oil, contains less than 2% of nonfat dry milk, whey, sodium phosphate, salt, corn starch, lactic acid, cellulose gum, butter oil, sugar, yeast extract, paprika extract [color], natural flavors, annatto extract [color])",dairy
ingredients: corn,none
"dry roasted pistachios (pistachios, sea salt)",tree nuts
dicalcium phosphate dihydrate,none
vanillin (artificial flavoring)],none
ingredients: skinless boneless chicken breast fillets,none
organic black carrot juice concentrate (color),none
"flour (unbleached wheat flour, malted barley flour, niacin, iron, thiamine mononitrate, riboflavin, folic acid)","wheat, gluten"
contains less than 2% pear powder,none
sat,none
enzyme-modified butter oil,dairy
organic thyme extract,none
tilapia (carbon monoxide treated to retain natural color),fish
ethoxylated mono- and diglycerides,none
calcium propionate and potassium sorbate (to preserve freshness),none
"pasta (wheat flour, eggs, water)","wheat, eggs, gluten"
propyl gallate and citric acid added to protect flavor: pork,none
live active culture,none
sauce - water,none
guava puree from concentrate,none
"cake mix (sugar, enriched bleached wheat flour (wheat flour, niacin, reduced iron, thiamine mononitrate, riboflavin, folic acid), vegetable oil shortening (palm oil), cocoa powder processed with alkali, wheat starch, leavening (baking soda, dicalcium phosphate, monocalcium phosphate, sodium aluminum phosphate), dextrose, emulsifier (propylene esters, mono and diglycerides, sodium stearoyl lactylate), salt, color (yellow 6 lake, red 40 lake, blue 1 lake, soy lecithin, yellow 5 lake), xanthan gum, cellulose gum, natural and artificial flavor)","wheat, gluten, soybeans, eggs, dairy"
"cooked cavatappi pasta (water, enriched semolina [durum wheat semolina, niacin, ferrous sulfate, thiamine mononitrate, riboflavin, folic acid])","wheat, gluten"
spice(garlic powder),none
"enriched long grain rice (milled long grain rice., iron phosphate, niacin, thiamine mononitrate, folic acid)",none
"tortilla: flour (wheat flour, barley flour)","wheat, gluten"
"trisource protein blend (whey protein isolate, calcium caseinate, soy protein isolate)","dairy, soybeans"
"artificial colors (red 40, blue 1, red 3, yellow 5)",none
"spice mix (salt, tomato powder, onion powder, spices, garlic powder, smoked paprika)",none
"seasoning blend (maltodextrin, sea salt, white distilled vinegar)",none
"barbeque sauce: (corn syrup, vinegar, tomato paste, modified food starch, salt, natural flavors, natural smoke flavor, spices, caramel color, sodium benzoate, molasses, garlic dried, sugar, tamarin, red onion)",none
pure cane sugar,none
caramel: brown sugar,none
"birthday cake flavorette (sugar, corn syrup, corn cereal, corn starch, palm oil, natural flavor, coloring agents [fruit and vegetable extracts, beta carotene, turmeric, paprika])",none
flax+,none
"dough conditioner (monoglycerides. ethoxylated mono- and diglycerides, sodium stearoyl lactylate, ascorbic acid)",none
vegetable oil (palm and/or soybean and/or canola oil and/or rice bran oil),soybeans
"dough conditioners (mono and diglycerides, sodium stearoyl lactylate, ascorbic acid, enzymes)",none
contains less than 2% of the following: food starch-modified,none
natural and artificial butter flavor,dairy
water modified corn starch,none
lemon essential oil,none
sodium silicoaluminate,none
"organic garam masala (organic bay leaf, organic cloves, organic cardamom, organic cinnamon, organic nutmeg, organic coriander, organic black pepper, organic cumin)",none
"mayonnaise (soybean oil, distilled vinegar, water, egg yolk, whole egg, contains less than 2% of salt, sugar, lemon juice concentrate, natural flavor, oleoresin paprika [for color], calcium disodium edta [to protect flavor])","soybeans, eggs"
"cheese blend (shredded low-moisture mozzarella cheese [cultured pasteurized milk, salt and enzymes], powdered cellulose [added to prevent caking], seasoning blend [oregano, basil, red pepper, parsley])",dairy
organic cherries organic macadamia nuts,tree nuts
"sharp cheddar cheese (pasteurized milk, cheese culture, salt, enzymes, annatto [vegetable color])",dairy
"deluxe low sodium roast beef (coated with salt, pepper, garlic)",none
"mct oil powder (mct oil, acacia fiber)",none
"tomato ketchup (tomato concentrate, distilled vinegar, high fructose corn syrup, corn syrup, salt, spice, onion powder, natural flavoring)",none
"sweetener (honey, wheat starch)",wheat
organic garbanzo bean sprout,none
vitamin e (mixed tocopherols) and ascorbic acid added to preserve freshness,none
fish protein [alaska pollock (gadus chalcogramma) and/or pacific whiting (merluccius productus)],fish
organic distilled white vinegar,none
may contain occasional stem or shell fragment,none
"organic red wine vinegar with """"mother"""" diluted with water to 5% acid strength",none
"butter flavor (enzyme modified butter, flavor)",dairy
paprika coloring,none
"semi-sweet chocolate (sugar, unsweetened chocolate, cocoa butter)",none
"caramel ripple (corn syrup, water, sweetened condensed skim milk [skim milk, sugar], sugar, butter, corn starch, modified, mono- and diglycerides, salt, natural and artificial flavor, sodium alginate, potassium sorbate [preservative])","dairy, gluten, wheat"
contains 2% or less of the following: disodium phosphate,none
anhydrous dextrose (from wheat or corn),"gluten, wheat"
black cherries modified corn starch,none
"leavening (sodium bicarbonate, sodium acid pyro-phosphate and monocalcium phosphate)",none
"(yellow 6, extractives of turmeric and caramel color)",none
"tamari soy sauce (water, soybeans, salt, sugar, alcohol, vinegar and lactic acid)",soybeans
"pepper jack cheese (pasteurized milk, jalapeno peppers, cheese culture, salt, enzymes, natamycin as a natural mold inhibitor)",dairy
speckled lima beans,none
sodium benzoate and calcium disodium edta as preservatives,none
"enriched flour (wheat flour, malted barley flour, niacin, reduced ron, thiamin mononitrate, riboflavin, folic acid)","gluten, wheat"
"enriched wheat flour bleached (wheat flour, ferrous sulfate, niacin, thiamine mononitrate, riboflavin, folic acid)","gluten, wheat"
"mixed berries (blackberries, blueberries, raspberries)",none
freeze-dried peaches,none
"whipped cream cheese (pasteurized milk and cream, skim milk, whey protein concentrate, whey, modified food starch, salt, carob bean gum, xanthan gum, guar gum, lactic acid, natamycin [a natural mold inhibitor], vitamin a palmitate, cheese culture)",dairy
ingredients: organic coconut,none
"roasted & salted peanuts (peanuts, salt)",peanuts
"raspberry puree pieces (raspberry, apple juice concentrate, apple powder, citrus pectin)",none
dehydrated chile peppers,none
artificial ham flavor flavor hydrolized vegetable protein,none
turkey stick: turkey,none
may contain potassium sorbate,none
"shredded parmesan cheese (parmesan cheese [made from cow's milk] rennet, salt, starch and powdered cellulose added to prevent caking)",dairy
pumpkin flower,none
cilantro and spices,none
non gmo sunflower and/or safflower oil,**soybeans
paprika and garlic,none
carrageenan (thickener),none
"apples (ascorbic acid, calcium carbonate [added to maintain freshness and color])",none
"less than 2%: garlic puree (garlic, water)",none
organic green crushed tomatoes,none
"vegetable oil (palm, soybean and/or cottonseed oils)",soybeans
unbleached flour (wheat flour and ultragrain whole wheat flour),"gluten, wheat"
ammonium bicarbonate as leavening agent,none
"matzo meal passover wheat flour and water), spices, garlic, paprika, annatto color","gluten, wheat"
"artificial colors (yellow lake #5, red lake #40)",none
ingredients: organic crisp rice,none
"filling (ricotta (whey, whole milk, cream, vinegar), seasoning (water, sunflower oil, potato starch, casein, salt), parmesan cheese (pasteurized cultured milk, salt, enzymes), bread crumbs (wheat flour, yeast, salt), mozzarella cheese (pasteurized cultured milk, salt and enzymes), mascarpone cheese (pasteurized milk, cream, citric acid), pecorino romano cheese (pasteurized cultured sheep milk, rennet, salt), cornstarch, chicory root fiber, potato starch, dehydrated potatoes, vegetable fiber, natural flavors. 2% or less of salt. yeast extract)","dairy, gluten, wheat"
gmo-free cane sugar,none
yellow lake 5,none
stabilizer (locust bean gum),none
"fruit puree (pear, papaya, mango, strawberry, passion fruit, kiwi)",none
refined sunflower oil,none
contains less than 2%: spices,none
pomegranate juice1,none
"organic coconut-milk (water, organic coconut creme)",none
cream [cream (milk),dairy
"vitamin d3 and live active cultures (s. thermophilus, l. bulgaricus, l. acidophilus, bifido, lactis, l. rhamnosus, l.casel)",none
"methyl cellulose), salt, seasoning (chili pepper",none
diced pineapple,none
non gmo brown rice syrup,none
spriulina extract and vegetable juice (color),none
yellow 6 (color),none
"cooked lentils (water, lentils)",none
"protein grain blend (soy protein isolate, organic rolled oats, organic rice flour)",soybeans
corn binder,none
contains 2% or less of cellulose gum,none
"butter (milk, cream)",dairy
"emulsifying salts (polyphosphates, sodium phosphates)",none
"seed and dried fruit mix (almonds, red tart cherries, cranberries, raisins, flax seeds, pumpkin seeds) chicory root fiber",tree nuts
jasmine long grain rice,none
pumpkin seed,none
artificial colors (includes red 40 lake),none
"marinara sauce with romano cheese (tomatoes and tomato paste, water, canola oil, mushrooms, romano cheese [sheep's milk, cheese culture, salt, rennet], modified food starch, salt, onion [dry], spices, citric acid)",dairy
"dried mango (mango, sugar, mango juice, citric acid, natural mango flavor, sulfur dioxide (sulfites))","sulphur dioxide, sulphites"
less than 2% of: garlic,none
mission figs,none
"vanilla wafers (enriched flour [wheat, niacin, reduced iron, thiamin mononitrate, riboflavin, folic acid])","wheat, gluten"
baby green tango lettuce,none
"natural flavors (contain baker's yeast extract, salt)",none
"chocolate drops (sugar, chocolate liquor, cocoa butter, dextrose, soy lecithin, artificial flavor)",soybeans
"fruit (peaches, pears, cherries [cherries, carmine])",peanuts
red pepper},none
"chili powder (chili peppers, spices, garlic powder)",none
marshmallow: sugar,none
dextrin,none
partially hydrogenated cottonseed oil and/or partially hydrogenated canola oil,none
"chocolate (sugar, hydrogenated vegetable fat, cocoa powder processed with alkali, salt, vanillin) and soy lecithin",soybeans
stabilizer disodium phosphate,none
organic lime juice concentrate,none
"tofu (water, sprouted soybeans, nigari (magnesium chloride), calcium sulfate)",soybeans
vegetable oil (canola &/or sunflower)],none
"chicken filling (chipotle tinga sauce [water, onions, tomato paste {tomatoes}, green bell pepper and red bell pepper blend, chipotle peppers in adobo sauce {chipotle peppers, water, tomato paste, vinegar, onions, salt, sugar, vegetable oil and spices}, soybean oil, sugar, sea salt, minced garlic {garlic, water}, distilled vinegar {white distilled vinegar, water}, corn starch, cumin, oregano], chicken [fully cooked chicken white meat, water, rice starch and contains less than 2% of: salt, carrageenan, yeast extract, black pepper, paprika, garlic powder and natural flavor], reduced fat cheddar cheese [pasteurized part-skim milk, cheese cultures, salt, enzymes and annatto {color}], corn starch, plum puree [prune juice concentrate, dried plums {prunes}])","soybeans, dairy"
"margarine (soybean oil, palm oil, palm kernel oil, water, salt, mono & diglycerides, soybean lecithin (soy), sodium benzoate added as a preservative, artificial butter flavor, colored with beta carotene, vitamin a palmitate added)",soybeans
pasteurized cultured cream and milk,dairy
"raspberry filling (high fructose corn syrup, raspberries, water, modified food starch, sugar, dried apple [apples, calcium stearate and sodium sulfite], dextrose, citric acid, cellulose gum, preservatives [sodium benzoate and potassium sorbate], salt, natural flavor)",none
serrano powder,none
"caramel crunch (sugar, lactose, skim milk, butter, salt, coconut oil, whey powder, soy lecithin (emulsifier))","dairy, soybeans"
"less than 2% of: seasoning (spices (white pepper, nutmeg, coriander), onion powder, sage, ascorbic acid (antioxidant), sunflower oil)",none
gingerbread ingredients: enriched wheat flour,"wheat, gluten"
"chocolaty cookie pieces (enriched flour [niacin, reduced iron, thiamine mononitrate, riboflavin, folic acid], soybean and palm oil with tbhq for freshness, cocoa processed with alkali, invert sugar, yellow corn flour, chocolate, cornstarch, salt, leavening (baking soda, monocalcium phosphate), artificial flavor, soy lecithin, whey)","wheat, soybeans, dairy"
contains 2 percent or less of each of the following: salt,none
"organic miso paste (organic rice koji, organic soybeans, sea salt, water, koji spores)",soybeans
organic roasted green chile,none
"cheese sauce (whole milk, cheddar cheese [milk, cheese cultures, salt, enzymes], heavy cream, butter [cream, salt], water, potato flour, onions, rice starch, parmesan cheese [part-skim milk, cheese cultures, salt, enzymes], sea salt, spices)",dairy
"bacon (pork cured with water, salt, sugar, sodium phosphate, sodium ascorbate, sodium nitrite)",none
ancient sea salt,none
"seasoning (sugar, honey powder [refinery syrup, honey)",none
"fried plantains (ripe plantains, palm oil)",none
citric acid and malic acid to promote color,none
ingredients: heat peanuts - peanuts,peanuts
the following less than 2% - sea salt,none
"almonds (almonds, canola and/or peanut and/or cottonseed oil, salt)",tree nuts
natural elderberry extract and annatto (for color),none
"seasoning blend (salt, onion, sugar, hydrolyzed corn protein, chili pepper, spices, monosodium glutamate, garlic, citric acid, jalapeno, bell pepper, paprika extract, disodium guanylate and disodium inosinate, natural flavor, silicon dioxide and vegetable oil [sunflower] to prevent caking)",none
natural white chocolate flavor,none
calcium disodium edta (to maintain quality),none
"royal icing mix: powdered sugar (sugar, corn starch)",none
"blue cheese (milk, cheese culture salt, enzymes)",dairy
dried scallions,none
"croutons (wheat flour, sunflower oil, wheat flakes, palm oil shortening , sea salt, whey powder, sugar, cheese powder [cheese, whey powder], maltodextrin, yeast, yeast extract, garlic powder, dehydrated parsley, natural flavor, citric acid, malted barley flour, spices, rosemary extract)","wheat, gluten, dairy"
potassium sorbate (a preservative) spice,none
colby cheese: pasteurized milk,dairy
concord grape concentrate,none
"miso (rice, soybeans, sea salt, water, koji spores)",soybeans
natural orange bitters flavor,none
contains 2% or less of the following: gellan gum,none
"less than 1% of artificial coloring (includes red 40 lake, yellow 5 lake, blue 1 lake, blue 2 lake)",none
sodium benzoate,none
"vegetable oil (corn, canola, and/or soybean)",soybeans
vanilla bean,none
"bechamel sauce (whole milk solids, modified food starch, cornstarch, salt, sugar, natural flavor, yeast extract, dehydrated onion)",dairy
organic fenugreek,none
romano cheese solids from cow's milk,dairy
yellow 5 (color),none
natural and artificial flavoring (including artificial smoke flavor),none
dried organic oregano,none
onions tomatillos,none
beta carotene,none
sweet peas,none
taco cheese blend [pasteurized milk,dairy
"fudge (sugar, water, cocoa, corn starch, salt)",none
"unbleached enriched wheat flour (wheat flour, niacin, reduced iron, ascorbic acid [dough conditioner], thiamine mononitrate, riboflavin, alpha amylase, folic acid)","wheat, gluten"
stabilizer [sugar,none
"vitamin a palmitate), raspberry filling [sugar, high fructose corn syrup, water, corn syrup, raspberry puree, modified corn starch, raspberry juice from concentrate, natural flavors, pectin, citric acid, malic acid, potassium sorbate (preservative), caramel color, sodium citrate, artificial colors (fd&c red #40 and fd&c blue #1)], sugar, water, high fructose corn syrup, eggs, palm oil, dextrose, contains 2% or less of the following: yeast, mono & diglycerides, whey, modified corn starch, salt, soy flour, corn starch, tapioca starch, corn syrup, calcium sulfate, ammonium sulfate, enzymes, calcium carbonate, agar, titanium dioxide, sorbitan monostearate, natural & artificial flavors, corn flour, oleoresin turmeric, soybean oil, soy lecithin, oleoresin paprika, glyceryl monooleate, polysorbate 60, leavening (sodium acid pyrophosphate","eggs, soybeans, dairy"
"sugar), corn, soybean oil, 2% or less of dehydrated sour cream (sour cream (cultured cream, nonfat milk)",dairy
"sweet relish (cucumbers, sugar, vinegar, salt, mustard seed, xanthan gum, celery seed, dried bell pepper, natural flavor, turmeric, dried onion)","mustard, celery"
organic cream and organic skim milk,dairy
contains 1% or less of natural and artificial flavors,none
raspberry puree (1.7%),none
"chocolatey coating (sugar, fractionated palm kernel oil, cocoa powder, whey, [milk], non-fat milk, soy lecithin, vanilla)","dairy, soybeans"
"seasoning (hydrolyzed soy, corn and wheat gluten proteins, salt, onion powder, modified corn starch, autolyzed yeast, natural flavor, torula yeast, monosodium glutamate, garlic powder, disodium inosinate, disodium guanylate, soybean oil, dextrose, thiamine hydrochloride, tartaric acid, gum arabic)","wheat, soybeans"
"red raspberry preserves (red raspberry puree, sugar, lemon juice (from concentrate), pectin, citric acid, sodium citrate)",none
non-gmo vegetable glycerin,none
vanilla sugar,none
palm kernel oil,none
"enriched flour (wheat flour, niacin, ferrous sulfate, thiamin mononitrate, riboflavin, folic acid)","wheat, gluten"
gum acacia,none
contains 2% or less of organic flavors,none
"crust (enriched flour [enriched flour [wheat flour, niacin, reduced iron, thiamin mononitrate, riboflavin, folic acid], water, soybean oil, sugar, yeast, contains 2% or less of: leavening [sodium bicarbonate, sodium aluminum phosphate], salt, corn meal, soy lecithin [processing aid])","soybeans, wheat, gluten"
tomato puree (8%),none
acetic acid salt and sodium bisulfite to preserve color,none
clams,shellfish
edta calcium disodium (preservative),none
ceremonial grade matcha,none
"yeast food (sodium chloride, wheat flour, calcium sulfate, ammonium chloride)","wheat, gluten"
stone-ground whole wheat flour,"wheat, gluten"
vine ripened fresh tomatoes,none
"fudge swirl (corn syrup, sugar, water, high fructose corn syrup, cocoa processed with alkali, whey, pectin)",dairy
"chicken and vegetable broth type flavor (hydrolized soy and corn protein, salt, autolyzed yeast extract, monosodium glutamate, maltodextrin, partially hydrogenated cotton seed and soybean oils, sugar, onion powder, thiamine hydrochloride [vitamin b 1], natural flavor [contains celery], spices including turmeric, disodium inosinate, disodium guanylate)","soybeans, celery"
"emulsifier (propylene glycol, mono- and diesters of fats and fatty acids, mono- and diglycerides, soy lecithin, preservatives [bht, citric acid])",soybeans
semi -skimmed cocoa powder,none
boneless skinless chicken breast tenderloins,none
"white chocolate (sugar, cocoa butter, skim milk, milkfat, soy lecithin, natural and artificial flavors, pgpr, salt, tocopherols to maintain freshness)","dairy, soybeans"
bacterial culture],none
less than 1% of: pear and apple juices from concentrate,none
"sweetened dried cranberries (cranberries, sugar, sunflower oil)",none
"monterey jack cheese (pasteurized milk, cheese cultures, salt, enzymes [microbial])",dairy
"cheddar cheese (pasteurized milk, cheese cultures, salt, enzyms)",dairy
"enriched flour (wheat flour, niacin, reduced iron, thiamine mononitrate, riboflavin, folic acid)","wheat, gluten"
monosodium glutmamate (flavor enhancer),none
less than 2% of: natural flavor (from plant sources),none
milled flax seeds,none
"cooked rice (water, long grain rice)",none
"enriched wheat flour (flour, niacin, reduced iron, thiamine mononitrate, riboflavin, folic acid)","wheat, gluten"
ingredients: filtered purified water,none
citric acid (acidity regulator),none
organic beet (root),none
"tomatillos (green tomatillos, water, citric acid, salt, calcium chloride)",none
vitamins and minerals: ferric orthophosphate (iron),none
rice maltodextrin,none
"colby cheese (pasteurized milk, cheese culture, salt, enzyme, annatto [vegetable color])",dairy
"cheddar and sour cream peanuts (peanuts, vegetable oil [peanut, cottonseed, soybean and/or sunflower seed], seasoning [whey, salt, dehydrated onion and garlic, cheddar cheese powder {cheddar cheese (milk, salt, cultures, enzymes), disodium phosphate, salt, enzymes, yellow 5, yellow 6}, buttermilk, natural and artificial flavors, citric acid, autolyzed yeast extract, sour cream powder {sour cream (cream, nonfat milk, cultures), cultured nonfat milk and citric acid}, disodium inosinate and guanylate, yellow 6 lake, lactic acid, yellow 5 lake])","peanuts, dairy"
"fiber blend (lemon fiber, pea fiber, potato fiber, psylium fiber, sea weed fiber)",none
roasted tomato puree,none
"chili powder (spices, salt, garlic, and less than 2% silicon dioxide added as an anticaking agent)",none
natural flavors (from vegetable sources),none
coriander seed,none
"annatto extract color), vitamin a palmitate, vitamin d3), natural and artificial flavor, modified corn starch, salt, whey (milk), nonfat dry milk, mono- and diglycerides, fd&c red #40 aluminum lake, leavening blend (sodium acid pyrophosphate, sodium bicarbonate, corn starch, monocalcium phosphate, calcium sulfate), fd&c yellow #5, fd&c blue #1, soybean lecithin, molasses",dairy
"lavash bread (enriched unbleached wheat flour (wheat flour, malted barley flour, niacin, iron thiamin monnitrate, riboflavin, folic acid), filtered water, canola oil, sea salt, cultured wheat, oat fiber, sugar, baking powder (sodium acid pyrophosphate, potato starch, sodium bicarbonate), yeast)","wheat, gluten"
mono- and di-glycerides (emulsifier),none
"ice cream (cream, skim milk powder, whey powder, sucrose, corn syrup, stabilizer (mono & diglycerides, guar gum, locust bean gum, calcium sulfate, polysorbate 80, carrageenan), water)",dairy
"xanthan gum), canola oil, rendered bacon fat (cured with water",none
"pretzel roll (unbleached enriched flour [wheat flour, malted barley flour, niacin, reduced iron, thiamine mononitrate, riboflavin, folic acid], water, sugar, canola oil, salt, whey, yeast, soy lecithin [an emulsifier], wheat gluten)","dairy, wheat, gluten"
oried garlic,none
"shoyu broth seasoning (maltodextrin, salt, soy sauce powder [wheat, soybeans, salt], gelatin, chicken fat, natural flavors, chicken broth, soy lecithin, onion, yeast extract, cooked chicken, mushroom concentrate)","soybeans, wheat"
"honey mustard seasoning (sugar, salad style mustard [vinegar, mustard seed, salt, turmeric], maltodextrin [made from corn], modified corn starch, salt, onion powder, molasses, spice, sodium diacetate, honey, monosodium glutamate, yeast extract, citric acid, turmeric extracts, horseradish, sunflower oil, natural flavor [including natural extractives of mustard seed], and paprika extracts)",mustard
"mustard (distilled vinegar, water, mustard seed, salt, xanthan gum, turmeric, paprika, yellow 5)",mustard
cyanocobalamin (vitamin b-12),none
sesame seeds paste,sesame
ingredients: black-eye peas,none
filling: pecans,tree nuts
carrageenan sea salt,none
clarified pineapple,none
red bell peppers,none
natural raspberry flavor,none
raw milk,dairy
sodium alginate,none
tbhq preservative,none
vegetarian enzyme,none
"organic romano cheese (pasteurized organic cow's milk, cultures, salt, enzymes)",dairy
spanish olives,none
potassium sorbate to protect flavors,none
"color (yellow 5 lake, yellow 6 lake, extractives of turmeric, titanium dioxide, blue 1, red 40)",none
palmitate (vitamin a),none
potassium sorbate (to retard spoilage),none
ingredients for lollipop: sugar,none
stabilizers (xanthan and/or carob bean and/or guar gums)],none
"enriched wheat flour (flour enriched with niacin, reduced iron, thiamine mononitrate, riboflavin and folic acid, malted barley flour, and potassium bromate)","wheat, gluten"
"semisweet chocolate chips (sugar, chocolate liquor, cocoa butter, soy lecithin, natural flavor, salt)",soybeans
dried blackberry fruit pieces,none
contains 2% or less of: glycerine,none
bourbon vanilla,none
"caramel (high fructose corn syrup, sweetened condensed skim mlk [condensed skim mlk, sugar], water, butter, modifed food starch [corn, salt, artiacial flavor, potassium sorbate [preservatne], disodium phosphate, carrageenan)",dairy
bone-in pork chops,none
"parmesan cheese (part-skim milk, cultures, salt, enzymes)",dairy
"live active cultures (l. acidophilus, bifidus, l. casei)",none
"soy wine sauce (water, soy sauce [water, wheat, soybeans, salt, lactic acid, sodium benzoate {preservative}], sugar, cooking sherry wine [wine, salt], modified corn starch, garlic, caramel color, ginger puree [ginger, water, phosphoric acid], sesame oil, onion powder, xanthan gum, spices, cayenne pepper)","soybeans, wheat, sesame"
sodium hexametaphosphate (to protect flavor),none
rosemary extract (antioxidant),none
heart sprinkles: sugar,none
"whey protein crisp (whey protein isolate, whey protein concentrate, tapioca starch, calcium carbonate)",dairy
organic butternut squash,none
less than 2% - salt,none
organic pasteurized whole egg,eggs
95% g,none
"potato dumplings (vegetable oil: canola, sunflower, safflower, soybean or palm, corn flour, potato flakes, dehydrated onion, garlic, sea salt)",soybeans
"artificial flavors (chocolate, vanillin, condensed milk, vanilla)",dairy
rice powder,none
"vegetable powders (red bell pepper, tomato, onion, garlic) chili pepper",none
solid white tuna,fish
prepared with sulfites for color retention,sulphites
"cream (water, edible vegetable fat, liquid glucose, milk solids)",dairy
expeller pressed safflower oil,none
fire roasted poblano peppers,none
"dark chocolate (chocolate liquor, sugar, cocoa butter, soy lecithin, vanilla flavor)",soybeans
maquereau,none
sodium diacetate and natural hickory smoke flavor,none
rebiana (stevia extract),none
"red jalapeno pepper (salt, acetic acid, calcium chloride)",none
"french's original potato sticks (potatoes, palm oil and salt)",none
sodium bisulfite(to retain color),"sulphur dioxide, sulphites"
and other colors added,none
"cotija cheese (pasteurized milk, cheese cultures, salt, rennet)",dairy
guar gum (from the guar plant),none
"spices (including red pepper, paprika)",none
"chocolate chips (organic cane sugar, unsweetened chocolate, cocoa butter)",soybeans
"vitamin and mineral blend (calcium carbonate, vitamin e acetate, vitamin a palmitate, vitamin d2)",none
natural & artificial strawberry flavor,none
di-magnesium phosphate,none
beetroot red,none
non-gmo whole wheat flour,"gluten, wheat"
"crab town seasoned peanuts (super extra large virginia peanuts, peanut oil, seafood seasoning [salt, paprika, mustard seed, red pepper & spices])","peanuts, mustard"
dietary tapioca fiber,none
"cheddar cheese (pasteurized milk, cultures, salt, enzymes)",dairy
organic mango juice,none
green tea (camellia sinensis),none
fresh green bell peppers,none
"dijon mustard (distilled vinegar, water, mustard seed, salt, white wine, citric acid, tartaric acid and spices)",mustard
"contains less than 2% of: margarine (palm oil, water, soybean oil, salt, contains less than 2% of: natural flavor, soy lecithin, beta carotene [color], vitamin a palmitate added)",soybeans
founders breakfast stout beer,none
natural chipotle clementine flavor,none
captain,none
"contains less than 2% of sweetened condensed skim milk (condensed skim milk, sugar)",dairy
"chocolate chips (dehydrated cane juice, unsweetened chocolate, cocoa butter, soy lecithin, vanilla)",soybeans
red beet extract (color),none
"cheddar cheese (milk, cheese cultures, salt enzymes)",dairy
palm oil soybean,soybeans
"natural flavor), corn syrup, strawberry puree (strawberries",none
granulated green bell pepper,none
contains less than 2% of each of the following: anchovy extract,fish
atlantic salmon,fish
"organic turkey flavor (includes organic turkey flavor with organic turkey, organic turkey skins, organic evaporated cane sugar, organic roasted turkey flavor, organic onion powder, organic soy lecithin, yeast extract, organic turmeric, organic acacia gum)",soybeans
and less than 2% of wheat bran,"gluten, wheat"
100% tart montmorency cherry juice,none
"dough improver (enriched wheat flour [wheat flour, niacin, reduced iron, thiamin mononitrate, riboflavin, folic acid], enzymes [contains wheat], ascorbic acid)","gluten, wheat"
may also contain 2% or less of spices,none
"contains less than 2% of the following: leavening (sodium acid pyrophosphate, baking soda, monocalcium phosphate)",none
unsulfured dried apples,none
"seasoning (cheddar, parmesan, and romano cheeses (pasteurized cow's milk, cheese cultures, salt, enzymes), ricotta cheese whey, milkfat, lactic acid, salt)",dairy
lactic acid esters,none
colored with extractives of turmeric and annatto seed,none
less than 2% of the following: spices,none
roasted florina peppers,none
"cooked rice noodles1 (water, white rice noodles)",none
natural berry spice flavor,none
contains less than 2% of: tomato paste,none
"organic tea infusion (water, organic green tea extract)",none
"organic spices (organic black pepper, organic rosemary, organic sage)",none
"blueberries dried (blueberries, sugar, sunflower oil)",none
"filling ingredients: bread crumbs (wheat flour, water, natural yeast)","wheat, gluten"
"leavening (baking soda, sodium aluminium phosphate, monocalcium phosphate)",none
"cookies: bleached enriched wheat flour (flour, ascorbic acid, enzyme, niacin, iron, thiamine, riboflavin, folic acid)","wheat, gluten"
"seasonings (dehydrated vegetables [onion, tomato, green bell peppers, jalapeno peppers, garlic], salt, natural and artificial flavors, monosodium glutamate, hydrolyzed vegetable protein [corn], tricalcium phosphate, palm oil, colored with paprika and red #40)",none
organic green pea meal,none
"cream cheese (pasteurized milk and cream, cheese culture, salt, carobbean gum, guar gum)",dairy
"romano cheese made from cow's milk (skim milk, cheese culture, salt, enzymes)",dairy
blueberry flavored cranberries [sugar,none
organic almond butter (organic almonds),tree nuts
"tortilla (enriched flour [bleached wheat flour, niacin, iron, thiamine mononitrate, riboflavin, folic acid], water, ground corn, soybean oil, salt, baking powder [corn starch, sodium acid pyrophosphate, sodium bicarbonate, monocalcium phosphate], sodium metabisulfite)","wheat, gluten, soybeans, sulphites"
trehalose,none
organic isolated oat product,none
english muffin: water,none
"peanut butter (dry roasted peanuts, sucrose or dextrose, hydrogenated cottonseed and rapeseed oil and salt)",peanuts
fumaric acid,none
tart cherry juice concentrate,none
"rennet]), sauce (water",none
less than 1% of: citric acid,none
"filling (vegetable fat [coconut, palm kernel, palm, shea], sugar, cocoa powder [processed with alkali, lactose {milk}, whey powder {milk}, soy lecithin {emulsifier}])","dairy, soybeans"
anchovy paste [anchovies (fish),fish
"enriched egg noodles (wheat flour, egg, niacin, ferrous sulfate, thiamin mononitrate, riboflavin, folic acid)","eggs, wheat, gluten"
natural flavor (includes mustard),mustard
artesian well water,none
"vegetable oil (sunflower, coconut, soybean)",soybeans
partially hydrogenated vegetable oil (soybean/cottonseed) as processing aids,soybeans
cherries (may contain pits),none
gluten-free batter: yellow corn flour,none
organic diced tomatoes in organic tomato juice,none
contains active yogurt cultured including l,**dairy
less than 2%: modified corn starch distilled vinegar,none
"green chiles (green chile peppers, water, citric acid, salt, calcium chloride)",none
farro,none
contains 2% or less of rice flour,none
organic milled flaxseed,none
roasted dill seed,none
"non-dairy frozen dessert (bananas, dates, coconut milk (water, coconut milk), cocoa powder (processed with alkali), guar gum, carob gum, salt)",**dairy
rice semolina,none
less than 2% sea salt,none
"leavening (sodium acid pyrophosphate, cornstarch, monocalcium phosphate, calcium sulfate)",none
dha algal oila,none
stone ground non gmo corn/corn flour masa,none
"enriched durum flour (wheat flour, niacin, iron, thiamin mononitrate, riboflavin, folic acid)","wheat, gluten"
chinese red pepper,none
"pineapple juice powder (corn syrup solids, pineapple juice solids)",none
contains less than 2% of vitamin & mineral blend,none
turnips,none
"cinnamon sugar sauce (water, sugar, soybean oil, honey, corn starch, distilled vinegar, cinnamon, salt, sodium benzoate [preservative], potassium sorbate [preservative], carrageenan, calcium disodium edta [to protect flavor])",soybeans
cofectioner's glaze,none
vanilla ice cream with blueberries: skim milk,dairy
"uncured pepperoni no nitrites or nitrates added except for those naturally occurring in sea salt and celery juice powder (pork, beef, sea salt, cane sugar, spices (spice extractives, mustard powder), paprika, natural flavors, garlic powder, lactic acid starter culture)","celery, mustard"
bakers yeast extract,none
"yellow coloring (sodium chloride (as excipient), colorants (yellow # 5, yellow # 6, blue # 1, blue # 2, red # 3, red # 5 and red # 6))",none
"cooked chorizo pork meatballs (cooked pork, potatoes, cotija cheese [pasteurized milk, cheese cultures, salt, enzymes, powdered cellulose], water, cilantro, ancho chili pepper, paprika, spices, salt, rosemary, coriander)",dairy
roasted tomatillos,none
"acidified sour cream (milk, cream, modified food starch, maltodextrin, sodium phosphate, guar gum, mono and diglycerides, locust bean gum, carrageenan, contains less than 2%: nonfat dry milk, lactic acid, water, citric acid, natural and artificial flavor, potassium sorbate as preservative)",dairy
natural banana flavor,none
"tomato (with tomato juice, calcium chloride, citric acid)",none
"cheese blend (whey, cheddar cheese [cultured milk, salt, enzymes], reduced lactose whey, maltodextrin, canola oil, salt disodium phosphate, blue cheese [cultured milk, salt, enzymes] nonfat dry milk)",dairy
"potato flakes and granules (potatoes, mono and diglycerides, sodium acid pyrophosphate, citric acid, freshness preserved with sodium bisulfite, bha and bht)",none
natural marshmallow flavor and other natural flavors,none
"color added (vegetable juice, fruit juice, turmeric, paprika)",none
"seasoning blend (modified cornstarch, salt, dehydrated onion, dehydrated garlic, sugar, spice, soybean oil, contains less than 2% guar gum, parmesan cheese [cultured milk, salt, enzymes], xanthan gum, paprika, citric acid, beet powder [color], soy flour)","soybeans, dairy"
prepared pinto beans,none
dry yeast,none
organic tapioca syrup solids,none
"seasoning (cane sugar, celery juice powder)",celery
fry in vegetable oil,none
organic oat bran,none
wheat flour and yeast,"wheat, gluten"
caramom,none
"chocolate chip (cane sugar, unsweetened chocolate, cocoa butter)",tree nuts
"cooked enriched gemelli pasta (water, enriched durum wheat semolina [semolina, niacin, ferrous sulfate, thiamine mononitrate, riboflavin, folic acid])","wheat, gluten"
"seasoning blend (maltodextrin, whey powder, skim milk powder, modified corn starch, butter extractives, natural flavor)",dairy
and a lot of love!,none
organic lollo rosa,none
less than 2% cultured cane sugar,none
less than 1% of: nonfat dry milk,dairy
freeze-dried strawberry powder,none
wheat gluten soy protein,"wheat, soybeans"
light coconut milk,none
pepper: black pepper,none
dried sweet basil,none
mint juice,none
5% of the following: potassium sorbate (a preservative),none
organic flavor blend: organic vanilla flavors,none
glucose syrup (from wheat or corn),wheat
"to maintain freshness (sorbic acid,calcium propionate)",none
"marshmallow (sugar, water, corn syrup, corn starch, natural flavors, titanium dioxide, xanthan gum)",none
ground coffee beans+,none
mango flavor (artificial flavor),none
maple syrup+,none
"dough conditioners (sodium stearoyl lactylate, monoglycerides and diglycerides)",none
"organic mild cheddar cheese sauce organic cheddar cheese (pasteurized organic milk, cheese culture, salt, enzymes)",dairy
milk chocolate [sugar; cocoa butter; chocolate; skim milk; milk fat; lactose; salt; lecithin (soy); natural flavor]; sugar; vegetable oil [palm oil; sunflower oil]; dairy butter (milk); almonds; contains 2% or less of: salt; lecithin (soy); chocolate,"dairy, soybeans, tree nuts"
anti,none
"dough conditioners (mono & diglycerides, ascorbic acid, calcium peroxide, enzymes)",none
welsh onion flake,none
"chicken flavor (onion powder, autolyzed yeast extract, salt, chicken broth, modified corn starch, natural flavor)",none
yellow 6],none
"bacon (cured with water, salt, sodium phosphates, sodium erythorbate, sodium nitrite (may contain sugar, brown sugar, and/or smoke flavorings))",none
"sriracha powder (sriracha sauce, sodium alginate, carrageenan, cellulose gum, silicon dioxide, sunflower lecithin)",soybeans
contains two percent or less of: spices,none
"caramel filling (corn syrup, sugar, cream, fructose, palm oil, salt, natural flavor)",dairy
praline pecan pieces [sugar,tree nuts
cohnii oil,none
ingredients: tapioca fiber,none
"semisweet chocolate (sugar, unsweetened chocolate, cocoa butter, dextrose, soy lecithin, vanilla extract)",soybeans
hydrolyzed vegetable protein,none
contains less than 2% of: sugar,none
cherry ingredients: dextrose,none
powdered sugar (sugar corn starch),none
organic cocoa (non-alkaline),none
"chicken (chicken breast with rib meat, water, potato starch, salt, natural flavor, paprika, spice)",none
sugar and salt,none
"black beans (black beans, water, salt, ferrous gluconate, calcium chloride [to maintain firmness])",none
garlic & herb toasted rounds ingredients: wheat flour,"wheat, gluten"
high fructose corn sweetener,none
parmesan cheese [pasteurized cow's milk,dairy
organic wheat grass juice raw probiotic & enzyme blend lipase,none
"pea protein crisps (pea protein, rice starch)",none
mono and diglycerides (plant based),none
strawberry fruit preparation: strawberries,none
pectin (stabilizer),none
cinnamon ground,none
"bourbon vanilla extract (water, alcohol, sugar, vanilla extract)",none
orange marmalade,none
organic cultured wheat flour,"wheat, gluten"
"dehydrated vegetables (tomato, spinach, silicon dioxide (as an anti-caking agent))",none
"parmesan cheese (pasteurized part-skim cow's milk, cheese cultures, salt, enzymes, powdered cellulose added to prevent caking)",dairy
"parmesan cheese (pasteurized part-skim milk, cheese culture salt, enzymes)",dairy
"enriched precooked long grain rice (rice, niacinamide [niacin], ferric orthophosphate [iron], thiamine hydrochloride [thiamine], folic acid)",none
organic jalapeno pepper powder,none
"potato flakes (potatoes, mono and diglycerides of fatty acids, diphosphate, citric acid, ascorbyl palmitate and ascorbic acid)",none
garbanzo bean,none
cilatro,none
casein (a dried skim milk protein),dairy
"soy sauce (water wheat soybean, salt, alcohol [to retain freshness])","wheat, soybeans, gluten"
sanding sugar,none
"desiccated macaroon coconut (white coconut meat, sodium metabisulfite)",**sulphites
"caramel filled turtles (sugar, coconut oil, corn syrup, sweetened condensed milk [milk, sugar], nonfat milk, milk, cocoa processed with alkali, heavy cream, butter [cream, salt], palm kernel oil, soy lecithin, natural and artificial flavor, salt)","dairy, soybeans, tree nuts"
"chik'n: (filtered water, soy protein concentrate, structured vegetable protein [isolated soy protein, wheat gluten, wheat starch], seasoning [tapioca maltodextrin, yeast extract, maltodextrin, gum arabic, natural flavors, salt, grill flavor {sunflower oil, citric acid}], soybean oil, soy sauce [water, soybeans, salt, alcohol, wheat], methylcellulose, wheat gluten, cellulose fiber)","soybeans, wheat, gluten"
sodium metabisulfite,**sulphites
"seasoning (maltodextrin, hydrolyzed soy protein, greek yogurt powder, disodium inosinate and disodium guanylate)",**dairy
"organic raspberry jam (organic cane sugar, organic seedless raspberry puree, apple pectin, ascorbic acid (vitamin c), citric acid)",none
"enriched wheat flour (wheat flour, niacin, reduced iron, thiamin hydrochloride, riboflavin, folic acid)","wheat, gluten"
parboiled brown basmati rice,none
palm oil and soybean+ oil,soybeans
organic banana,none
5% of: natural flavors,none
"(sodium benzoate, calcium disodium edta) used to protect quality",none
"fruit extracts (grape skin, blueberry, pomegranate, cranberry, red grape & apple)",none
vegetable oil (soy and palmolein),soybeans
"corn sweetener (corn syrup, high fructose corn syrup)",none
cream cheese [milk,dairy
"topping: vanilla wafer cookie (unenriched wheat flour, sugar, liquid polydextrose, canola oil, water, natural flavor, salt, non fat dry milk, baking soda, soy lecithin)","wheat, soybeans, dairy"
food starch- modified (corn),none
de-oiled sunflower lecithin,none
hydrogenated soybean and/or palm and/or cottonseed oil,soybeans
fully cooked chicken breast filet fritters with rib meat: boneless skinless chicken breast fillets with rib meat,none
garlic powder and spices,none
raw cashews-steam pasteurized,tree nuts
"mixed fruit juice concentrate (pineapple syrup, pear concentrate, pineapple concentrate, peach concentrate, pectin)",none
live yogurt cultures: s,dairy
"uncured bacon (pork, sea salt, cane sugar)",none
propionic acid,none
"sauce mix ingredients: enriched wheat flour (flour, niacin, iron, thiamine mononitrate, riboflavin, and folic acid)","wheat, gluten"
"olives (green olives, water, extra virgin olive oil, sea salt, kosher vinegar, potassium sorbate, sodium benzoate)",none
contains 16 of the following varieties: large lima beans,none
flavorings (containing maize),none
"vegetable oil (canola, safflower and or sunflower oils)",none
worcestershire rye chips and oriental rice crackers,none
monkfish,fish
"mushroom broth base (water, mushrooms, salt, cane sugar, maltodextrin, onion powder, soybean oil, yeast extract, garlic powder, cornstarch2, natural flavor)",soybeans
"colors (spirulina extract, fruit juice)",none
"teriyaki glaze (soy sauce [water, wheat, soybeans, salt], sugar, water, modified corn starch, onion juice, vinegar, natural flavor, garlic powder, malic acid, spice, disodium inosinate, disodium guanylate, sodium benzoate: less than 1/10 of 1% as a preservative)","soybeans, wheat, gluten"
"artificial color (fd&c yellow #6 lake, fd&c yellow #5, fd&c blue #2 lake)",none
"pecorino romano cheese (pasteurized sheep's milk, rennet, salt)",dairy
citric acid},none
"tomatoes (extra heavy tomato puree, salt)",none
"m&m's milk chocolate candies (milk chocolate [sugar, chocolate, skim milk, cocoa butter, lactose, milkfat, soy lecithin, salt, artificial flavors], sugar, cornstarch, less than 1% - corn syrup, dextrin, coloring [includes blue 1 lake, yellow 6, red 40, yellow 5, blue 1, red 40 lake, blue 2 lake, yellow 6 lake, yellow 5 lake, blue 2], gum acacia)","dairy, soybeans"
6 color,none
organic golden berries,none
black pepper and red #40,none
"hydrolyzed vegetable protein (hydrolyzed soy protein, with partially hydrogenated vegetable oil (cottonseed, soybean) added)",soybeans
"prepared black beans (water, black beans)",none
natural flavorings (including celery powder),celery
"sugar (sucre/glucose-fructose, dextrose, icing sugar)",none
neotame,none
lime oil and other natural flavors,none
contains less than 2%: cheddar cheese,dairy
"vegetable oil (contains one or more of the following: soybean, canola, palm, hydrogenated cottonseed, sunflower)",soybeans
"spinach flavoring (maltodextrin, spinach powder, garlic powder, onion powder, spices, salt, modified food starch, dehydrated spinach, natural flavors, yeast extract, citric acid sugar, yellow 5, yellow 6, blue 1, red 40)",none
"whole grain flour and flaxseed blend (hard red wheat, oat groats, triticale berries, rye berries, dehulled barley, soft white wheat, spelt berries, hard white wheat, flax)","wheat, gluten"
tamarind concentrate and contains 2% or less of: expeller pressed canola oil,none
contains one or more of the following pure vegetable oils: corn,none
baking powder (leavening),none
stabilizers (carob bean and/or xanthan and/or guar gums),none
boneless,none
"artificial coloring (water propylene glycol, fd&c yellow #5)",none
contains less than 2% of: palm kernel and palm oil,none
soy flour and soy oil,soybeans
<1% of: agar agar,none
"beef type flavor (water, yeast extract, natural flavor, salt)",none
"roasted peanuts (peanuts, expeller pressed canola oil, sea salt)",peanuts
ingredients: milk chocolate [sugar,dairy
"bleached flour (wheat flour, malted barley flour)","wheat, gluten"
ginger puree,none
"moose tracks fudge: powdered sugar (sugar, cornstarch)",none
guar flour,none
ammonium bicarbonate - glucose syrup - artificial flavors - salt,none
potassium aspartate,none
biotin (vitamin b7),none
premium brewed black tea,none
"plain lowfat yogurt (cultured pasteurized lowfat milk, nonfat milk solids)",dairy
condiments and spices,none
"natural flavor), almonds, vegetable oil (contains one or more of the following: canola oil",tree nuts
bean paste (kidney beans) maltose,none
lakes [blue 1,none
"papaya (papaya, cane sugar, sodium metabisulphite [as s02], yellow #6)","sulphur dioxide, sulphites"
sherry wine,none
"texas pete hot sauce (vinegar, aged peppers (peppers, salt, vinegar), water, xanthan gum and benzoate of soda [to preserve freshness and flavor])",none
"leavening (sodium bicarbonate, sodium aluminum phosphate, dicalcium phosphate, monocalcium phosphate)",none
"enriched bleached flour (wheat flour, malted barley flour, niacin, reduced iron, thiamin mononitrate [vitamin b1], riboflavin [vitamin b2], folic acid)","wheat, gluten"
organic freeze dried mango,none
"roasted cashews (cashews, com oil, salt)",tree nuts
whiting,none
"dough conditioners (contains one or more of the following: sodium stearoyl lactylate, calcium stearoyl lactylate, monoglycerides, mono- and diglycerides,distilled monoglycerides, calcium peroxide, calcium iodate, datem, ethoxylated mono and diglycerides, enzymes, ascorbic acid)",none
organic clarified butter (milk),dairy
"balsamic vinegar (cooked grape must, wine vinegar, sulfites)","sulphur dioxide, sulphites"
"leavening (sodium bicarbonate, sodium acid pyrophosphate, sodium aluminum phosphate, monocalcium phosphate)",none
whole grain corn masa flour,none
coloring: sulphite-ammonia caramel,"sulphur dioxide, sulphites"
broccoli juice,none
organic mozzarella: organic cultured pasteurized part-skim milk,dairy
"harissa seasoning (spices [contains paprika], salt, garlic powder)",none
"roasted pepitas (pumpkin seeds, canola oil)",none
"colby cheese (pasteurized milk, cheese cultures, salt, enzymes)",dairy
"coconut milk (coconut milk powder, tapioca maltodextrin, sodium caseinate)","tree nuts, dairy"
organic expeller pressed vegetable oil (organic sunflower and/or organic safflower oil),none
cultured wheat starch and wheat flour,"wheat, gluten"
espresso powder,none
"cinnamon flakes (sugar, wheat flour, soybean oil, cinnamon)","wheat, soybeans"
turmeric extract and paprika extract (colors),none
"preservative (tbhq, bht)",none
chicken base,none
caramel swirl [sugar,none
"maltodextrin), fruit and vegetable juice for color (pumpkin concentrate",none
natural sugar,none
contains 2% or less of each of the following: soybean oil,soybeans
organic dark sweet cherries,none
prunes,none
less than 2% of light cream,dairy
cayenne chilis,none
100% pineapple juice,none
phosphate,none
"hummus dip (garbanzo beans [prepared garbanzo beans, water, sea salt], canola oil blend [canola oil, extra virgin olive oil], lemon juice, tahini [sesame seed] minced garlic in water [garlic, water, citric acid], salt)",sesame
"low moisture whole milk mozzarella cheese (pasteurized milk, cheese cultures, salt, enzymes)",dairy
vegetable shortening (palm (non-hydrogenated)),none
"and citric acid added to help protect flavor (beef water, salt, hydrolyzed soy protein, spices, dextrose, sodium phosphate, dried onion, dried garlic, dried worcestershire sauce (distilled vinegar, molasses, corn syrup, salt, caramel color, garlic powder, sugar, spices, tamarind, natural flavor], bha, bht, citric acid), not smoked provolone cheese [cultured pasteurized milk, salt, enzymes], fully cooked beef patty crumbles (beef, water, textured vegetable protein (soy flour, caramel color], salt, spice, granulated onion, and granulated garlic), contains 2% or less of: fully cooked bacon bits (cured with water, salt, smoke flavoring, sodium phosphate, sodium erythorbate, sodium nitrite may contain sugar, brown sugar), grated parmesan cheese (parmesan cheese (pasteurized part-skim milk, cheese cultures, salt, enzymes), powdered cellulose tanti-caking agent]), grated romano cheese (romano cheese made from cow's milk (pasteurized cow's milk, cheese cultures, salt, enzymes), powdered cellulose tanti-caking agent]), dehydrated garlic, dried oregano, dried parsley","soybeans, dairy"
heavy cream,dairy
"salted mirin (sake [water, cultured rice], cane sugar, water, salt, yeast extract)",none
fd & c yellow no se fd & c yellow no,none
frozen dairy dessert {buttermilk,dairy
"folic acid), skim milk, water, tomato puree (water",dairy
contains 2% or less of jalapeno peppers,none
"organic low-moisture part-skim mozzarella cheese (pasteurized organic part-skim milk, salt, cheese cultures, enzymes)",dairy
"sauce (sugar, soy sauce, water, sriracha sauce (red jalapeno pepper, aged cayenne red peppers, garlic, vinegar, citric acid), pepper sauce, garlic, rice vinegar, sesame oil, salted sake (rice), ginger puree, modified cornstarch, pineapple juice concentrate, garlic, apple juice concentrate, spices, garlic powder, salt, chiles, green onion, sesame seeds, xanthan gum, umami medley (fermented rice extract (rice, rice malt), shiitake extract, kombu extract), yeast extract, onion powder, sodium acid sulfate, malic acid, natural flavor)","soybeans, sesame"
natural & artificial butter flavors,none
high fructose corn,none
meyer lemon juice,none
dried red chile peppers,none
dehydrated pork broth,none
serrano pepper puree,none
silicon dioxide (anti- caking agent),none
dark sweet cherry juice concentrate,none
"and leavening (contains one or more of the following: yeast, sodium bicarbonate)",none
"preservatives (calcium propionate, sorbic acid and/or citric acid)",none
extra virgin organic olive oil,none
"fudge icing (sugar, vegetable oil [palm oil], canola oil], water, high fructose corn syrup, corn syrup, cocoa [processed with alkali], monoand diglycerides, polysorbate 60, salt, soy lecithin, potassium sorbate [preservative], citric acid, natural and artificial flavor)",soybeans
live and active cultures: s thermophilus,none
masa flour (ground white corn with a trace of lime),**gluten
flaxseed powder,none
"tomato sauce (tomato pulp, sugar, butter, sunflower oil, dehydrated tomato, white wine [contains sulfites], powdered cream, onion, garlic, bay leaf, paprika extract, basil, garlic extract)","dairy, sulphur dioxide"
"vanilla and crumbs (non-gmo unenriched flour, brown sugar, non-gmo vegan butter [natural oil blend (palm fruit, canola and olive oil), water, annatto extract, lactic acid (non-dairy derived from sugar beets), natural flavor (derived from corn, no msg, no alcohol, no gluten, gmo free), salt, sunflower lecithin-an emulsifier], vanilla, cinnamon)","**dairy, **gluten"
enriched wheat flour (unbleached flour),"gluten, wheat"
diced dill pickle,none
egg patty: egg whites,eggs
tamarind paste,none
artificial colors yellow fd&c no,none
fruit and vegetable extracts for color,none
"icing: powdered sugar (granulated sugar, corn starch)",none
"seasoning blend (sea salt, corn starch, cane sugar, organic whey, maltodextrin, onion, yeast extract, garlic, spices [celery seed, thyme, white pepper], turmeric, parsley)","celery, dairy"
carbonated water pure cane sugar,none
"sake (rice, water, salt)",none
"onion seasoning (dehydrated onion, salt, brown sugar, parsley)",none
less than 2% of the following: spices including paprika,none
natural and artificial flavors). cocoa soy crisps (soy protein isolate,soybeans
"shortening (palm oil with mono and diglycerides, and polysorbate 60 added)",none
"seasoned peanuts (peanuts [peanuts, canola and/or peanut and/or cottonseed oil], seasoning [salt, yellow corn flour, dried torula yeast, spices, onion powder, monosodium glutamate, garlic powder, green bell pepper powder, paprika oleoresin {color}])",peanuts
"soy sauce (water, wheat, soybeans, salt, sodium benzoate (to preserve freshness))","wheat, soybeans"
cooked chicken (includes natural flavor),none
"pepperoni (pork, beef, salt, dextrose, contains 2% or less of the following: spices, oleoresin of paprika, flavoring, lactic acid starter culture, sodium nitrite, bha, bht, citric acid, may contain: garlic powder, sodium ascorbate)",none
chocolate flavored coating: coconut oil,none
dl-alpha-tocopheryl acetate [vitamin e],none
(including garlic powder),none
"caramel sauce (corn syrup, sugar, brown sugar, skim milk, palm oil, butter, cornstarch, salt, mono-and diglycerides, potassium sorbate {to preserve freshness}, soy lecithin, caramel color, xanthan gum, locust bean gum, artificial flavor, natural flavor)",dairy
"stuffed with cream cheese (pasteurized cream and milk, modified food starch, natural acids, salt, locust bean gum, and guar gum)",dairy
crystallized lemon [citric acid,none
prepared small pinquito beans,none
"tomato puree (tomatoes, water)",none
"vitamins and minerals (niacin, zinc, iron, vitamin b6, vitamin b2, vitamin b1, vitamin b12)",none
fresh basil,none
vitamin b6 (pyridoxine hydrichloride),none
lemon and monosodium glutamate,none
"fry spice blend (paprika, garlic powder, onion powder)",none
sugar & caramel color,none
calcium chloride and magnesium chloride and potassium bicarbonate (electrolyte sources),none
ingredients (allergens in bold) - cashews pea protein dates hazelnuts cocoa butter coconut coconut oil himalayan pink salt matcha powder lemon powder lemon oil vanilla bean powder,tree nuts
gherkins,none
contains 2% or less of: roasted corn,none
"enriched whole wheat flour (high gluten wheat flour, niacin, iron, thiamine mononitrate, riboflavin, folic acid)","gluten, wheat"
"cooked organic pasta (water, organic lentil flour, organic semolina wheat flour)","gluten, wheat"
organic carrots,none
"vegetable oil (may contain one or more of the following: corn, canola, cottonseed, or soybean oil)",**soybeans
cocoa solids min,none
less than 2% of: calcium chloride,none
vitamins/minerals: vitamin b3 (niacin),none
"margarine (vegetable oils [palm and soybean oils], water, salt, contains less than 2% of: mono-and diglycerides, soy lecithin, sodium benzoate [a preservative], citric acid, natural and artificial flavor, vitamin a palmitate, [beta]-carotene [color], vitamin d3, whey)","soybeans, dairy"
and less than 2% silicon dioxide to prevent caking,none
natural and artificial flavor whey salt,dairy
"filling (mushrooms, ricotta (whey, milk, cream, vinegar), whey, seasoning (water, sunflower oil, potato starch, casein, salt), bread crumbs (wheat flour, yeast, salt), chicory root fiber, cornstarch and potato fiber, natural flavors, parmesan cheese (pasteurized cultured part-skimmed milk, salt, enzymes), 2% or less of salt, sunflower oil, potato starch, onions, autolyzed yeast extract, dehydrated onions, non-fat dry milk, black pepper)","dairy, wheat"
"biscuit (wheat flour, vegetable oil blend [palm oil and soy oil], sugar, high fructose corn syrup, invert sugar syrup, nonfat dry milk, whey powder, glucose syrup, salt, leavening [ammonium bicarbonate, sodium bicarbonate], soy lecithin, natural vanilla flavor, natural butter flavor, natural milk flavor, sodium metabisulphite [flour treatment agent])","gluten, wheat, dairy, soybeans"
milk chocolate [sugar; milk; chocolate; cocoa butter; milk fat; lecithin (soy); natural flavor],"dairy, soybeans"
1% sodium benzoate as a preservative,none
"vegetable shortening (palm and/or fractionated palm oil, palm kernel and/or fractionated palm kernel oil, soy lecithin)",soybeans
coconut nectara,none
high oleic sunflower seed oil,none
sorghum flour,none
"preservative (calcium propionate, sodium propionate, sorbic acid, potassium sorbate, natamycin)",none
"monosodium glutamate and antioxidant (butylated hydroxyanisole, butylated hydroxytoluene, tertiary butylhydroquinone, propyl gallate)",none
natural vanilla flavoriing,none
organic wheat gluten organic oat fiber,gluten
"and/or (water, certified yellow #5, #6 colors, citric acid, sodium benzoate as preservatives)",none
"mayonnaise (soybean oil, egg yolks with salt, water, vinegar, sugar, corn syrup, salt, spice, onion powder, garlic powder, calcium disodium edta [preservative])","eggs, soybeans"
dry malt powder,none
salt cheese cultures,dairy
organic butter (organic sweet cream),dairy
"butter (cream {milk}, water)",dairy
sorbic acid(a preservative),none
organic fennel seed powder,none
organic corn grits,none
"miso paste (water, soybeans, rice, sea salt, alcohol)",soybeans
"teriyaki sauce (water, soy sauce [water, wheat, soybeans, salt, alcohol, vinegar, lactic acid], sugar, brown sugar, pineapple juice concentrate, ginger puree [ginger, water, phosphoric acid], garlic [citric acid], soybean oil, modified corn starch, dried soy sauce [soy sauce {wheat, soybeans, salt}, maltodextrin, salt], xanthan gum, spices)","wheat, soybeans"
"gravy (water, organic soybean oil, organic corn starch, organic wheat flour, organic chicken flavor concentrate [organic chicken flavor {contains: organic chicken}, sea salt, organic cane sugar, organic onion powder, yeast extract, organic vegetable concentrates {organic carrot, organic onion, organic celery}, organic turmeric], salt, organic turmeric)","soybeans, wheat, celery"
"parmesan cheese (part skimmed cow's milk, cheese cultures, salt, enzymes)",dairy
citric acid and ascorbic acid (to preserve color),none
paprika oleoesin,none
"cantaloupea (with sugar, citric acid, sulfur dioxide)",sulphur dioxide
"pretzel(unbleached wheat flour, water, malt, canola oil, salt, yeast, soda)","wheat, gluten"
citric acid and tbhq - preservatives,none
"cream of mushroom soup seasoning (spray dried shortening, modified corn starch, wheat flour, maltodextrin, salt, dehydrated mushroom, sugar, natural butter flavor [milk], onion powder, mushroom flavor, xanthan gum, spice)","wheat, dairy"
"roasted red peppers (red sweet pepper, water, sea salt, and citric acid [preservative])",none
"ricotta cheese (pasteurized whey, pasteurized milk, vinegar, carrageenan [stabilizer])",dairy
carmel color,none
"pickle relish (pickles, high fructose corn syrup, sugar, distilled vinegar, salt, xanthan gum, mustard seed, alum, sodium benzoate and potassium sorbate [preservatives], red bell pepper, turmeric, natural spice flavors, polysorbate 80, fd&c yellow #5, fd&c blue #1)",mustard
"relish (cucumbers, high fructose corn syrup, distilled vinegar, corn syrup, salt, xanthan gum, aluminum sulfate, sodium benzoate and potassium sorbate as preservatives, natural flavor, calcium chloride)",none
polysorbate 80 and vitamin a palmitate,none
"less than 2% of margarine (liquid and hydrogenated soybean oil, water, salt, less than 2% vegetable mono and diglycerides, soy lecithin, natural and artificial flavor, bha & bht added to protect flavor, vitamin a palmitate and vitamin d3 added)",soybeans
"organic salted caramel sauce (organic cane sugar, organic nonfat milk, organic tapioca syrup, water, organic caramel brulee syrup, organic caramel flavor, natural caramel flavor [sea salt type], salt)",dairy
contains 2% or less of hazelnuts,tree nuts
"invert sugar (sugar, water)",none
spice extractive and less than 2% silicon dioxide to prevent caking,none
rennet casein,**dairy
whole wheat durum semolina from organic farming,"wheat, gluten"
"vegetable flakes (carrot, onion, celery, tomato, red pepper and green pepper)",none
"(palm, soybean, palm kernel, canola)",soybeans
toasted soybean pieces,soybeans
"organic bread crumbs (organic wheat flour, sea salt, organic yeast, organic cane sugar)","wheat, gluten"
"leavening (sodium acid pyrophoshate, sodium bicarbonate)",none
organic beet and organic lemon juice concentrates,none
fudge swirl [milk,dairy
coating 15% [sugar,none
organic (sunflower and/or safflower and/or canola) oil,none
organic cranberries,none
expeller pressed (canola and/or sunflower) oil,none
folic acid] water,none
"tomato filets (tomatoes, salt, calcium chloride, citric acid)",none
dairy butter,dairy
"flour (enriched wheat flour [niacin, reduced iron,thiamine mononitrate, riboflavin, folic acid], malted barley flour)","wheat, gluten"
prophylene glycol monostearate,none
contains 2% or less of: egg,eggs
potassium sorbate preservative,none
soy lecithin},soybeans
yellow 6 and preservative (tbhc),none
"kosher red wine (red wine, salt)",none
ingredients: green peas,none
"granola clusters (whole grain rolled oats, brown sugar, crisp rice [rice, salt, malt], whole grain rolled wheat, oat flour, canola oil, molasses, honey natural and artificial flavors, salt, preservative [bht])",wheat
"smoked gouda (cultured pasteurized milk, salt, enzymes, annatto)",dairy
"margarine (hydrogenated vegetable oil (palm and/or sunflower), water; salt, soy lecithin (emulsifier), beta-carotene, natural and artificial flavors, lactic acid)",soybeans
organic san marzano whole peeled tomatoes,none
"chicken and vegetables: cooked grill marked seasoned white meat chicken strips (white meat chicken, water, modified tapioca starch, chicken flavor [dried chicken broth, chicken powder, natural flavor], carrageenan, whey protein concentrate, soybean oil, corn syrup solids, sodium phosphate, salt)","soybeans, dairy"
mini beads and stars: dextrose,none
lactobacillus plantarum 299v,none
contains 2% or less of milk,dairy
"filling (sweet potatoes, sweet potato puree, unsalted butter [sweet cream, natural flavoring], qimiq [skim milk, cream, gelatin], whole milk, modified cornstarch, sea salt, potato flakes [dehydrated potatoes, less than 2% of the following ingredients: monoglycerides, sodium acid pyrophosphate, citric acid], preservative [maltodextrin, cultured dextrose, sodium diacetate, nisin, egg white lysozyme], ground cinnamon) topping: breadcrumbs (wheat flour, sugar, yeast, salt)","dairy, wheat, eggs"
microbial rennet,none
non fat dry milk,dairy
"dough mixture: enriched durum flour (durum flour, niacin, ferrous sulfate, thiamine mononitrate, riboflavin, folic acid) water",gluten
choline bitartrate,none
unbleached untreated wheat flour,gluten
vitamin d3,none
spices mustard,mustard
fresh jalepeno,none
sodium benzoate (preservative in strawberries),none
contains 2% or less of: evaporated cane juice,none
"cookie crumbles (wheat flour, sugar, vegetable oils [palm and canola], diphosphates, sodium carbonates, salt, cinnamon)",gluten
"(wheat flour, malted barley flour, niacin, reduced iron, thiamine mononitrate, riboflavin, folic acid)",gluten
"sour cream (milk, cream, nonfat milk, cultures)",dairy
sodium silico-aluminate,none
"neufchatel cheese (pasteurized cultured milk and cream, salt guar gum, carob bean gum)",dairy
contains 2% or less of each: natural vanilla flavor,none
"semisweet chocolate (sugar, chocolate liquor, cocoa butter, milkfat [milk], soy lecithin, natural vanilla flavor)","dairy, soybeans"
non-gmo soybean oil,soybeans
canola and/or safflower oil,none
greek yogurt granola [whole grain rolled oats,none
organic mangos,none
"cornflakes (cornmeal, fruit juice)",none
"blue cheese and garlic seasoning (organic whey powder, salt, organic nonfat dry milk, organic powdered cream [organic cream, organic nonfat dry milk, mixed tocopherols {added to maintain freshness}], garlic powder, natural flavors, lactic acid, expeller pressed safflower seed oil, citric acid, parsley flakes, blue cheese powder [cultured pasteurized milk, salt, microbial enzymes])",dairy
"natural apple juice powder with other natural flavors (maltodextrin, natural flavors)",none
"parboiled white rice (water, rice)",none
organic chia,none
"crackers (enriched flour (wheat flour, niacin, reduced iron, thiamin mononitrate [vitamin b1], riboflavin [vitamin b2], folic acid), vegetable oil (canola, corn, palm and/or soybean oil), sugar, corn syrup, salt, leavening (baking soda, monocalcium phosphate), soy lecithin)","gluten, soybeans"
contains 2% orless of: corn starch,none
"lemon drop (sugar, vegetable oils [palm kernel oil, palm oil)",none
stuffed in a natural pork casing,none
pyridoxine hydrochloride,none
"feta cheese (pasteurized milk, cultures, salt, enzymes)",dairy
"applesauce (apples, water)",none
contains 2 percent or less of the following: natural and artificial flavor,none
calcum carbonate,none
"caramel popcorn (corn, sugar, brown sugar, molasses, canola oil, salt, artificial flavour, soy lecithin, beta-carotene)",soybeans
"vegetable base (mirepoix (carrot, celery, onion,), maltodextrin, salt, cane sugar, soybean oil, yeast extract, natural flavors, celeriac juice concentrate, food starch, turmeric, canola oil, spices, natural extractives of onion, natural extractives of garlic)","celery, soybeans"
"cotija cheese (pasteurized milk, salt, enzymes, cheese cultures)",dairy
caramelized onion,none
chicory root fiber (inulin),none
organic cane sugar & organic cocoa powder,none
organic parboiled brown rice,none
predusted with: corn starch,none
natural flavor (coconut),none
"and natural flavors (including bourbon, oak and barley)",none
"dark chocolate (sugar, chocolate processed with alkali cocoa butter, milk fat, soy lecithin (emulsifier), vanillin (artificial flavor))","dairy, soybeans"
sodium metabisulfite preservative,"sulphur dioxide, sulphites"
"enriched flour (wheat flour bleached, niacin, iron, thiamin mononitrate, riboflavin, folic acid)","wheat, gluten"
"enriched wheat flour (niacin, reduced iron, enzyme, ascorbic acid, thiamine mononitrate, riboflavin, folic acid)","wheat, gluten"
"raisins(coated with sunflower oil, evaporated cane juice, flax, buckwheat flour, (quinoa, amaranth, sea salt, tocopherols(natural vitamin e). organic",none
humectant: sorbitols; acids: citric acid; modified corn starch,none
organic san marzano puree,none
oleoresin turmeric],none
"sauteed onion (onions, soybean oil)",soybeans
"leavening (baking soda, monocalcium phosphate, sodium acid pyrophosphate)",none
"organic caramel (organic cane sugar, organic glucose syrup)",none
iron [ferrous sulfate],none
"enriched bleached flour (wheat flour, malted barley flour, niacin, reduced iron, thiamine, mononitrate, riboflavin and folic acid)","wheat, gluten"
filling: pinto beans,none
organic oregano,none
"chili powder (spices, paprika, salt, garlic, silicon dioxide)",none
onion powder},none
"filling (high fructose corn syrup, corn syrup, water, sugar, glycerin, blueberry puree concentrate, raspberry puree concentrate, strawberry puree concentrate, maltodextrin, sodium alginate, apple puree concentrate, modified corn starch, citric acid, methylcellulose, monocalcium phosphate, xanthan gum, natural and artificial flavor, malic acid, red 40, blue 1)",none
organic strained tomatoes,none
"cherries (cherries, water, corn syrup, sugar, citric acid, carob bean gum, carrageenan, natural flavors, red 40, blue 1, blue 2)",none
flaxseed meal,none
less than 2% of: organic spices,none
"butter (cream (milk), salt)",dairy
salt 1,none
"mustard (mustard flour, vinegar, salt)",mustard
"100% apple juice (water, apple juice concentrate)",none
"vegetable oil (contains one or more of the following: cottonseed oil, corn oil, canola oil or sunflower oil)",none
organic barley malt syrup,none
split peas-yellow & green,none
organic vanilla with other natural flavors,none
"dough conditioners (sodium stearoyl lactylate, monodiglycerides, ascorbic acid, enzymes)",none
lentil rice: water,none
"onion base (onion granules, salt, corn oil, maltodextrin [from corn], sugar, potato flour, natural flavoring)",none
contains 1% or less of cocoa,none
chocolate coating,none
"crispy coated peanut cruncher (peanuts, potato starch, rice flour, sugar, peanut oil, tapioca flour, salt, cornstarch, horseradish, modified cornstarch, onion powder, citric acid, soy sauce solids [soybeans, wheat, salt], maltodextrin, yeast extract, artificial colors [yellow 5 lake, blue 1 lake], ginger, natural flavor [including extractives of mustard], wasabi)","peanuts, soybeans, mustard, wheat"
"sour cream (pasteurized cultured cream, enzymes)",dairy
"dehydrated sour cream [sour cream (cream, nonfat milk, cultures)",dairy
"margarine (palm oil, water, salt. contains 2% or less of the following: soy lecithin, color [e160a beta-carotene])",soybeans
spices (including cumin and cilantro),none
natural flavors including vanilla,none
vanillin [artificial flavor],none
"granola (whole rolled oats, sugar, canola oil [canola oil, ascorbic acid (preservative), rosemary extract], molasses, sodium bicarbonate, soy lecithin)","soybeans, wheat, gluten"
"chocolate creme filled cookies (sugar, enriched flour [wheat flour, niacin, reduced iron, thiamine mononitrate, riboflavin, folic acid], palm and palm kernel oil, cocoa processed with alkali, corn flour, salt, sodium bicarbonate, dextrose, soy lecithin, natural flavor)","wheat, gluten, soybeans, dairy"
less than 2% of modified cornstarch,none
(malted barley flour added as a natural enzyme additive),none
"low moisture part skim mozzarella cheese (cheese [cultured pasteurized part skim milk, salt, enzymes], modified food starch)",dairy
"chili powder (red chili pepper, salt, cumin, oregano, garlic)",none
"raisins (raisins, canola oil)",none
"parmesan cheese (cultured milk, salt, microbial enzymes)",dairy
"canadian style bacon water added made with pork sirloin hips (cured with water, contains 2% or less of: salt, sodium lactate, sugar, sodium phosphates, sodium diacetate, sodium ascorbate, sodium nitrite)",none
contains less than 2% of yellow 5,none
"semi-sweet chocolate chips (sugar, unsweetened chocolate, cocoa butter, dextrose, leicithin, milkfat)","dairy, soybeans"
pretzel: organic wheat flour,"gluten, wheat"
"whole milk (whole milk, vitamin d3)",dairy
natural mango flavor,none
farm raised salmon (color added),fish
"artificial colors (fd&c yellow no. 5, fd&c yellow no. 6, fd&c blue no. 1, fd&c red no. 40, fd&c red no. 3)",none
vitamin d,none
crushed tomatoes in puree,none
coloring: betanin,none
guar gum locust bean,none
"natural diced uncured pepperoni no nitrates or nitrites added except that what is naturally occurring in sea salt and celery juice concentrate (pork, beef, sea salt, natural spice, sugar, lactic acid starter culture, natural flavoring [including celery juice concentrate], oleoresin of paprika)",celery
dried organic missions figs,none
for sauce diced tomatoes,none
natural liquid smoke flavor,none
citric acid and tbhq- as preservatives,none
soy lecithin (an emulsifier) natural vanilla extract,soybeans
"natural citrus flavor (maltodextrin, lime and lemon juice concentrates, lime and lemon oils)",none
sunflowers seeds,tree nuts
"scrambled eggs (cage free whole eggs, whole milk, non-gmo corn starch, sea salt, ground white pepper)","dairy, eggs"
virgin olive oil,none
paprika ground,none
lactobacillus bulgaricus] (3 billion cfu),none
baker's yeast beta glucan (wellmune),none
"sushi vinegar (sugar, rice vinegar, water, salt, citric acid, kelp extract (kelp extract, sorbitol, maltitol, hydrogenated starch hydrolysates, alcohol, salt, xanthan gum))), raw tuna, avocado, pickled ginger (ginger",fish
yeast,none
spices and sodium benzoate (as a preservative),none
natural flavor (contains torula yeast),none
"sauce (water, tomato paste, seasoning [sugar, salt, garlic, spice, maltodextrin, soybean oil, citric acid, xanthan gum, tomato powder, tricalcium phosphate, yeast extract, garlic extract, natural flavor], parmesan cheese [cultured pasteurized part-skim milk, salt, enzymes])","dairy, soybeans, gluten, wheat"
"protein blend (milk protein concentrate, soy protein isolate)","dairy, soybeans"
"bread crumbs [enriched wheat flour (flour, barley malt, niacin, iron, thiamine mononitrate (b1), riboflavin (b2), folic acid)","gluten, wheat"
"seasoning (salt, onion powder, dehydrated garlic, black pepper, parsley, guar gum, spice)",none
colouring agent: caramel,none
lemon juice concentrate horseradish,none
corn starch (non gmo),none
"pineapple (pineapple, cane sugar, citric acid, sulfur dioxide)",sulphur dioxide
high oleic sunflower and/or canola oil with rosemary extract and ascorbic acid for freshness,none
pure maple sugar,none
"beet juice powder (maltodextrin, beet juice extract, citric acid)",none
"coffee extract (water, alcohol, coffee extract)",none
natural cane sugar,none
"pasteurized process cheddar cheese (cheddar cheese [cultured pasteurized milk, salt, enzymes, annatto color, calcium chloride] water, whey, cream, sodium phosphates, salt, enzyme modified cheese, lactic acid, sorbic acid (to protect flavor), guar gum, acetic acid, paprika and turmeric extract [color])",dairy
"milk chocolate (sugar, whole milk, cocoa butter, chocolate liquor, soy lecithin, vanilla)","dairy, soybeans"
"vegetable oil (contains one or more of the following: corn, cottonseed, palm, soybean, sunflower)",soybeans
black salt,none
natural long grain brown rice,none
"cheese powder (whey, maltodextrin, cheddar cheese [pasteurized milk, cheese cultures, salt, enzymes], butter [cream, salt], buttermilk, natural flavors, salt, yeast extract, sunflower oil, paprika extract [color])",dairy
"organic ricotta cheese (organic pasteurized whole milk, organic vinegar and sea salt)",dairy
cultured pasteurized milk and cream,dairy
seasoning [sugar,none
coconut (sodium metabisulfite),**sulphites
"organic cheddar cheese (organic cultured pasteurized milk, salt, vegetarian enzyme)",dairy
contains 2% or less of: canola and extra virgin olive oils,none
cookies [sugar,none
"milk chocolate (sugar, whole milk powder, cocoa butter, unsweetened chocolate, soy lecithin- an emulsifier, vanilla)","dairy, soybeans"
natural flavors (includes coconut),none
and lemon juice concentrate,none
grade a reduced fat milk,dairy
"bbq seasoning (salt, spices, paprika, onion powder, garlic powder, red bell pepper, tomato powder) and sodium phosphates",none
black pepper citric acid,none
shallot silicon dioxide,none
"raisins (raisins, vegetable glycerin, vegetable oil [canola and/or sunflower oil])",none
hydrolyzed vegetable protein (soy),soybeans
"dough conditioners (distilled monoglycerides, calcium sulfate, ascorbic acid, enzymes)",none
calcium propionate (to retain freshness),none
2% or less of soybean oil,soybeans
"hummus crisp (pea flour, pea and/or potato starch, gram flour, pea and/or potato fiber, salt) sunflower oil",none
"hearts of palm pasta (hearts of palm, water, salt)",none
"kalamata olives (kalamata olives, water, sea salt)",none
food colors annatto,none
"prepared mustard (mustard seed, turmeric, paprika, natural flavor)",mustard
wheat grains,"wheat, gluten"
"natural and artificial flavors (lemon, blue raspberry)",none
contains two percent or less of canola oil,none
"oil packet (rice bran oil, paprika extract)",none
potassium sorbate (preservative) and natural flavor,none
salt & microbial enzymes,none
"artificial colors (yellow #5, yellow #6)]",none
concentrated pineapple juice,none
100% pure grapeseed oil,none
organic black chia seed,none
organic vegetable oil (organic soybean oil and/or organic canola oil),soybeans
benzoic acid preservative,none
cracker meal (wheat flour),"wheat, gluten"
gelatin and potassium sorbate (to maintain freshness),none
with not more than 2% silicon dioxide to prevent caking,none
dried cream extract,dairy
"sauce (water, tomatoes, seasoning [sugar, salt, spices, onion powder, xanthan gum, garlic powder])",none
"sharp cheddar cheese (pasteurized milk, cheese cultures, salt, enzymes)",dairy
cracker: wheat flour,"wheat, gluten"
"spices (coriander, cumin, oregano)",none
"chipotle peppers in adobo sauce (chipotle peppers, water, tomato paste, vinegar, onions, salt, sugar, vegetable oil and spices)",none
dried red pepper,none
"semi-sweet chocolate gems (dark chocolate [sugar, chocolate liquor, cocoa butter, soy lecithin [an emulsifier], vanilla)",soybeans
"jarlsberg cheese (pasteurized part skim milk, rennet, salt, culture, powdered cellulose, starch blend added to prevent caking)",dairy
organic kale puree,none
dehydratedonion,none
"cilantro), chipotle vinaigrette (water",none
white wine vinegar (white wine vinegar diluted with water to 5% acidity and potassium bisulfite as preservative),none
salt sugar,none
sulfur dioxide (added for color retention and as a preservative),sulphur dioxide
"tortilla strips (corn masa flour, sunflower, canola and/or corn oil, salt, red 40, blue 1, blue 2)",none
"nisini]), hydrolyzed corn protein, monosodium glutamate, modified cornstarch, salt, disodium phosphate, annatto color, onion powder, potassium sorbate (preservative)",none
organic dried parsley,none
fresh organic lemongrass,none
dextrose anhydrous,none
buffalo style chicken breast strips with rib meat: boneless chicken breast with rib meat,none
cinnamon bark wholistic extract[tilde],none
contains less than 2% of the following: yeast,none
contains 2% or less of: raw cane sugar,none
vitamin a palmitate and vitamin d3,none
relish [ cucumbers,none
fractionated vegetable oil,none
madagascar vanilla extract,none
paprika],none
"organic caesar dressing (organic soybean oil, water, organic distilled vinegar, organic parmesan cheese [organic milk, culture, salt, enzymes], organic egg yolk, organic dijon mustard [organic apple cider vinegar, water, organic mustard seed, salt, organic spices], organic dried garlic, organic cane sugar, salt, organic lemon juice concentrate, organic black pepper, natural anchovy flavor, xanthan gum, organic mustard flour)","soybeans, dairy, eggs, mustard"
manganese,none
biodynamic raisins,none
ingredients: iowhey protein isolate,dairy
cinnamon & other spices,none
annatto color],none
blueberry lemon ingredients: water,none
beef patty: beef,none
roasted,none
"sea salt caramel base (condensed milk, corn syrup, water, caramelized sugar, sea salt, natural flavor)","dairy, lactose"
and organic yeast,none
cocoa butter unsweetened chocolate,none
"candy pieces {milk chocolate (sugar, cocoa butter, chocolate, skim milk, milk fat, lactose, salt, soy lecithin, natural flavor)","dairy, lactose, soybeans"
"cherries (cherries, water, sugar, citric acid, locust bean gum, carrageenan, natural flavors, red 40, blue 1)",none
turmeric (color)],none
chablis wine (with salt),none
freshness preserved by vitamin e (mixed tocopherols) and bht,none
"sausage-style crumbles: (filtered water, soy protein concentrate, structured vegetable protein [isolated soy protein, wheat gluten, wheat starch], seasoning [cane sugar, yeast extract, salt, spices, torula yeast, garlic powder, onion powder, citric acid, natural flavors], soybean oil, soy sauce (water, soybeans, salt, alcohol, wheat), methylcellulose, wheat gluten, malt extract, cellulose fiber, beet juice [color])","soybeans, wheat"
wheat flour bleached,"wheat, gluten"
"organic celery salt (salt, dehydrated celery)",celery
"cooked italian sausage (pork, water, salt, spices, flavorings, caramel color, sodium phosphates, yeast extract)",none
and ginseng extract,none
"salt), soy lecithin), yogurt covered cranberries (sugar, palm kernel oil, dried cranberries, nonfat yogurt powder [cultured whey, nonfat milk], cranberry powder, soy lecithin, lactic acid, natural flavor, salt, gum acacia, confectioner's glaze (shellac), corn syrup), roasted almonds (almonds, vegetable oil [canola, safflower and/or sunflower oil], salt)","dairy, soybeans, tree nuts"
char-broiled patties: water,none
"seasoning (salt, maltodextrin, autolyzed yeast extract, sugar, soy sauce [water, soy, wheat, salt], flavoring, calcium lactate, citric acid, dried chicken, lactic acid, pectin)","soybeans, wheat"
"tamari saucea (water, soybeansa , salt, vinegara )","soybeans, wheat"
organic ground chipotle,none
speckled butter beans,none
nonfat dried milk,dairy
"bread (whole wheat flour, water, cracked wheat, rolled oats, honey, wheat gluten, soybean oil, sea salt, cracked barley, cracked corn, cracked rye, cracked brown rice, cracked triticale, yeast, white distilled vinegar, soy lecithin, cracked hulled millet, cracked oats, cracked soy, cracked flax seeds, wheat flour, cultured wheat starch, enzymes, ascorbic acid [added as a dough conditioner], citric acid)","wheat, soybeans, gluten"
black truffle,none
"hydrolyzed vegetable protein (hydrolyzed soy protein, hydrolyed corn gluten, yeast extract, ammonium chloride, tartaric acid)",soybeans
"enzyme modified cheddar cheese (cheddar cheese [pasteurized milk, cheese cultures, salt, enzymes], water, disodium phosphate, sodium citrate)",dairy
certified organic cacao (theobroma cacao),none
potassium sorbate and citric acid (added as preservatives),none
japonica rice,none
contains 2% or less of: dehydrated tomato,none
"soy sauce (water, hydrolyzed soy protein, corn syrup, salt, caramel color)",soybeans
organic fair trade certified cocoa powder processed with alkali,none
"cheddar cheese sauce (cheddar cheese [milk, cheese culture, salt, enzymes], water, whey, canola oil, sodium phosphate, whey protein concentrate, nonfat milk, contains 2% or less of the following ingredients: salt, sodium alginate, lactic acid, preservative [sorbic acid], color [oleoresin paprika, apocarotenal])",dairy
"asiago cheese: (pasteurized milk, cheese cultures, salt and enzymes)",dairy
probiotic culture (bacillus coagulans gbi-30 6086),none
"cheddar cheese flavor (milk, whey, corn syrup, sugar, salt, cheese culture, sodium phosphate, enzymes)",dairy
organic orange sweet peppers,none
"soybean paste (wheat, salt, soybean)","wheat, soybeans"
citric acid to promote color retention,none
contains less than 2% of: molasses,none
"fudge swirl (sugar, water, cocoa, cornstarch, carrageenan, vanilla & natural flavor) natural vanilla flavor",none
lactic acid (acidity regulator),none
"roasted peanuts (peanuts, salt)",peanuts
and calcium stearate (free flow agent),none
"dark chocolate (chocolate liquor, sugar)",none
red color powder: dextrose,none
no other ingredients,none
5% or less of each of the following: spices,none
eggs wheat flour,"eggs, wheat"
and sodium propionate (preservatives),none
sweet potato powder,none
"feta cheese (part skim milk, cheese cultures, salt, enzymes)",dairy
"vitamin a (vitamin a palmitate, fish gelatin {emulsifier derived from cod, pollock, haddock, hake, cusk, flatfish and redfish})",fish
spice [includes mustard],mustard
fair trade organic black tea concentrate,none
"dill pickle seasoning (salt, dextrose, maltodextrin, autolyzed yeast extract, garlic powder, vinegar, spice, soybean oil (as a processing aid), citric acid, natural flavors, not more than 2% silicon dioxide added to prevent caking) and dextrose",soybeans
salt packet: salt,none
"organic chocolate (organic unsweetened chocolate, organic coconut sugar, organic cocoa butter)), guar gum, acacia gum, salt",none
kaffir lime,none
xantham gum,none
"marshmallows (sugar, modified corn starch, corn syrup, dextrose, gelatin, artificial flavor, yellow 5 & 6, blue 1, red 40)",none
natural flavor (contains milk),dairy
toasted onion flakes,none
"enzymes), canadian bacon water added made with pork sirloin hips (cured with water",none
"chocolate powder (natural cocoa powder, sugar, chocolate liquor, cocoa butter, soy lecithin, vanilla)","soybeans, dairy"
garlic and black pepper,none
"polydextrose; erythritol; maltitol; skimmed milk powder; cocoa butter; chocolate liquor; vegetable fat (palm oil, sunflower lecithin); full cream milk powder; hazelnut paste; hazelnut pieces; cocoa powder; milk fat; macadamia pieces; soy lecithin; pgpr; carrageenan; natural and artificial flavors; stevia extract","dairy, tree nuts, soybeans"
citric a id,none
butterfat (from concentrated butter),dairy
paprika oleoresin (color}),none
flaxseed protein,none
tellicherry pepper,none
"vegetable oil (corn, canola, sunflower and/or soybean)",soybeans
"butter-flavored shortening flake (palm oil, natural butter flavor and soy lecithin)",soybeans
vegetable oils (canola soy),soybeans
"tapioca syrup (tapioca starch, water)",none
"dough (whole wheat flour, filtered water, sugar, expeller pressed canola oil, salt)","wheat, gluten"
thiamine hcl (vit. b1),none
dried onion and carrot,none
and less than 2% of high oleic sunflower oil,none
"flavor), natural flavor, seasoning (hydrolyzed corn gluten",**gluten
ice cream: milkfat and nonfat milk,dairy
"sweetened dairy solids (sugar, milk solids, milk fat)",dairy
"cream cheese (pasteurized milk and cream, salt, carob bean gum, cheese culture)",dairy
"parmesan cheese (pasteurized cow's milk, cheese cultures, enzymes, salt)}",dairy
topping: organic pepitas (pumpkin seeds),none
"seasoning: (maltodextrin, flavor, enzyme modified butterfat)]",dairy
"brown sugar (sugar, molasses)",none
"cooked beans (pinto, kidney and black beans)",none
"dijon mustard (grain vinegar, water, mustard seed, salt, spices, turmeric [color])",mustard
red sweety pepp,none
"modified food stach (tapioca, corn)",none
"chicken (boneless skinless chicken breast meat with rib meat, water, isolated soy protein product [isolated soy protein, modified food starch, unmodified cornstarch, carrageenan with less than 2% soy lecithin], seasoning [potassium citrate, citric acid, sodium diacetate, vegetable oil], salt, sodium phosphates, carrageenan)",soybeans
vegetable oil(partially hydrogenated soybean oil),soybeans
white hibiscus,none
"confectionery coating (sugar, hydrogenated palm kernel oil, nonfat milk powder, soy lecithin, monoglycerides, titanium dioxide [color], artificial flavor)","dairy, soybeans"
"margerine (palm oil, fractioned palm oil, water, salt, mono and diglycerides, citric acid, sodium benzoate, tbhq, bht, bha as antioxidants, butter flavor, and beta-caroten as a coloring agent) and salt",dairy
mono & deglycerides,none
"2% or less of beef stock (concentrated beef stock, water, salt, natural flavors, canola oil, yeast extract, yeast flavor (wheat), sugar, vegetable stock (carrot juice, celery juice, onion juice), cocoa powder, spices)","wheat, gluten, celery"
"teriyaki sauce (sugar, water, soy sauce [water, soybeans, salt, sugar], modified food starch, prune concentrate juice, salted sake [salted rice wine], salt, lemon concentrate juice, onion powder, natural flavor, xanthan gum)",soybeans
potassium diacetate,none
organic sunflower seed kernels,**tree nuts
activated charcoal,none
"vanilla bean pudding (whole milk, cream, sugar, whole eggs, modified corn starch, vanilla bean paste [sugar, water, vanilla bean extract, vanilla bean specks, gum tragacanth], natural & artificial flavors, salt)","dairy, eggs"
"organic color (organic black carrot, organic blackcurrant extracts)",none
"anti-caking agents (cellulose, starch, dextrose, enzyme)",none
anticaking agent (silicon dioxide),none
di-sodium phosphates,none
thiamine mono- nitrate,none
chicken dark meat,none
"mayonnaise (soybean oil, whole eggs and egg yolks, vinegar, water, salt, sugar, lemon juice (from concentrate) and natural flavors)","eggs, soybeans"
dried beet,none
"(sugar, coconut oil, soybean oil, cocoa powder [processed with alkali], natural flavor, soy lecithin)",soybeans
"dark chocolate (organic sugar, chocolate liquor, cocoa butter, cocoa powder [dutch alkalized], sunflower lecithin)",**dairy
"(onion powder, autolyzed yeast extract, salt, chicken broth, modified corn starch, natural flavor)",none
"hydrolyzed vegetable protein (corn, wheat)","wheat, **gluten"
organic ground ginger,none
roasted red bell pepper,none
"artificial flavor (natural smoke flavor, caramel color, spices extractives)",none
contains 2% or less of cocoa (processed with alkali),none
"grain blend (whole triticale flour, whole spelt flour, whole rice flour, whole oat flour, whole rye flour, whole kamut flour, whole barley flour, whole millet flour, milled golden flax seed, quinoa flour)",**gluten
stone ground 100% whole wheat,"wheat, gluten"
may_contain black pepper,none
"hydrogenated vegetable oil (palm kernel, soybean)",soybeans
contains less than 1% of whey protein concentrate,dairy
"organic queso blanco cheese (cultured pasteurized organic milk, salt, animal enzymes)",dairy
"to preserve freshness (sodium benzoate, potassium sorbate)",none
strawberry & carrot juice concentrate sugar - citric acid (for tartness) and aroma,none
"dark chocolate-flavored maltitol coating (maltitol, chocolate liquor, cocoa butter, milk fat, soy lecithin, vanilla)","dairy, soybeans"
"contains 2% or less nacho cheese seasoning (salt, cheddar and romano cheese (cow's milk, cheese cultures, salt, enzymes), maltodextrin, buttermilk, whey, monosodium glutamate, dextrose, flavor, spice, sugar, sour cream (cream, cultures, lactic acid), yellow 6 lake, jalapeno pepper, citric acid, cultured nonfat milk, extractives of paprika, yellow 5 lake, lactic acid, red 40 lake)",dairy
fresh green beans,none
natural flavors {crab,**fish
gelatin dextrose,none
"rotisserie seasoning (salt, onion powder, yeast extract, sugar, garlic powder, spice extractive, natural flavoring (celery powder, sea salt), natural flavors (rosemary extract)",celery
organic chicken fat,none
"mango pickles (mango, sushi vinegar (sugar, rice vinegar, water, salt, citric acid, kelp extract (kelp extract, sugar alcohol, hydrogenated starch hydrolysates, alcohol, salt, xanthan gum)), clover honey, chili pepper)",none
fat free milk,dairy
daikon radish seeds,none
contains 2% or less of the following: silicon dioxide,none
salt and dextrose,none
dehydrated sweet potatoes,none
red wheat berries,**gluten
icing: powdered sugar [sugar,none
carrageenan and natural flavors,none
"contains 2% or less of each: leavening (baking soda, sodium aluminum phosphate)",none
whole wheat pastry flour,"wheat, gluten"
tilapia fillets,**fish
clementine juice concentrate,none
"dijon mustard (water, vinegar, mustard seed, salt, white wine, fruit pectin, citric acid, tartaric acid, sugar, spice)",mustard
"sunflower seeds (sunflower seeds, canola oil, salt)",tree nuts
sesame seed oil,sesame
"enriched bleached wheat flour (bleached wheat flour, niacin, reduced iron, thiamine mononitrate, riboflavin, folic acid)","wheat, gluten"
pasteurized grade a skim milk,dairy
"confetti sequins (sugar, cornstarch, rice flour, palm oil, gum arabic, xanthan gum, natural and artificial flavor, preservative [potassium sorbate], mono- and diglycerides, polysorbate 60, blue 1, red 40, yellow 5, yellow 6)",none
in shell pistachios and sea salt,tree nuts
unsalted tomato paste,none
"color (titanium dioxide, fd&c yellow #5, fd&c yellow #6, fd&c red #40, fd&c blue #1, fd&c blue #2)",none
2% or less of corn oil,none
"organic black cherry puree (organic black cherries, water, organic sugar, organic cherry flavor, pectin, organic lemon juice concentrate)",none
"gluten free flour (tapioca starch, brown rice flour)",none
"contains 24 or less of: soy sauce (water, soybeans, salt, sugar)",soybeans
tamari,soybeans
wholemeal freekeh flour,none
sodium benzoate and potassium sorbate as a preservative,none
sodium metabisulfite (preserves whiteness),"sulphur dioxide, sulphites"
-spices,none
riboflavin (vitamin b12),none
mustard seeds and asafoetida,mustard
and allspice,none
"seasoning (salt, maltodextrin, onion and garlic powders, sugar, yeast extract, corn starch, natural flavors, oleoresin turmeric [color], turmeric [color], spice)",none
pyridoxine (vitamin b6),none
"mustard (distilled vinegar mustard seed, water, salt, spices, turmeric, natural flavor)",mustard
organic pearled couscous (organic durum wheat semolina),"wheat, gluten"
"parmesan & romano cheese: (pasteurized part-skim cow's milk, cheese cultures, salt, enzymes)",dairy
"filling (butternut squash (squash, citric acid), ricotta (whey, whole milk, cream, vinegar), parmesan cheese (pasteurized cultured milk, salt, enzymes), bread crumbs (wheat flour, yeast, salt), heavy cream (cream), apple mostarda (quince, sugar, mustard flavor, citric acid, ascorbic acid), unsalted butter (cream), chicory root fiber, potato starch, vegetable fiber, 2% or less of amaretti cookies (sugar, apricot kernels, egg whites, corn flour, wheat flour, rice, wholemeal, leavening (sodium carbonate, ammonium carbonate), natural flavor), dehydrated potatoes, salt, natural flavors)","dairy, wheat, eggs, gluten"
chocolaty peanut butter bunnies {sugar,peanuts
italian seasoning,none
"monster cookie pieces (chocolate flavored sugar coated candies [sugar, cocoa, hydrogenated palm kernel oil, whey, colors added {blue 1, blue 1 lake, blue 2 lake, yellow 5, yellow 5 lake, yellow 6, yellow 6 lake, red 40, red 40 lake, titanium dioxide, caramel color}, nonfat milk, corn syrup, soy lecithin, wax, dextrin, artificial flavor], sugar, rolled oats, wheat flour, butter [cream, salt], coconut oil, cocoa processed with alkali, brown sugar, palm kernel oil, pasteurized eggs, water, butter oil, baking powder [sodium acid pyrophosphate, sodium bicarbonate, cornstarch, monocalcium phosphate], baking soda, salt, soy lecithin, natural flavor)","dairy, soybeans, wheat, eggs"
soy and wheat gluten,"soybeans, wheat, gluten"
contains 2% or less of guar gum,none
orgainc roasted garlic,none
"margarine (palm oil, salt, mono and diglycerides)",none
organic tomatillo puree,none
yeast extract and sodium phosphate,none
"tomato soup base (tomato powder, sugar, maltodextrin, potato flour, whey, salt, corn starch, corn syrup solids, sunflower oil, onion, spices, turmeric)",dairy
"margarine (non-hydrogenated canola oil, water, modified palm and palm kernel oils, salt, whey powder, monoglycerides, soya lecithin, potassium sorbate, artificial flavor vitamin a palmitate, vitamin d3, tran (yellow))","dairy, soybeans"
"lion's choice seasoning (salt, dextrose, paprika, yeast extract, sugar, dehydrated garlic, dehydrated onion, spice, contains 2% or less tricalcium phosphate [to prevent caking])",none
ingredients: beet,none
salt and artificial flavors,none
"mustard powder (distilled vinegar, mustard seed, salt, turmeric, maltodextrin, modified food starch and natural flavor)",mustard
"monocalcium phosphate), partially hydrogenated vegetable shortening (contains soybean oil) with emulsifier (mono- and diglycerides), dextrose, salt, egg yolk, natural and artificial flavor, calcium carbonate, corn starch, egg white, xanthan gum","eggs, soybeans"
"tomato puree(water, tomato paste)",none
tri-calcium phosphate+,none
"cheddar cheese sauce: (cheddar cheese [milk, cheese culture, salt, enzymes], water, whey, canola oil, sodium phosphate, salt, whey protein concentrate, contains less than 2% or less of each of the following: milk, skim milk, sodium alginate, lactic acid, sorbic acid [preservative], cheese culture, apocarotenal [color], enzymes)",dairy
desiccated coconut (contains sulfites),sulphites
creme fraiche (cultured pasteurized cream),dairy
pineapple juice syrup,none
"partially hydrogenated vegetable oil (soybean, cottonseed)",soybeans
rye flakes,none
palm and palm kernel oil with tbhq for freshness,none
organic amaranth],none
quinoa seeds,none
"filling (high fructose corn syrup, corn syrup, water, blueberry puree concentrate, sugar, glycerin, maltodextrin, sodium alginate, modified corn starch, citric acid, methylcellulose, monocalcium phosphate, xanthan gum, malic acid, natural and artificial flavors, red 40, blue 1)",none
crushed red peppers,none
"dark chocolate (sugar, chocolate [processed with alkali], cocoa butter, milkfat, soy lecithin [an emulsifier], vanilla)","dairy, soybeans"
cultured wheat flour and/or vinegar,gluten
"milk flavored confectionery topping (sugar, palm kernel oil, palm fat, whey, nonfat dry milk, lactose, cocoa [processed with alkali], soybean lecithin, natural vanilla flavor)","dairy, lactose, soybeans"
contains 2% or less of each of the following: baby oat flakes,none
less than 2% of: cellulose gum,none
mono- and diglycerides with bht and citric acid (preservatives),none
red grapefruit,none
organic yellow onion,none
5% or less of each of the following: wheat gluten,"wheat, gluten"
"natural toffee bits (granulated sugar, corn syrup and/or glucose syrup, butter [cream], water, palm oil, sea salt, vanilla paste [sugar, vanilla extract, vanilla bean specks, gum tragacanth (thickener)], soy lecithin)","dairy, soybeans"
natural flavor (contains coconut),none
onion and garlic powder,none
acidic sodium aluminum phosphate,none
"seasoning mix (sugar, garlic powder, salt, mushrooms powder, autolyzed yeast extract, dried spring onion flakes, pepper)",none
"fully cooked pork sausage patty (pork, water, salt, spices, dextrose, sugar)",none
organic vanilla pods+,none
mono- & diglycerides,none
champagne,none
"whole milk mozzarella (pasteurized milk, cheese culture, salt, enzymes)",dairy
"contains 2% or less: sour cream (cultured cream, enzyme)",dairy
"pasta (wheat flour, pasteurized eggs, durum wheat semolina, water)","wheat, eggs"
shredded mozzarella cheese - pasteurized part-skim milk,dairy
confectionery coating [sugar,none
"semisweet chocolate (sugar, chocolate liquor, cocoa butter, chocolate liquor processed with alkali, whole milk powder, butteroil, soy lecithin, artificial flavor)","dairy, soybeans"
"sesame sticks (unbleached wheat flour [contains malted barley flour as an enzyme additive], soybean oil, sesame seeds, bulgur wheat, salt, beet powder [color], turmeric [color], garlic sesame sticks (unbleached wheat flour [contains malted barley flour as an enzyme additive), soybean oil], sesame seeds bulgur wheat, salt, garlic powder beet powder [color], turmeric [color])","wheat, soybeans, sesame"
"beef type flavor (beef flavor, maltodextrin, tricalcium phosphate)",none
"chicken base (roasted chicken meat, salt, chicken fat, dextrose, sugar, natural (flavoring, chicken broth, turmeric), salt, curry powder, spices, white pepper",none
organic decaffeinated freeze dried coffee,none
natural cranberry flavor,none
contains 2% or less than the following: sodium caseinate (a milk derivative),dairy
lime juice],none
spirulina extract and turmeric oleoresin (colors),none
silicon,none
natural flavor enzymes,none
"water and binder product (beef, water, cooking wine [salt, potassium sorbate, rice flavor {ethyl alcohol, water, flavors} added], turbinado sugar, less than 2% of: soy sauce [water, wheat, soybeans, salt], modified tapioca starch, soybean oil, sodium phosphate, whey protein concentrate, carrageenan, sodium citrate)","soybeans, wheat, dairy"
"salt), carob bean gum and guar gum",none
spirulina and turmeric (for color),none
natural cilantro type flavor,none
"seasoning (sugar, brown sugar, maltodextrin, fructose, molasses solids, spices, natural flavors, hydrogenated palm oil, citric acid, sunflower oil, palm oil, white distilled vinegar powder, extractives of paprika, yeast extract, salt, chili pepper, garlic powder, natural smoke flavor, maple syrup solids)",none
gluten-free vinegar,none
sponge berry ingredients: cultured pasteurized grade a low fat milk,dairy
"cheddar cheese (pasteurized milk, cheese cultures, salt, enzymes, beta-carotene [color])",dairy
freshness preserved by bht,none
less than 2% of distilled vinegar,none
"protein blend (pea crisps [pea protein, rice starch], pea protein isolate)",none
gum blend [maltodextrin,none
apple pectin & fiber xanthan gum,none
less than 2%: red pepper,none
organic yellow lentil flour,none
coated matzo: wheat flour,wheat
"flour (unbleached wheat flour, malted barley flour, niacin, reduced iron, thiamin mononitrate, riboflavin, folic acid)",wheat
"enzymes (wheat flour, enzymes)",wheat
"bread crumbs (wheat flour, less than 2% of each of the following: dextrose, yeast, salt)",wheat
and quinine,none
contains 2% or less of each of the following whey (milk),dairy
edta (to protect flavor),none
"sweet pickles (cucumber, fructose and/or cane sugar, water, vinegar, salt, sodium benzoate and potassium sorbate added as preservatives, xanthan gum, polysorbate 80, natural flavorings, turmeric and alum)",none
wildflower honey,none
contains less than 2% of the following: sodium citrate,none
spices (including coriander),none
kadota figs,none
"vegetable gum (cellulose, psyllium)",none
"cheese manicotti (filling: ricotta cheese [milk, whey, cream, vinegar, xanthan gum, locust bean gum, guar gum], milk, light cream, low moisture part skim mozzarella cheese [cultured part skim milk, salt, enzymes], bread crumbs [wheat flour, dextrose, yeast, salt], parmesan cheese [cultured part skim milk, salt, enzymes], ricotta cheese [whey, milk, vinegar, salt, carrageenan, vitamin a palmitate], eggs, enriched wheat flour [wheat flour, niacin, reduced iron, thiamine mononitrate, riboflavin, folic acid, malted barley flour], romano cheese made from cow's milk [cultured milk, salt, enzymes], water, modified cornstarch, salt, butter [cream, salt], romano cheese with flavor [romano cheese {cultured cow's milk, salt, enzymes}, enzyme modified romano cheese {romano cheese <cultured cow's milk, water, salt, enzymes>, salt}], spices, carrageenan, sodium alginate, dried garlic. pasta: semolina, water, eggs)","dairy, eggs, wheat"
"jalapeno peppers (jalapeno peppers, distilled vinegar, salt, garlic powder, calcium chloride, spices)",none
pork bellies,none
contains less than 2% of: yeast,none
"orange powder (orange juice, rice syrup solids)",none
"sauce (water, tamari soy sauce [water, soybeans, salt, sugar], chicken broth, apple juice concentrate, butter [cream, salt], cornstarch, rice wine vinegar, sugar, puree blend [carrot, celery, onion], red wine vinegar, salt, spices)","soybeans, dairy, celery"
"tamari sauce (water, soybeans, salt, vinegar)",soybeans
"almonds (almonds, cottonseed, peanut and/or canola oil, sea salt)","tree nuts, peanuts"
"cornstarch), coconut oil, cocoa processed with alkali, milkfat, soy lecithin (emulsifier), natural flavor], high fructose corn syrup, sweetcream buttermilk, whey, contains less than 2% of brown sugar, butter (cream","dairy, soybeans"
"m&m milk chocolate bits (milk chocolate {sugar, chocolate, skim milk, cocoa butter, lactose, milkfat, soy lecithin, salt, natural & artificial flavors}, sugar, coloring [blue 1 lake, red 40, yellow 6, yellow 5, blue 1, red 40 lake, yellow 6 lake, yellow 5 lake, blue 2 lake, blue 2], corn syrup, dextrin, cornstarch, carnauba wax)","dairy, lactose, soybeans"
"probiotic cultures (bifidobacterium, l. acidophilus, l. paracasei)",none
tea extract,none
"mandarin oranges (oranges, water, sugar, citric acid)",none
apple cider,none
skim milk modified corn starch,dairy
"milk chocolate confectionary coating (sugar, hydrogenated palm kernel oil whey powder, cocoa powder (processed with alkali), soy lecithin, vanillin (artificial flavor)","dairy, soybeans"
and nisin (added to maintain freshness),none
less than 2% of the following: c,none
"vegetable gums (guar, carrageenan, carob bean)",none
"sour cream blend (cultured cream, nonfat dry milk)",dairy
vegetable oil (may contain canola or soybean oil),**soybeans
"contains 2% or less of: leavening (glucono delta lactone, baking soda)",none
artificial color including yellow #5 lake,none
"enriched wheat flour (flour, niacin, iron, thiamin mononitrate, riboflavin, folic acid)","gluten, wheat"
contains 2% or less of onion,none
"pickled red peppers (red peppers, sea salt, citric acid)",none
red potato,none
natural flavors (non-dairy),none
"low-moisture part-skim mozzarella cheese (pasteurized part-skim milk, cheese cultures, salt, enzymes [microbial])",dairy
"cooked white sorghum (water, white sorghum)",none
"seasoning (tomato paste, natural flavor, sunflower oil)",none
"frosting (sugar, shorteniing (palm oil, canola oil, mono- and diglycerides, polysorbate 60), water, contains 2% or less of: corn syrup, corn starch, modified food starch, natural flavor, salt, preservative (rosemary extract, potassium sorbate), citric acid)",none
beta-carotene for color,none
"seed blend (flax, sunflower, hemp, chia) tapioca starch cassava flour organic sunflower oil organic onion green pepper organic garlic sea salt citrus flour jalapeno pepper rosemary extract (for freshness)",none
"parmigiano reggiano cheese (cow's milk, rennet, salt)",dairy
eden organic apple cider vinegar,none
salt yeast extract,none
"graham crumb (wheat flour, whole wheat/graham flour, sugar, palm and palm kernel oil, molasses, honey, salt, sodium bicarbonate)","gluten, wheat"
peanut and/or cottonseed oil,peanuts
"concentrated fruit juice (pineapple, mango peach)",none
contains 2% or less of each of the following: spice (cinnamon),none
dehydrated eggs,eggs
"enriched bleached flour (bleached wheat flour, niacin, iron, thiamine mononitrate, riboflavin, folic acid)","gluten, wheat"
organic tapioca flour,none
"buffalo style chicken breast caramel color added (chicken breast, water, less than 2% salt, sugar, vinegar, sodium phosphate, dextrose. browned in vegetable oil. coated with: spices, hot sauce [cayenne red pepper, vinegar, salt, garlic], salt, paprika, modified food starch, caramel color, maltodextrin)",none
"leavening (sodium bicarbonate, sodium aluminum phosphate, mono-calcium phosphate)",none
"(cayenne peppers, vinegar, garlic, salt) water",none
organic elderberry extract,none
cheese flavor,none
and sodium caseinate (milk),dairy
"dark chocolate peanuts w/sea salt (dark chocolate [sugar, chocolate liquor, cocoa butter, milk fat, soy lecithin - an emulsifier,natural vanilla flavor)","peanuts, dairy, soybeans"
"romano and parmesan cheese (part skim milk, cheese cultures, salt, enzymes)",dairy
contains 2% or less of each of the following: salt,none
"chicken flavoring (yeast extract, natural flavor, chicken meat, salt, maltodextrin, gelatin, whey powder, egg yolk powder, milk powder)","dairy, eggs"
natural sharp cheddar flavor,**dairy
"egg noodles (durum semolina, durum flour, eggs,[enriched with iron (ferrous sulfate) and b vitamins (niacin, thiamin mononitrate, riboflavin, folic acid)], dehydrated vegetables (carrots, potato, celery, peas), corn starch, sea salt, maltodextrin, dextrose, hydrolyzed corn and soy protein, dehydrated onion, sugar, rendered chicken fat, natural flavors, autolyzed yeast extract, parsley & cilantro flakes, spices disodium guanylate and disodium inosinate","eggs, celery, soybeans, wheat"
"artificial colours (tartrazine, sunset yellow, allura red)",none
"artificial colors (red 40, yellow 5, yellow 6, blue 1)",none
"oreo cookie pieces [unbleached enriched flour (wheat flour, niacin, reduced iron, thiamine mononitrate {vitamin b1}, riboflavin {vitamin b2}, folic acid)",wheat
lactic acid bacteria],none
contains less than 2% of each: silicon dioxide,none
vegetable oil (palm and/or palm kernel and/or canola and/or coconut oil),none
"cheese powder (cheddar cheese [milk, cultures, salt, enzymes], whey, reduced lactose whey, maltodextrin, salt, disodium phosphate, blue cheese [milk, cultures, salt, enzymes], nonfat milk, citric acid)",dairy
"vanilla caramel ribbon (sugar, water, cornstarch, natural flavors)",none
"cooked garbanzo beans (water, garbanzo beans, ascorbic acid [color retention])",none
"organic enriched wheat flour (organic wheat flour, niacin, iron, ascorbic acid, thiamine mononitrate, riboflavin, folic acid, microbial enzyme)",wheat
"gum blend (guar gum, locust bean gum and xanthan gum)]",none
"enriched bleached wheat flour (wheat flour, niacin, reduced iron, benzoyl peroxide, ascorbic acid added as a dough conditioner, thiamine mononitrate, riboflavin, alpha amylase, folic acid, chlorine)",wheat
"macaroni and cheese (blanched macaroni product [water, semolina, egg whites], skim milk, water, cheddar cheese [milk, cheese cultures, salt, enzymes, annatto color], cheddar club cheese [cheddar cheese {cultured milk, salt, enzymes}, water, salt, annatto color], soybean oil, 2% or less of bleached wheat flour, modified cornstarch, salt, potassium chloride, whey, mono- & diglycerides, whey protein concentrate, lactic acid, calcium lactate)","dairy, eggs, soybeans, wheat"
chamomile extract,none
natural and artificial flavors (milk),dairy
potassium sorbate and carbon dioxide (to maintain freshness),none
"artificial colors (yellow #5, red #40, yellow #6, blue #1)",none
"color (beta carotene, caramel)",none
"cherries (cherries, sugar, sunflower oil)",none
"contains 2% or less of dijon mustard (vinegar, water, mustard seed, white wine, salt, citric acid, tartaric acid, turmeric [color], spices)",mustard
"crispy beet strips (beet, enriched flour [wheat flour, niacin, reduced iron, thiamin mononitrate, riboflavin, folic acid], sunflower and/or safflower oil, seasoning [maltodextrin, salt, brown sugar, sugar, white distilled vinegar, beet powder [color], molasses powder, citric acid, malic acid, natural flavors])",wheat
"dried figs (figs, rice flour, dextrose)",none
ground bay leaf,none
natural beer flavor,none
flaxseed flour,none
green tea powder extract,none
disodium nosinate,none
preserved with sodium benzoate and potassium sorbate,none
grade a caltured pasteurized skim milk,dairy
"soy lecithin; dough conditioners (mono and diglycerides, sodium and/or calcium stearoyl lactylate, yeast nutrients (contains one or more of the following: monocalcium phosphate, potassium bromate, calcium sulfate, ammonium sulfate); calcium propionate (preservative), potassium sorbate (preservative)","soybeans, wheat"
"barley malt extract (barley malt, water)","gluten, wheat"
sodium citratem malic acid,none
"oregano seasoning (salt, modified food starch, extractives of origanum)",none
"carnauba wax) corn syrup, high fructose corn syruo, whole eggs spices, baking soda, ginger. salt, modified soy protein, titanium dioxide (color)","eggs, soybeans"
"yogurt (pasteurized skim milk, pasteurized cream, apples, cane sugar, madagascar bourbon vanilla, fruit pectin, cinnamon, nutmeg, live active cultures)",dairy
lowfat milk with vitamin a palmitate and vitamin d3 added,dairy
"color (fd&c yellow #5, yellow #6)",none
"color (caramel, yellow 5, yellow 6)",none
vitamin blend: iron (ferric orthophosphate),none
contains 2% or less of the following: vinegar,none
chili peppers and other spices,none
"banana peppers (banana peppers, water, vinegar, salt, calcium chloride [firming agent], 1/10 of 1% benzoate of soda [preservative], fd&c yellow #5, sodium bisulfite [color retainer])",sulphites
"chili seasoning (spices, sugar, salt, flavoring, paprika)",none
grilled yellow capsicum,none
vitamin a palmitate added],none
"enriched flour (bleached and unbleached wheat flour, malted barley, niacin, reduced iron, thiamine mononitrate, riboflavin, folic acid)",wheat
rennet whey,dairy
contains less than 2% of food starch modified,none
"enriched vermicelli (durum flour, niacin, ferrous sulfate, thiamin mononitrate, riboflavin, folic acid)",wheat
